date,store_id,product_id,closing_stock,units_received
2025-09-01,S01,P024,72,68
2025-09-01,S01,P025,27,0
2025-09-01,S01,P037,187,0
2025-09-01,S01,P041,35,0
2025-09-01,S01,P054,79,0
2025-09-01,S01,P057,67,55
2025-09-01,S01,P066,32,0
2025-09-01,S01,P074,28,0
2025-09-01,S01,P076,0,0
2025-09-01,S01,P082,0,0
2025-09-01,S01,P088,197,98
2025-09-01,S01,P099,35,42
2025-09-01,S01,P100,77,0
2025-09-01,S01,P112,302,0
2025-09-01,S01,P116,49,0
2025-09-01,S02,P024,43,0
2025-09-01,S02,P025,38,0
2025-09-01,S02,P037,123,0
2025-09-01,S02,P041,45,0
2025-09-01,S02,P054,86,0
2025-09-01,S02,P057,4,0
2025-09-01,S02,P066,31,0
2025-09-01,S02,P074,34,0
2025-09-01,S02,P076,53,0
2025-09-01,S02,P082,0,0
2025-09-01,S02,P088,135,0
2025-09-01,S02,P099,36,0
2025-09-01,S02,P100,6,0
2025-09-01,S02,P112,77,0
2025-09-01,S02,P116,38,0
2025-09-01,S05,P024,10,0
2025-09-01,S05,P025,10,0
2025-09-01,S05,P037,157,0
2025-09-01,S05,P041,52,0
2025-09-01,S05,P054,56,0
2025-09-01,S05,P057,348,0
2025-09-01,S05,P066,0,0
2025-09-01,S05,P074,118,0
2025-09-01,S05,P076,0,0
2025-09-01,S05,P082,30,0
2025-09-01,S05,P088,249,0
2025-09-01,S05,P099,0,0
2025-09-01,S05,P100,32,0
2025-09-01,S05,P112,244,0
2025-09-01,S05,P116,24,0
2025-09-01,S06,P024,28,0
2025-09-01,S06,P025,39,0
2025-09-01,S06,P037,6,0
2025-09-01,S06,P041,25,0
2025-09-01,S06,P054,2,0
2025-09-01,S06,P057,26,0
2025-09-01,S06,P066,0,0
2025-09-01,S06,P074,40,0
2025-09-01,S06,P076,383,0
2025-09-01,S06,P082,11,0
2025-09-01,S06,P088,20,0
2025-09-01,S06,P099,3,0
2025-09-01,S06,P100,24,0
2025-09-01,S06,P112,28,0
2025-09-01,S06,P116,79,0
2025-09-01,S08,P024,34,0
2025-09-01,S08,P025,2,0
2025-09-01,S08,P037,53,0
2025-09-01,S08,P041,145,0
2025-09-01,S08,P054,98,0
2025-09-01,S08,P057,4,0
2025-09-01,S08,P066,0,0
2025-09-01,S08,P074,29,0
2025-09-01,S08,P076,0,0
2025-09-01,S08,P082,0,0
2025-09-01,S08,P088,180,0
2025-09-01,S08,P099,25,0
2025-09-01,S08,P100,65,0
2025-09-01,S08,P112,172,0
2025-09-01,S08,P116,460,0
2025-09-02,S01,P024,70,0
2025-09-02,S01,P025,26,0
2025-09-02,S01,P037,186,0
2025-09-02,S01,P041,31,0
2025-09-02,S01,P054,76,0
2025-09-02,S01,P057,61,0
2025-09-02,S01,P066,28,0
2025-09-02,S01,P074,27,0
2025-09-02,S01,P076,157,176
2025-09-02,S01,P082,0,0
2025-09-02,S01,P088,195,0
2025-09-02,S01,P099,31,0
2025-09-02,S01,P100,74,0
2025-09-02,S01,P112,301,0
2025-09-02,S01,P116,42,0
2025-09-02,S02,P024,41,0
2025-09-02,S02,P025,38,0
2025-09-02,S02,P037,123,0
2025-09-02,S02,P041,45,0
2025-09-02,S02,P054,85,0
2025-09-02,S02,P057,2,0
2025-09-02,S02,P066,29,0
2025-09-02,S02,P074,31,0
2025-09-02,S02,P076,45,0
2025-09-02,S02,P082,0,0
2025-09-02,S02,P088,133,0
2025-09-02,S02,P099,34,0
2025-09-02,S02,P100,3,0
2025-09-02,S02,P112,75,0
2025-09-02,S02,P116,34,0
2025-09-02,S05,P024,4,0
2025-09-02,S05,P025,8,0
2025-09-02,S05,P037,152,0
2025-09-02,S05,P041,47,0
2025-09-02,S05,P054,53,0
2025-09-02,S05,P057,346,0
2025-09-02,S05,P066,0,0
2025-09-02,S05,P074,117,0
2025-09-02,S05,P076,0,0
2025-09-02,S05,P082,28,0
2025-09-02,S05,P088,244,0
2025-09-02,S05,P099,0,0
2025-09-02,S05,P100,32,0
2025-09-02,S05,P112,241,0
2025-09-02,S05,P116,16,0
2025-09-02,S06,P024,21,0
2025-09-02,S06,P025,38,0
2025-09-02,S06,P037,3,0
2025-09-02,S06,P041,24,0
2025-09-02,S06,P054,100,100
2025-09-02,S06,P057,25,0
2025-09-02,S06,P066,0,0
2025-09-02,S06,P074,36,0
2025-09-02,S06,P076,372,0
2025-09-02,S06,P082,9,0
2025-09-02,S06,P088,14,0
2025-09-02,S06,P099,0,0
2025-09-02,S06,P100,22,0
2025-09-02,S06,P112,26,0
2025-09-02,S06,P116,72,0
2025-09-02,S08,P024,23,0
2025-09-02,S08,P025,1,0
2025-09-02,S08,P037,50,0
2025-09-02,S08,P041,143,0
2025-09-02,S08,P054,93,0
2025-09-02,S08,P057,0,0
2025-09-02,S08,P066,0,0
2025-09-02,S08,P074,29,0
2025-09-02,S08,P076,0,0
2025-09-02,S08,P082,63,70
2025-09-02,S08,P088,280,101
2025-09-02,S08,P099,20,0
2025-09-02,S08,P100,61,0
2025-09-02,S08,P112,168,0
2025-09-02,S08,P116,449,0
2025-09-03,S01,P024,68,0
2025-09-03,S01,P025,125,100
2025-09-03,S01,P037,182,0
2025-09-03,S01,P041,29,0
2025-09-03,S01,P054,68,0
2025-09-03,S01,P057,56,0
2025-09-03,S01,P066,25,0
2025-09-03,S01,P074,26,0
2025-09-03,S01,P076,139,0
2025-09-03,S01,P082,0,0
2025-09-03,S01,P088,193,0
2025-09-03,S01,P099,27,0
2025-09-03,S01,P100,72,0
2025-09-03,S01,P112,296,0
2025-09-03,S01,P116,33,0
2025-09-03,S02,P024,37,0
2025-09-03,S02,P025,35,0
2025-09-03,S02,P037,121,0
2025-09-03,S02,P041,42,0
2025-09-03,S02,P054,80,0
2025-09-03,S02,P057,0,0
2025-09-03,S02,P066,28,0
2025-09-03,S02,P074,28,0
2025-09-03,S02,P076,37,0
2025-09-03,S02,P082,0,0
2025-09-03,S02,P088,132,0
2025-09-03,S02,P099,33,0
2025-09-03,S02,P100,100,100
2025-09-03,S02,P112,70,0
2025-09-03,S02,P116,29,0
2025-09-03,S05,P024,0,0
2025-09-03,S05,P025,6,0
2025-09-03,S05,P037,145,0
2025-09-03,S05,P041,43,0
2025-09-03,S05,P054,51,0
2025-09-03,S05,P057,336,0
2025-09-03,S05,P066,19,22
2025-09-03,S05,P074,112,0
2025-09-03,S05,P076,104,127
2025-09-03,S05,P082,57,31
2025-09-03,S05,P088,237,0
2025-09-03,S05,P099,36,41
2025-09-03,S05,P100,30,0
2025-09-03,S05,P112,240,0
2025-09-03,S05,P116,9,0
2025-09-03,S06,P024,20,0
2025-09-03,S06,P025,37,0
2025-09-03,S06,P037,60,60
2025-09-03,S06,P041,19,0
2025-09-03,S06,P054,99,0
2025-09-03,S06,P057,23,0
2025-09-03,S06,P066,0,0
2025-09-03,S06,P074,35,0
2025-09-03,S06,P076,362,0
2025-09-03,S06,P082,7,0
2025-09-03,S06,P088,12,0
2025-09-03,S06,P099,0,0
2025-09-03,S06,P100,21,0
2025-09-03,S06,P112,23,0
2025-09-03,S06,P116,66,0
2025-09-03,S08,P024,16,0
2025-09-03,S08,P025,96,100
2025-09-03,S08,P037,43,0
2025-09-03,S08,P041,137,0
2025-09-03,S08,P054,90,0
2025-09-03,S08,P057,0,0
2025-09-03,S08,P066,0,0
2025-09-03,S08,P074,26,0
2025-09-03,S08,P076,0,0
2025-09-03,S08,P082,58,0
2025-09-03,S08,P088,273,0
2025-09-03,S08,P099,18,0
2025-09-03,S08,P100,56,0
2025-09-03,S08,P112,164,0
2025-09-03,S08,P116,444,0
2025-09-04,S01,P024,62,0
2025-09-04,S01,P025,124,0
2025-09-04,S01,P037,175,0
2025-09-04,S01,P041,23,0
2025-09-04,S01,P054,63,0
2025-09-04,S01,P057,47,0
2025-09-04,S01,P066,48,25
2025-09-04,S01,P074,23,0
2025-09-04,S01,P076,117,0
2025-09-04,S01,P082,0,0
2025-09-04,S01,P088,186,0
2025-09-04,S01,P099,23,0
2025-09-04,S01,P100,71,0
2025-09-04,S01,P112,293,0
2025-09-04,S01,P116,20,0
2025-09-04,S02,P024,36,0
2025-09-04,S02,P025,35,0
2025-09-04,S02,P037,121,0
2025-09-04,S02,P041,39,0
2025-09-04,S02,P054,79,0
2025-09-04,S02,P057,0,0
2025-09-04,S02,P066,25,0
2025-09-04,S02,P074,27,0
2025-09-04,S02,P076,33,0
2025-09-04,S02,P082,0,0
2025-09-04,S02,P088,130,0
2025-09-04,S02,P099,29,0
2025-09-04,S02,P100,97,0
2025-09-04,S02,P112,68,0
2025-09-04,S02,P116,26,0
2025-09-04,S05,P024,67,82
2025-09-04,S05,P025,5,0
2025-09-04,S05,P037,279,140
2025-09-04,S05,P041,41,0
2025-09-04,S05,P054,49,0
2025-09-04,S05,P057,329,0
2025-09-04,S05,P066,18,0
2025-09-04,S05,P074,110,0
2025-09-04,S05,P076,91,0
2025-09-04,S05,P082,54,0
2025-09-04,S05,P088,235,0
2025-09-04,S05,P099,33,0
2025-09-04,S05,P100,29,0
2025-09-04,S05,P112,237,0
2025-09-04,S05,P116,4,0
2025-09-04,S06,P024,16,0
2025-09-04,S06,P025,35,0
2025-09-04,S06,P037,59,0
2025-09-04,S06,P041,19,0
2025-09-04,S06,P054,99,0
2025-09-04,S06,P057,21,0
2025-09-04,S06,P066,0,0
2025-09-04,S06,P074,34,0
2025-09-04,S06,P076,352,0
2025-09-04,S06,P082,5,0
2025-09-04,S06,P088,11,0
2025-09-04,S06,P099,0,0
2025-09-04,S06,P100,20,0
2025-09-04,S06,P112,21,0
2025-09-04,S06,P116,64,0
2025-09-04,S08,P024,5,0
2025-09-04,S08,P025,94,0
2025-09-04,S08,P037,37,0
2025-09-04,S08,P041,226,93
2025-09-04,S08,P054,88,0
2025-09-04,S08,P057,36,41
2025-09-04,S08,P066,20,28
2025-09-04,S08,P074,23,0
2025-09-04,S08,P076,0,0
2025-09-04,S08,P082,53,0
2025-09-04,S08,P088,269,0
2025-09-04,S08,P099,14,0
2025-09-04,S08,P100,52,0
2025-09-04,S08,P112,156,0
2025-09-04,S08,P116,431,0
2025-09-05,S01,P024,55,0
2025-09-05,S01,P025,123,0
2025-09-05,S01,P037,170,0
2025-09-05,S01,P041,18,0
2025-09-05,S01,P054,57,0
2025-09-05,S01,P057,41,0
2025-09-05,S01,P066,43,0
2025-09-05,S01,P074,20,0
2025-09-05,S01,P076,98,0
2025-09-05,S01,P082,0,0
2025-09-05,S01,P088,183,0
2025-09-05,S01,P099,19,0
2025-09-05,S01,P100,66,0
2025-09-05,S01,P112,287,0
2025-09-05,S01,P116,11,0
2025-09-05,S02,P024,28,0
2025-09-05,S02,P025,33,0
2025-09-05,S02,P037,118,0
2025-09-05,S02,P041,38,0
2025-09-05,S02,P054,78,0
2025-09-05,S02,P057,0,0
2025-09-05,S02,P066,23,0
2025-09-05,S02,P074,74,48
2025-09-05,S02,P076,25,0
2025-09-05,S02,P082,0,0
2025-09-05,S02,P088,127,0
2025-09-05,S02,P099,29,0
2025-09-05,S02,P100,97,0
2025-09-05,S02,P112,62,0
2025-09-05,S02,P116,22,0
2025-09-05,S05,P024,52,0
2025-09-05,S05,P025,5,0
2025-09-05,S05,P037,270,0
2025-09-05,S05,P041,34,0
2025-09-05,S05,P054,46,0
2025-09-05,S05,P057,323,0
2025-09-05,S05,P066,15,0
2025-09-05,S05,P074,107,0
2025-09-05,S05,P076,77,0
2025-09-05,S05,P082,51,0
2025-09-05,S05,P088,230,0
2025-09-05,S05,P099,30,0
2025-09-05,S05,P100,28,0
2025-09-05,S05,P112,231,0
2025-09-05,S05,P116,0,0
2025-09-05,S06,P024,8,0
2025-09-05,S06,P025,32,0
2025-09-05,S06,P037,53,0
2025-09-05,S06,P041,15,0
2025-09-05,S06,P054,98,0
2025-09-05,S06,P057,19,0
2025-09-05,S06,P066,11,17
2025-09-05,S06,P074,32,0
2025-09-05,S06,P076,341,0
2025-09-05,S06,P082,0,0
2025-09-05,S06,P088,30,24
2025-09-05,S06,P099,0,0
2025-09-05,S06,P100,20,0
2025-09-05,S06,P112,119,100
2025-09-05,S06,P116,56,0
2025-09-05,S08,P024,0,0
2025-09-05,S08,P025,94,0
2025-09-05,S08,P037,34,0
2025-09-05,S08,P041,222,0
2025-09-05,S08,P054,75,0
2025-09-05,S08,P057,35,0
2025-09-05,S08,P066,15,0
2025-09-05,S08,P074,15,0
2025-09-05,S08,P076,156,175
2025-09-05,S08,P082,49,0
2025-09-05,S08,P088,262,0
2025-09-05,S08,P099,9,0
2025-09-05,S08,P100,48,0
2025-09-05,S08,P112,150,0
2025-09-05,S08,P116,420,0
2025-09-06,S01,P024,44,0
2025-09-06,S01,P025,118,0
2025-09-06,S01,P037,165,0
2025-09-06,S01,P041,11,0
2025-09-06,S01,P054,53,0
2025-09-06,S01,P057,27,0
2025-09-06,S01,P066,42,0
2025-09-06,S01,P074,18,0
2025-09-06,S01,P076,78,0
2025-09-06,S01,P082,0,0
2025-09-06,S01,P088,178,0
2025-09-06,S01,P099,14,0
2025-09-06,S01,P100,63,0
2025-09-06,S01,P112,278,0
2025-09-06,S01,P116,0,0
2025-09-06,S02,P024,22,0
2025-09-06,S02,P025,30,0
2025-09-06,S02,P037,115,0
2025-09-06,S02,P041,37,0
2025-09-06,S02,P054,74,0
2025-09-06,S02,P057,0,0
2025-09-06,S02,P066,23,0
2025-09-06,S02,P074,73,0
2025-09-06,S02,P076,9,0
2025-09-06,S02,P082,0,0
2025-09-06,S02,P088,123,0
2025-09-06,S02,P099,25,0
2025-09-06,S02,P100,95,0
2025-09-06,S02,P112,60,0
2025-09-06,S02,P116,18,0
2025-09-06,S05,P024,43,0
2025-09-06,S05,P025,3,0
2025-09-06,S05,P037,262,0
2025-09-06,S05,P041,25,0
2025-09-06,S05,P054,39,0
2025-09-06,S05,P057,310,0
2025-09-06,S05,P066,10,0
2025-09-06,S05,P074,104,0
2025-09-06,S05,P076,66,0
2025-09-06,S05,P082,45,0
2025-09-06,S05,P088,216,0
2025-09-06,S05,P099,26,0
2025-09-06,S05,P100,25,0
2025-09-06,S05,P112,223,0
2025-09-06,S05,P116,0,0
2025-09-06,S06,P024,5,0
2025-09-06,S06,P025,31,0
2025-09-06,S06,P037,50,0
2025-09-06,S06,P041,11,0
2025-09-06,S06,P054,98,0
2025-09-06,S06,P057,16,0
2025-09-06,S06,P066,10,0
2025-09-06,S06,P074,28,0
2025-09-06,S06,P076,329,0
2025-09-06,S06,P082,0,0
2025-09-06,S06,P088,22,0
2025-09-06,S06,P099,0,0
2025-09-06,S06,P100,20,0
2025-09-06,S06,P112,115,0
2025-09-06,S06,P116,48,0
2025-09-06,S08,P024,0,0
2025-09-06,S08,P025,92,0
2025-09-06,S08,P037,30,0
2025-09-06,S08,P041,220,0
2025-09-06,S08,P054,65,0
2025-09-06,S08,P057,33,0
2025-09-06,S08,P066,9,0
2025-09-06,S08,P074,9,0
2025-09-06,S08,P076,131,0
2025-09-06,S08,P082,42,0
2025-09-06,S08,P088,258,0
2025-09-06,S08,P099,2,0
2025-09-06,S08,P100,46,0
2025-09-06,S08,P112,133,0
2025-09-06,S08,P116,405,0
2025-09-07,S01,P024,37,0
2025-09-07,S01,P025,114,0
2025-09-07,S01,P037,154,0
2025-09-07,S01,P041,7,0
2025-09-07,S01,P054,50,0
2025-09-07,S01,P057,19,0
2025-09-07,S01,P066,40,0
2025-09-07,S01,P074,16,0
2025-09-07,S01,P076,58,0
2025-09-07,S01,P082,0,0
2025-09-07,S01,P088,174,0
2025-09-07,S01,P099,5,0
2025-09-07,S01,P100,59,0
2025-09-07,S01,P112,272,0
2025-09-07,S01,P116,0,0
2025-09-07,S02,P024,7,0
2025-09-07,S02,P025,29,0
2025-09-07,S02,P037,109,0
2025-09-07,S02,P041,31,0
2025-09-07,S02,P054,71,0
2025-09-07,S02,P057,33,36
2025-09-07,S02,P066,22,0
2025-09-07,S02,P074,70,0
2025-09-07,S02,P076,0,0
2025-09-07,S02,P082,0,0
2025-09-07,S02,P088,188,67
2025-09-07,S02,P099,21,0
2025-09-07,S02,P100,90,0
2025-09-07,S02,P112,53,0
2025-09-07,S02,P116,14,0
2025-09-07,S05,P024,33,0
2025-09-07,S05,P025,0,0
2025-09-07,S05,P037,252,0
2025-09-07,S05,P041,22,0
2025-09-07,S05,P054,35,0
2025-09-07,S05,P057,304,0
2025-09-07,S05,P066,8,0
2025-09-07,S05,P074,98,0
2025-09-07,S05,P076,49,0
2025-09-07,S05,P082,40,0
2025-09-07,S05,P088,209,0
2025-09-07,S05,P099,19,0
2025-09-07,S05,P100,21,0
2025-09-07,S05,P112,211,0
2025-09-07,S05,P116,0,0
2025-09-07,S06,P024,0,0
2025-09-07,S06,P025,31,0
2025-09-07,S06,P037,47,0
2025-09-07,S06,P041,7,0
2025-09-07,S06,P054,98,0
2025-09-07,S06,P057,14,0
2025-09-07,S06,P066,7,0
2025-09-07,S06,P074,24,0
2025-09-07,S06,P076,318,0
2025-09-07,S06,P082,0,0
2025-09-07,S06,P088,19,0
2025-09-07,S06,P099,0,0
2025-09-07,S06,P100,19,0
2025-09-07,S06,P112,110,0
2025-09-07,S06,P116,44,0
2025-09-07,S08,P024,70,82
2025-09-07,S08,P025,88,0
2025-09-07,S08,P037,29,0
2025-09-07,S08,P041,213,0
2025-09-07,S08,P054,63,0
2025-09-07,S08,P057,28,0
2025-09-07,S08,P066,6,0
2025-09-07,S08,P074,7,0
2025-09-07,S08,P076,100,0
2025-09-07,S08,P082,37,0
2025-09-07,S08,P088,250,0
2025-09-07,S08,P099,0,0
2025-09-07,S08,P100,44,0
2025-09-07,S08,P112,281,158
2025-09-07,S08,P116,399,0
2025-09-08,S01,P024,31,0
2025-09-08,S01,P025,113,0
2025-09-08,S01,P037,152,0
2025-09-08,S01,P041,6,0
2025-09-08,S01,P054,45,0
2025-09-08,S01,P057,13,0
2025-09-08,S01,P066,40,0
2025-09-08,S01,P074,63,48
2025-09-08,S01,P076,39,0
2025-09-08,S01,P082,0,0
2025-09-08,S01,P088,172,0
2025-09-08,S01,P099,3,0
2025-09-08,S01,P100,56,0
2025-09-08,S01,P112,266,0
2025-09-08,S01,P116,0,0
2025-09-08,S02,P024,5,0
2025-09-08,S02,P025,28,0
2025-09-08,S02,P037,104,0
2025-09-08,S02,P041,29,0
2025-09-08,S02,P054,70,0
2025-09-08,S02,P057,32,0
2025-09-08,S02,P066,22,0
2025-09-08,S02,P074,69,0
2025-09-08,S02,P076,0,0
2025-09-08,S02,P082,0,0
2025-09-08,S02,P088,188,0
2025-09-08,S02,P099,20,0
2025-09-08,S02,P100,87,0
2025-09-08,S02,P112,50,0
2025-09-08,S02,P116,12,0
2025-09-08,S05,P024,22,0
2025-09-08,S05,P025,100,100
2025-09-08,S05,P037,244,0
2025-09-08,S05,P041,14,0
2025-09-08,S05,P054,32,0
2025-09-08,S05,P057,302,0
2025-09-08,S05,P066,4,0
2025-09-08,S05,P074,186,90
2025-09-08,S05,P076,33,0
2025-09-08,S05,P082,39,0
2025-09-08,S05,P088,206,0
2025-09-08,S05,P099,18,0
2025-09-08,S05,P100,21,0
2025-09-08,S05,P112,206,0
2025-09-08,S05,P116,0,0
2025-09-08,S06,P024,0,0
2025-09-08,S06,P025,29,0
2025-09-08,S06,P037,46,0
2025-09-08,S06,P041,5,0
2025-09-08,S06,P054,98,0
2025-09-08,S06,P057,13,0
2025-09-08,S06,P066,5,0
2025-09-08,S06,P074,21,0
2025-09-08,S06,P076,531,220
2025-09-08,S06,P082,0,0
2025-09-08,S06,P088,19,0
2025-09-08,S06,P099,0,0
2025-09-08,S06,P100,19,0
2025-09-08,S06,P112,107,0
2025-09-08,S06,P116,40,0
2025-09-08,S08,P024,65,0
2025-09-08,S08,P025,85,0
2025-09-08,S08,P037,21,0
2025-09-08,S08,P041,212,0
2025-09-08,S08,P054,58,0
2025-09-08,S08,P057,66,41
2025-09-08,S08,P066,5,0
2025-09-08,S08,P074,6,0
2025-09-08,S08,P076,86,0
2025-09-08,S08,P082,33,0
2025-09-08,S08,P088,248,0
2025-09-08,S08,P099,0,0
2025-09-08,S08,P100,42,0
2025-09-08,S08,P112,276,0
2025-09-08,S08,P116,387,0
2025-09-09,S01,P024,27,0
2025-09-09,S01,P025,109,0
2025-09-09,S01,P037,141,0
2025-09-09,S01,P041,3,0
2025-09-09,S01,P054,41,0
2025-09-09,S01,P057,63,55
2025-09-09,S01,P066,38,0
2025-09-09,S01,P074,59,0
2025-09-09,S01,P076,14,0
2025-09-09,S01,P082,0,0
2025-09-09,S01,P088,166,0
2025-09-09,S01,P099,0,0
2025-09-09,S01,P100,54,0
2025-09-09,S01,P112,263,0
2025-09-09,S01,P116,0,0
2025-09-09,S02,P024,0,0
2025-09-09,S02,P025,26,0
2025-09-09,S02,P037,100,0
2025-09-09,S02,P041,28,0
2025-09-09,S02,P054,66,0
2025-09-09,S02,P057,28,0
2025-09-09,S02,P066,20,0
2025-09-09,S02,P074,67,0
2025-09-09,S02,P076,73,79
2025-09-09,S02,P082,16,21
2025-09-09,S02,P088,186,0
2025-09-09,S02,P099,19,0
2025-09-09,S02,P100,87,0
2025-09-09,S02,P112,42,0
2025-09-09,S02,P116,6,0
2025-09-09,S05,P024,11,0
2025-09-09,S05,P025,100,0
2025-09-09,S05,P037,239,0
2025-09-09,S05,P041,7,0
2025-09-09,S05,P054,31,0
2025-09-09,S05,P057,298,0
2025-09-09,S05,P066,0,0
2025-09-09,S05,P074,183,0
2025-09-09,S05,P076,27,0
2025-09-09,S05,P082,33,0
2025-09-09,S05,P088,202,0
2025-09-09,S05,P099,18,0
2025-09-09,S05,P100,18,0
2025-09-09,S05,P112,195,0
2025-09-09,S05,P116,0,0
2025-09-09,S06,P024,0,0
2025-09-09,S06,P025,27,0
2025-09-09,S06,P037,44,0
2025-09-09,S06,P041,1,0
2025-09-09,S06,P054,98,0
2025-09-09,S06,P057,10,0
2025-09-09,S06,P066,4,0
2025-09-09,S06,P074,18,0
2025-09-09,S06,P076,527,0
2025-09-09,S06,P082,0,0
2025-09-09,S06,P088,16,0
2025-09-09,S06,P099,0,0
2025-09-09,S06,P100,17,0
2025-09-09,S06,P112,103,0
2025-09-09,S06,P116,36,0
2025-09-09,S08,P024,57,0
2025-09-09,S08,P025,84,0
2025-09-09,S08,P037,18,0
2025-09-09,S08,P041,212,0
2025-09-09,S08,P054,55,0
2025-09-09,S08,P057,61,0
2025-09-09,S08,P066,3,0
2025-09-09,S08,P074,0,0
2025-09-09,S08,P076,70,0
2025-09-09,S08,P082,27,0
2025-09-09,S08,P088,246,0
2025-09-09,S08,P099,0,0
2025-09-09,S08,P100,36,0
2025-09-09,S08,P112,273,0
2025-09-09,S08,P116,382,0
2025-09-10,S01,P024,23,0
2025-09-10,S01,P025,108,0
2025-09-10,S01,P037,135,0
2025-09-10,S01,P041,0,0
2025-09-10,S01,P054,36,0
2025-09-10,S01,P057,57,0
2025-09-10,S01,P066,37,0
2025-09-10,S01,P074,54,0
2025-09-10,S01,P076,1,0
2025-09-10,S01,P082,0,0
2025-09-10,S01,P088,163,0
2025-09-10,S01,P099,0,0
2025-09-10,S01,P100,49,0
2025-09-10,S01,P112,252,0
2025-09-10,S01,P116,93,100
2025-09-10,S02,P024,44,49
2025-09-10,S02,P025,26,0
2025-09-10,S02,P037,97,0
2025-09-10,S02,P041,27,0
2025-09-10,S02,P054,65,0
2025-09-10,S02,P057,24,0
2025-09-10,S02,P066,18,0
2025-09-10,S02,P074,64,0
2025-09-10,S02,P076,64,0
2025-09-10,S02,P082,33,21
2025-09-10,S02,P088,184,0
2025-09-10,S02,P099,54,36
2025-09-10,S02,P100,86,0
2025-09-10,S02,P112,38,0
2025-09-10,S02,P116,3,0
2025-09-10,S05,P024,3,0
2025-09-10,S05,P025,99,0
2025-09-10,S05,P037,233,0
2025-09-10,S05,P041,3,0
2025-09-10,S05,P054,31,0
2025-09-10,S05,P057,295,0
2025-09-10,S05,P066,0,0
2025-09-10,S05,P074,179,0
2025-09-10,S05,P076,14,0
2025-09-10,S05,P082,30,0
2025-09-10,S05,P088,318,125
2025-09-10,S05,P099,12,0
2025-09-10,S05,P100,16,0
2025-09-10,S05,P112,187,0
2025-09-10,S05,P116,0,0
2025-09-10,S06,P024,44,50
2025-09-10,S06,P025,27,0
2025-09-10,S06,P037,43,0
2025-09-10,S06,P041,0,0
2025-09-10,S06,P054,96,0
2025-09-10,S06,P057,9,0
2025-09-10,S06,P066,4,0
2025-09-10,S06,P074,18,0
2025-09-10,S06,P076,525,0
2025-09-10,S06,P082,0,0
2025-09-10,S06,P088,12,0
2025-09-10,S06,P099,0,0
2025-09-10,S06,P100,15,0
2025-09-10,S06,P112,95,0
2025-09-10,S06,P116,33,0
2025-09-10,S08,P024,47,0
2025-09-10,S08,P025,83,0
2025-09-10,S08,P037,70,60
2025-09-10,S08,P041,208,0
2025-09-10,S08,P054,53,0
2025-09-10,S08,P057,56,0
2025-09-10,S08,P066,2,0
2025-09-10,S08,P074,0,0
2025-09-10,S08,P076,43,0
2025-09-10,S08,P082,21,0
2025-09-10,S08,P088,243,0
2025-09-10,S08,P099,0,0
2025-09-10,S08,P100,33,0
2025-09-10,S08,P112,267,0
2025-09-10,S08,P116,380,0
2025-09-11,S01,P024,86,68
2025-09-11,S01,P025,105,0
2025-09-11,S01,P037,122,0
2025-09-11,S01,P041,0,0
2025-09-11,S01,P054,35,0
2025-09-11,S01,P057,52,0
2025-09-11,S01,P066,34,0
2025-09-11,S01,P074,51,0
2025-09-11,S01,P076,0,0
2025-09-11,S01,P082,0,0
2025-09-11,S01,P088,160,0
2025-09-11,S01,P099,0,0
2025-09-11,S01,P100,45,0
2025-09-11,S01,P112,250,0
2025-09-11,S01,P116,79,0
2025-09-11,S02,P024,34,0
2025-09-11,S02,P025,25,0
2025-09-11,S02,P037,96,0
2025-09-11,S02,P041,25,0
2025-09-11,S02,P054,64,0
2025-09-11,S02,P057,20,0
2025-09-11,S02,P066,17,0
2025-09-11,S02,P074,63,0
2025-09-11,S02,P076,56,0
2025-09-11,S02,P082,32,0
2025-09-11,S02,P088,184,0
2025-09-11,S02,P099,52,0
2025-09-11,S02,P100,85,0
2025-09-11,S02,P112,35,0
2025-09-11,S02,P116,0,0
2025-09-11,S05,P024,72,82
2025-09-11,S05,P025,97,0
2025-09-11,S05,P037,224,0
2025-09-11,S05,P041,0,0
2025-09-11,S05,P054,29,0
2025-09-11,S05,P057,288,0
2025-09-11,S05,P066,0,0
2025-09-11,S05,P074,173,0
2025-09-11,S05,P076,0,0
2025-09-11,S05,P082,25,0
2025-09-11,S05,P088,314,0
2025-09-11,S05,P099,7,0
2025-09-11,S05,P100,16,0
2025-09-11,S05,P112,181,0
2025-09-11,S05,P116,0,0
2025-09-11,S06,P024,40,0
2025-09-11,S06,P025,24,0
2025-09-11,S06,P037,38,0
2025-09-11,S06,P041,0,0
2025-09-11,S06,P054,94,0
2025-09-11,S06,P057,4,0
2025-09-11,S06,P066,1,0
2025-09-11,S06,P074,15,0
2025-09-11,S06,P076,516,0
2025-09-11,S06,P082,0,0
2025-09-11,S06,P088,10,0
2025-09-11,S06,P099,0,0
2025-09-11,S06,P100,14,0
2025-09-11,S06,P112,88,0
2025-09-11,S06,P116,28,0
2025-09-11,S08,P024,39,0
2025-09-11,S08,P025,83,0
2025-09-11,S08,P037,66,0
2025-09-11,S08,P041,204,0
2025-09-11,S08,P054,49,0
2025-09-11,S08,P057,48,0
2025-09-11,S08,P066,0,0
2025-09-11,S08,P074,0,0
2025-09-11,S08,P076,26,0
2025-09-11,S08,P082,52,35
2025-09-11,S08,P088,242,0
2025-09-11,S08,P099,0,0
2025-09-11,S08,P100,29,0
2025-09-11,S08,P112,261,0
2025-09-11,S08,P116,373,0
2025-09-12,S01,P024,76,0
2025-09-12,S01,P025,105,0
2025-09-12,S01,P037,252,136
2025-09-12,S01,P041,0,0
2025-09-12,S01,P054,31,0
2025-09-12,S01,P057,45,0
2025-09-12,S01,P066,27,0
2025-09-12,S01,P074,48,0
2025-09-12,S01,P076,0,0
2025-09-12,S01,P082,0,0
2025-09-12,S01,P088,152,0
2025-09-12,S01,P099,39,42
2025-09-12,S01,P100,37,0
2025-09-12,S01,P112,243,0
2025-09-12,S01,P116,72,0
2025-09-12,S02,P024,27,0
2025-09-12,S02,P025,23,0
2025-09-12,S02,P037,94,0
2025-09-12,S02,P041,23,0
2025-09-12,S02,P054,58,0
2025-09-12,S02,P057,15,0
2025-09-12,S02,P066,13,0
2025-09-12,S02,P074,63,0
2025-09-12,S02,P076,49,0
2025-09-12,S02,P082,30,0
2025-09-12,S02,P088,181,0
2025-09-12,S02,P099,46,0
2025-09-12,S02,P100,81,0
2025-09-12,S02,P112,31,0
2025-09-12,S02,P116,0,0
2025-09-12,S05,P024,62,0
2025-09-12,S05,P025,95,0
2025-09-12,S05,P037,213,0
2025-09-12,S05,P041,0,0
2025-09-12,S05,P054,29,0
2025-09-12,S05,P057,283,0
2025-09-12,S05,P066,0,0
2025-09-12,S05,P074,168,0
2025-09-12,S05,P076,0,0
2025-09-12,S05,P082,21,0
2025-09-12,S05,P088,310,0
2025-09-12,S05,P099,2,0
2025-09-12,S05,P100,11,0
2025-09-12,S05,P112,174,0
2025-09-12,S05,P116,93,100
2025-09-12,S06,P024,33,0
2025-09-12,S06,P025,23,0
2025-09-12,S06,P037,36,0
2025-09-12,S06,P041,0,0
2025-09-12,S06,P054,93,0
2025-09-12,S06,P057,3,0
2025-09-12,S06,P066,0,0
2025-09-12,S06,P074,11,0
2025-09-12,S06,P076,508,0
2025-09-12,S06,P082,19,23
2025-09-12,S06,P088,29,24
2025-09-12,S06,P099,0,0
2025-09-12,S06,P100,13,0
2025-09-12,S06,P112,83,0
2025-09-12,S06,P116,25,0
2025-09-12,S08,P024,27,0
2025-09-12,S08,P025,81,0
2025-09-12,S08,P037,58,0
2025-09-12,S08,P041,204,0
2025-09-12,S08,P054,41,0
2025-09-12,S08,P057,44,0
2025-09-12,S08,P066,0,0
2025-09-12,S08,P074,0,0
2025-09-12,S08,P076,0,0
2025-09-12,S08,P082,49,0
2025-09-12,S08,P088,241,0
2025-09-12,S08,P099,0,0
2025-09-12,S08,P100,28,0
2025-09-12,S08,P112,258,0
2025-09-12,S08,P116,364,0
2025-09-13,S01,P024,63,0
2025-09-13,S01,P025,102,0
2025-09-13,S01,P037,247,0
2025-09-13,S01,P041,0,0
2025-09-13,S01,P054,21,0
2025-09-13,S01,P057,35,0
2025-09-13,S01,P066,48,25
2025-09-13,S01,P074,45,0
2025-09-13,S01,P076,0,0
2025-09-13,S01,P082,0,0
2025-09-13,S01,P088,147,0
2025-09-13,S01,P099,31,0
2025-09-13,S01,P100,34,0
2025-09-13,S01,P112,235,0
2025-09-13,S01,P116,63,0
2025-09-13,S02,P024,19,0
2025-09-13,S02,P025,19,0
2025-09-13,S02,P037,90,0
2025-09-13,S02,P041,19,0
2025-09-13,S02,P054,54,0
2025-09-13,S02,P057,10,0
2025-09-13,S02,P066,26,15
2025-09-13,S02,P074,59,0
2025-09-13,S02,P076,38,0
2025-09-13,S02,P082,26,0
2025-09-13,S02,P088,179,0
2025-09-13,S02,P099,45,0
2025-09-13,S02,P100,80,0
2025-09-13,S02,P112,27,0
2025-09-13,S02,P116,93,100
2025-09-13,S05,P024,48,0
2025-09-13,S05,P025,93,0
2025-09-13,S05,P037,206,0
2025-09-13,S05,P041,0,0
2025-09-13,S05,P054,25,0
2025-09-13,S05,P057,270,0
2025-09-13,S05,P066,0,0
2025-09-13,S05,P074,162,0
2025-09-13,S05,P076,0,0
2025-09-13,S05,P082,15,0
2025-09-13,S05,P088,309,0
2025-09-13,S05,P099,0,0
2025-09-13,S05,P100,9,0
2025-09-13,S05,P112,167,0
2025-09-13,S05,P116,85,0
2025-09-13,S06,P024,27,0
2025-09-13,S06,P025,23,0
2025-09-13,S06,P037,31,0
2025-09-13,S06,P041,0,0
2025-09-13,S06,P054,90,0
2025-09-13,S06,P057,0,0
2025-09-13,S06,P066,0,0
2025-09-13,S06,P074,9,0
2025-09-13,S06,P076,489,0
2025-09-13,S06,P082,15,0
2025-09-13,S06,P088,26,0
2025-09-13,S06,P099,0,0
2025-09-13,S06,P100,9,0
2025-09-13,S06,P112,72,0
2025-09-13,S06,P116,20,0
2025-09-13,S08,P024,15,0
2025-09-13,S08,P025,80,0
2025-09-13,S08,P037,49,0
2025-09-13,S08,P041,202,0
2025-09-13,S08,P054,32,0
2025-09-13,S08,P057,39,0
2025-09-13,S08,P066,0,0
2025-09-13,S08,P074,42,48
2025-09-13,S08,P076,0,0
2025-09-13,S08,P082,44,0
2025-09-13,S08,P088,236,0
2025-09-13,S08,P099,0,0
2025-09-13,S08,P100,23,0
2025-09-13,S08,P112,247,0
2025-09-13,S08,P116,355,0
2025-09-14,S01,P024,49,0
2025-09-14,S01,P025,99,0
2025-09-14,S01,P037,237,0
2025-09-14,S01,P041,58,60
2025-09-14,S01,P054,114,100
2025-09-14,S01,P057,26,0
2025-09-14,S01,P066,46,0
2025-09-14,S01,P074,43,0
2025-09-14,S01,P076,149,176
2025-09-14,S01,P082,0,0
2025-09-14,S01,P088,139,0
2025-09-14,S01,P099,22,0
2025-09-14,S01,P100,31,0
2025-09-14,S01,P112,232,0
2025-09-14,S01,P116,54,0
2025-09-14,S02,P024,11,0
2025-09-14,S02,P025,16,0
2025-09-14,S02,P037,87,0
2025-09-14,S02,P041,14,0
2025-09-14,S02,P054,53,0
2025-09-14,S02,P057,6,0
2025-09-14,S02,P066,25,0
2025-09-14,S02,P074,56,0
2025-09-14,S02,P076,22,0
2025-09-14,S02,P082,23,0
2025-09-14,S02,P088,175,0
2025-09-14,S02,P099,41,0
2025-09-14,S02,P100,79,0
2025-09-14,S02,P112,23,0
2025-09-14,S02,P116,83,0
2025-09-14,S05,P024,34,0
2025-09-14,S05,P025,89,0
2025-09-14,S05,P037,200,0
2025-09-14,S05,P041,0,0
2025-09-14,S05,P054,21,0
2025-09-14,S05,P057,256,0
2025-09-14,S05,P066,0,0
2025-09-14,S05,P074,156,0
2025-09-14,S05,P076,0,0
2025-09-14,S05,P082,10,0
2025-09-14,S05,P088,305,0
2025-09-14,S05,P099,34,41
2025-09-14,S05,P100,6,0
2025-09-14,S05,P112,158,0
2025-09-14,S05,P116,70,0
2025-09-14,S06,P024,20,0
2025-09-14,S06,P025,23,0
2025-09-14,S06,P037,28,0
2025-09-14,S06,P041,0,0
2025-09-14,S06,P054,86,0
2025-09-14,S06,P057,0,0
2025-09-14,S06,P066,0,0
2025-09-14,S06,P074,8,0
2025-09-14,S06,P076,476,0
2025-09-14,S06,P082,11,0
2025-09-14,S06,P088,22,0
2025-09-14,S06,P099,0,0
2025-09-14,S06,P100,8,0
2025-09-14,S06,P112,66,0
2025-09-14,S06,P116,15,0
2025-09-14,S08,P024,3,0
2025-09-14,S08,P025,76,0
2025-09-14,S08,P037,43,0
2025-09-14,S08,P041,196,0
2025-09-14,S08,P054,29,0
2025-09-14,S08,P057,29,0
2025-09-14,S08,P066,0,0
2025-09-14,S08,P074,39,0
2025-09-14,S08,P076,0,0
2025-09-14,S08,P082,39,0
2025-09-14,S08,P088,229,0
2025-09-14,S08,P099,0,0
2025-09-14,S08,P100,120,100
2025-09-14,S08,P112,237,0
2025-09-14,S08,P116,337,0
2025-09-15,S01,P024,39,0
2025-09-15,S01,P025,96,0
2025-09-15,S01,P037,233,0
2025-09-15,S01,P041,54,0
2025-09-15,S01,P054,109,0
2025-09-15,S01,P057,22,0
2025-09-15,S01,P066,43,0
2025-09-15,S01,P074,42,0
2025-09-15,S01,P076,129,0
2025-09-15,S01,P082,35,40
2025-09-15,S01,P088,138,0
2025-09-15,S01,P099,20,0
2025-09-15,S01,P100,31,0
2025-09-15,S01,P112,222,0
2025-09-15,S01,P116,48,0
2025-09-15,S02,P024,3,0
2025-09-15,S02,P025,12,0
2025-09-15,S02,P037,84,0
2025-09-15,S02,P041,10,0
2025-09-15,S02,P054,50,0
2025-09-15,S02,P057,6,0
2025-09-15,S02,P066,25,0
2025-09-15,S02,P074,52,0
2025-09-15,S02,P076,17,0
2025-09-15,S02,P082,20,0
2025-09-15,S02,P088,172,0
2025-09-15,S02,P099,37,0
2025-09-15,S02,P100,78,0
2025-09-15,S02,P112,19,0
2025-09-15,S02,P116,80,0
2025-09-15,S05,P024,28,0
2025-09-15,S05,P025,87,0
2025-09-15,S05,P037,190,0
2025-09-15,S05,P041,0,0
2025-09-15,S05,P054,119,100
2025-09-15,S05,P057,251,0
2025-09-15,S05,P066,21,22
2025-09-15,S05,P074,153,0
2025-09-15,S05,P076,118,127
2025-09-15,S05,P082,6,0
2025-09-15,S05,P088,302,0
2025-09-15,S05,P099,32,0
2025-09-15,S05,P100,2,0
2025-09-15,S05,P112,149,0
2025-09-15,S05,P116,59,0
2025-09-15,S06,P024,10,0
2025-09-15,S06,P025,23,0
2025-09-15,S06,P037,26,0
2025-09-15,S06,P041,59,60
2025-09-15,S06,P054,85,0
2025-09-15,S06,P057,0,0
2025-09-15,S06,P066,0,0
2025-09-15,S06,P074,54,48
2025-09-15,S06,P076,470,0
2025-09-15,S06,P082,8,0
2025-09-15,S06,P088,21,0
2025-09-15,S06,P099,0,0
2025-09-15,S06,P100,8,0
2025-09-15,S06,P112,59,0
2025-09-15,S06,P116,10,0
2025-09-15,S08,P024,0,0
2025-09-15,S08,P025,73,0
2025-09-15,S08,P037,43,0
2025-09-15,S08,P041,189,0
2025-09-15,S08,P054,26,0
2025-09-15,S08,P057,26,0
2025-09-15,S08,P066,0,0
2025-09-15,S08,P074,37,0
2025-09-15,S08,P076,0,0
2025-09-15,S08,P082,36,0
2025-09-15,S08,P088,227,0
2025-09-15,S08,P099,0,0
2025-09-15,S08,P100,116,0
2025-09-15,S08,P112,231,0
2025-09-15,S08,P116,334,0
2025-09-16,S01,P024,36,0
2025-09-16,S01,P025,94,0
2025-09-16,S01,P037,230,0
2025-09-16,S01,P041,48,0
2025-09-16,S01,P054,102,0
2025-09-16,S01,P057,16,0
2025-09-16,S01,P066,43,0
2025-09-16,S01,P074,40,0
2025-09-16,S01,P076,113,0
2025-09-16,S01,P082,31,0
2025-09-16,S01,P088,131,0
2025-09-16,S01,P099,13,0
2025-09-16,S01,P100,31,0
2025-09-16,S01,P112,217,0
2025-09-16,S01,P116,44,0
2025-09-16,S02,P024,1,0
2025-09-16,S02,P025,12,0
2025-09-16,S02,P037,82,0
2025-09-16,S02,P041,8,0
2025-09-16,S02,P054,46,0
2025-09-16,S02,P057,4,0
2025-09-16,S02,P066,23,0
2025-09-16,S02,P074,51,0
2025-09-16,S02,P076,8,0
2025-09-16,S02,P082,16,0
2025-09-16,S02,P088,170,0
2025-09-16,S02,P099,36,0
2025-09-16,S02,P100,74,0
2025-09-16,S02,P112,14,0
2025-09-16,S02,P116,76,0
2025-09-16,S05,P024,23,0
2025-09-16,S05,P025,84,0
2025-09-16,S05,P037,187,0
2025-09-16,S05,P041,57,60
2025-09-16,S05,P054,115,0
2025-09-16,S05,P057,242,0
2025-09-16,S05,P066,21,0
2025-09-16,S05,P074,153,0
2025-09-16,S05,P076,107,0
2025-09-16,S05,P082,3,0
2025-09-16,S05,P088,295,0
2025-09-16,S05,P099,27,0
2025-09-16,S05,P100,1,0
2025-09-16,S05,P112,145,0
2025-09-16,S05,P116,53,0
2025-09-16,S06,P024,0,0
2025-09-16,S06,P025,21,0
2025-09-16,S06,P037,26,0
2025-09-16,S06,P041,57,0
2025-09-16,S06,P054,83,0
2025-09-16,S06,P057,34,36
2025-09-16,S06,P066,0,0
2025-09-16,S06,P074,54,0
2025-09-16,S06,P076,460,0
2025-09-16,S06,P082,3,0
2025-09-16,S06,P088,20,0
2025-09-16,S06,P099,0,0
2025-09-16,S06,P100,7,0
2025-09-16,S06,P112,56,0
2025-09-16,S06,P116,8,0
2025-09-16,S08,P024,0,0
2025-09-16,S08,P025,71,0
2025-09-16,S08,P037,35,0
2025-09-16,S08,P041,186,0
2025-09-16,S08,P054,23,0
2025-09-16,S08,P057,26,0
2025-09-16,S08,P066,25,28
2025-09-16,S08,P074,30,0
2025-09-16,S08,P076,0,0
2025-09-16,S08,P082,32,0
2025-09-16,S08,P088,226,0
2025-09-16,S08,P099,0,0
2025-09-16,S08,P100,114,0
2025-09-16,S08,P112,228,0
2025-09-16,S08,P116,328,0
2025-09-17,S01,P024,26,0
2025-09-17,S01,P025,91,0
2025-09-17,S01,P037,228,0
2025-09-17,S01,P041,44,0
2025-09-17,S01,P054,99,0
2025-09-17,S01,P057,67,55
2025-09-17,S01,P066,40,0
2025-09-17,S01,P074,37,0
2025-09-17,S01,P076,100,0
2025-09-17,S01,P082,27,0
2025-09-17,S01,P088,128,0
2025-09-17,S01,P099,8,0
2025-09-17,S01,P100,27,0
2025-09-17,S01,P112,212,0
2025-09-17,S01,P116,36,0
2025-09-17,S02,P024,49,49
2025-09-17,S02,P025,12,0
2025-09-17,S02,P037,80,0
2025-09-17,S02,P041,8,0
2025-09-17,S02,P054,44,0
2025-09-17,S02,P057,2,0
2025-09-17,S02,P066,23,0
2025-09-17,S02,P074,51,0
2025-09-17,S02,P076,3,0
2025-09-17,S02,P082,14,0
2025-09-17,S02,P088,167,0
2025-09-17,S02,P099,35,0
2025-09-17,S02,P100,72,0
2025-09-17,S02,P112,11,0
2025-09-17,S02,P116,71,0
2025-09-17,S05,P024,14,0
2025-09-17,S05,P025,84,0
2025-09-17,S05,P037,182,0
2025-09-17,S05,P041,53,0
2025-09-17,S05,P054,114,0
2025-09-17,S05,P057,234,0
2025-09-17,S05,P066,20,0
2025-09-17,S05,P074,148,0
2025-09-17,S05,P076,96,0
2025-09-17,S05,P082,30,31
2025-09-17,S05,P088,287,0
2025-09-17,S05,P099,19,0
2025-09-17,S05,P100,97,100
2025-09-17,S05,P112,141,0
2025-09-17,S05,P116,45,0
2025-09-17,S06,P024,0,0
2025-09-17,S06,P025,21,0
2025-09-17,S06,P037,25,0
2025-09-17,S06,P041,54,0
2025-09-17,S06,P054,78,0
2025-09-17,S06,P057,30,0
2025-09-17,S06,P066,0,0
2025-09-17,S06,P074,54,0
2025-09-17,S06,P076,452,0
2025-09-17,S06,P082,3,0
2025-09-17,S06,P088,18,0
2025-09-17,S06,P099,34,36
2025-09-17,S06,P100,5,0
2025-09-17,S06,P112,54,0
2025-09-17,S06,P116,3,0
2025-09-17,S08,P024,0,0
2025-09-17,S08,P025,68,0
2025-09-17,S08,P037,28,0
2025-09-17,S08,P041,184,0
2025-09-17,S08,P054,20,0
2025-09-17,S08,P057,24,0
2025-09-17,S08,P066,21,0
2025-09-17,S08,P074,26,0
2025-09-17,S08,P076,162,175
2025-09-17,S08,P082,30,0
2025-09-17,S08,P088,222,0
2025-09-17,S08,P099,0,0
2025-09-17,S08,P100,113,0
2025-09-17,S08,P112,222,0
2025-09-17,S08,P116,320,0
2025-09-18,S01,P024,19,0
2025-09-18,S01,P025,88,0
2025-09-18,S01,P037,223,0
2025-09-18,S01,P041,38,0
2025-09-18,S01,P054,98,0
2025-09-18,S01,P057,62,0
2025-09-18,S01,P066,38,0
2025-09-18,S01,P074,35,0
2025-09-18,S01,P076,81,0
2025-09-18,S01,P082,23,0
2025-09-18,S01,P088,123,0
2025-09-18,S01,P099,4,0
2025-09-18,S01,P100,23,0
2025-09-18,S01,P112,207,0
2025-09-18,S01,P116,31,0
2025-09-18,S02,P024,45,0
2025-09-18,S02,P025,112,100
2025-09-18,S02,P037,74,0
2025-09-18,S02,P041,6,0
2025-09-18,S02,P054,44,0
2025-09-18,S02,P057,0,0
2025-09-18,S02,P066,19,0
2025-09-18,S02,P074,49,0
2025-09-18,S02,P076,0,0
2025-09-18,S02,P082,12,0
2025-09-18,S02,P088,164,0
2025-09-18,S02,P099,31,0
2025-09-18,S02,P100,72,0
2025-09-18,S02,P112,10,0
2025-09-18,S02,P116,67,0
2025-09-18,S05,P024,86,82
2025-09-18,S05,P025,83,0
2025-09-18,S05,P037,180,0
2025-09-18,S05,P041,52,0
2025-09-18,S05,P054,108,0
2025-09-18,S05,P057,225,0
2025-09-18,S05,P066,20,0
2025-09-18,S05,P074,147,0
2025-09-18,S05,P076,84,0
2025-09-18,S05,P082,29,0
2025-09-18,S05,P088,281,0
2025-09-18,S05,P099,12,0
2025-09-18,S05,P100,94,0
2025-09-18,S05,P112,133,0
2025-09-18,S05,P116,39,0
2025-09-18,S06,P024,0,0
2025-09-18,S06,P025,20,0
2025-09-18,S06,P037,25,0
2025-09-18,S06,P041,51,0
2025-09-18,S06,P054,76,0
2025-09-18,S06,P057,26,0
2025-09-18,S06,P066,0,0
2025-09-18,S06,P074,49,0
2025-09-18,S06,P076,442,0
2025-09-18,S06,P082,23,23
2025-09-18,S06,P088,15,0
2025-09-18,S06,P099,29,0
2025-09-18,S06,P100,3,0
2025-09-18,S06,P112,51,0
2025-09-18,S06,P116,0,0
2025-09-18,S08,P024,72,82
2025-09-18,S08,P025,68,0
2025-09-18,S08,P037,23,0
2025-09-18,S08,P041,181,0
2025-09-18,S08,P054,13,0
2025-09-18,S08,P057,21,0
2025-09-18,S08,P066,20,0
2025-09-18,S08,P074,22,0
2025-09-18,S08,P076,140,0
2025-09-18,S08,P082,25,0
2025-09-18,S08,P088,218,0
2025-09-18,S08,P099,0,0
2025-09-18,S08,P100,113,0
2025-09-18,S08,P112,216,0
2025-09-18,S08,P116,311,0
2025-09-19,S01,P024,10,0
2025-09-19,S01,P025,82,0
2025-09-19,S01,P037,215,0
2025-09-19,S01,P041,37,0
2025-09-19,S01,P054,92,0
2025-09-19,S01,P057,58,0
2025-09-19,S01,P066,35,0
2025-09-19,S01,P074,32,0
2025-09-19,S01,P076,67,0
2025-09-19,S01,P082,18,0
2025-09-19,S01,P088,119,0
2025-09-19,S01,P099,0,0
2025-09-19,S01,P100,20,0
2025-09-19,S01,P112,200,0
2025-09-19,S01,P116,21,0
2025-09-19,S02,P024,43,0
2025-09-19,S02,P025,110,0
2025-09-19,S02,P037,72,0
2025-09-19,S02,P041,4,0
2025-09-19,S02,P054,42,0
2025-09-19,S02,P057,0,0
2025-09-19,S02,P066,18,0
2025-09-19,S02,P074,44,0
2025-09-19,S02,P076,74,79
2025-09-19,S02,P082,10,0
2025-09-19,S02,P088,161,0
2025-09-19,S02,P099,31,0
2025-09-19,S02,P100,68,0
2025-09-19,S02,P112,9,0
2025-09-19,S02,P116,65,0
2025-09-19,S05,P024,72,0
2025-09-19,S05,P025,79,0
2025-09-19,S05,P037,174,0
2025-09-19,S05,P041,48,0
2025-09-19,S05,P054,103,0
2025-09-19,S05,P057,219,0
2025-09-19,S05,P066,16,0
2025-09-19,S05,P074,143,0
2025-09-19,S05,P076,66,0
2025-09-19,S05,P082,24,0
2025-09-19,S05,P088,268,0
2025-09-19,S05,P099,7,0
2025-09-19,S05,P100,93,0
2025-09-19,S05,P112,127,0
2025-09-19,S05,P116,37,0
2025-09-19,S06,P024,0,0
2025-09-19,S06,P025,20,0
2025-09-19,S06,P037,19,0
2025-09-19,S06,P041,49,0
2025-09-19,S06,P054,74,0
2025-09-19,S06,P057,19,0
2025-09-19,S06,P066,0,0
2025-09-19,S06,P074,48,0
2025-09-19,S06,P076,434,0
2025-09-19,S06,P082,22,0
2025-09-19,S06,P088,11,0
2025-09-19,S06,P099,27,0
2025-09-19,S06,P100,0,0
2025-09-19,S06,P112,46,0
2025-09-19,S06,P116,0,0
2025-09-19,S08,P024,61,0
2025-09-19,S08,P025,65,0
2025-09-19,S08,P037,17,0
2025-09-19,S08,P041,177,0
2025-09-19,S08,P054,8,0
2025-09-19,S08,P057,56,41
2025-09-19,S08,P066,15,0
2025-09-19,S08,P074,13,0
2025-09-19,S08,P076,126,0
2025-09-19,S08,P082,23,0
2025-09-19,S08,P088,213,0
2025-09-19,S08,P099,37,42
2025-09-19,S08,P100,109,0
2025-09-19,S08,P112,210,0
2025-09-19,S08,P116,303,0
2025-09-20,S01,P024,65,68
2025-09-20,S01,P025,78,0
2025-09-20,S01,P037,210,0
2025-09-20,S01,P041,31,0
2025-09-20,S01,P054,85,0
2025-09-20,S01,P057,50,0
2025-09-20,S01,P066,31,0
2025-09-20,S01,P074,28,0
2025-09-20,S01,P076,38,0
2025-09-20,S01,P082,11,0
2025-09-20,S01,P088,113,0
2025-09-20,S01,P099,0,0
2025-09-20,S01,P100,16,0
2025-09-20,S01,P112,349,158
2025-09-20,S01,P116,13,0
2025-09-20,S02,P024,40,0
2025-09-20,S02,P025,105,0
2025-09-20,S02,P037,71,0
2025-09-20,S02,P041,0,0
2025-09-20,S02,P054,40,0
2025-09-20,S02,P057,0,0
2025-09-20,S02,P066,13,0
2025-09-20,S02,P074,42,0
2025-09-20,S02,P076,63,0
2025-09-20,S02,P082,4,0
2025-09-20,S02,P088,161,0
2025-09-20,S02,P099,27,0
2025-09-20,S02,P100,66,0
2025-09-20,S02,P112,6,0
2025-09-20,S02,P116,56,0
2025-09-20,S05,P024,52,0
2025-09-20,S05,P025,78,0
2025-09-20,S05,P037,161,0
2025-09-20,S05,P041,41,0
2025-09-20,S05,P054,102,0
2025-09-20,S05,P057,207,0
2025-09-20,S05,P066,11,0
2025-09-20,S05,P074,141,0
2025-09-20,S05,P076,47,0
2025-09-20,S05,P082,20,0
2025-09-20,S05,P088,260,0
2025-09-20,S05,P099,0,0
2025-09-20,S05,P100,90,0
2025-09-20,S05,P112,127,0
2025-09-20,S05,P116,18,0
2025-09-20,S06,P024,45,50
2025-09-20,S06,P025,20,0
2025-09-20,S06,P037,14,0
2025-09-20,S06,P041,47,0
2025-09-20,S06,P054,71,0
2025-09-20,S06,P057,14,0
2025-09-20,S06,P066,15,17
2025-09-20,S06,P074,47,0
2025-09-20,S06,P076,425,0
2025-09-20,S06,P082,20,0
2025-09-20,S06,P088,9,0
2025-09-20,S06,P099,24,0
2025-09-20,S06,P100,98,100
2025-09-20,S06,P112,41,0
2025-09-20,S06,P116,96,100
2025-09-20,S08,P024,56,0
2025-09-20,S08,P025,62,0
2025-09-20,S08,P037,12,0
2025-09-20,S08,P041,173,0
2025-09-20,S08,P054,100,100
2025-09-20,S08,P057,48,0
2025-09-20,S08,P066,11,0
2025-09-20,S08,P074,10,0
2025-09-20,S08,P076,95,0
2025-09-20,S08,P082,17,0
2025-09-20,S08,P088,210,0
2025-09-20,S08,P099,33,0
2025-09-20,S08,P100,104,0
2025-09-20,S08,P112,197,0
2025-09-20,S08,P116,291,0
2025-09-21,S01,P024,57,0
2025-09-21,S01,P025,75,0
2025-09-21,S01,P037,205,0
2025-09-21,S01,P041,28,0
2025-09-21,S01,P054,78,0
2025-09-21,S01,P057,42,0
2025-09-21,S01,P066,28,0
2025-09-21,S01,P074,27,0
2025-09-21,S01,P076,8,0
2025-09-21,S01,P082,6,0
2025-09-21,S01,P088,107,0
2025-09-21,S01,P099,0,0
2025-09-21,S01,P100,13,0
2025-09-21,S01,P112,337,0
2025-09-21,S01,P116,3,0
2025-09-21,S02,P024,36,0
2025-09-21,S02,P025,103,0
2025-09-21,S02,P037,69,0
2025-09-21,S02,P041,0,0
2025-09-21,S02,P054,37,0
2025-09-21,S02,P057,0,0
2025-09-21,S02,P066,13,0
2025-09-21,S02,P074,39,0
2025-09-21,S02,P076,55,0
2025-09-21,S02,P082,2,0
2025-09-21,S02,P088,156,0
2025-09-21,S02,P099,23,0
2025-09-21,S02,P100,64,0
2025-09-21,S02,P112,0,0
2025-09-21,S02,P116,51,0
2025-09-21,S05,P024,39,0
2025-09-21,S05,P025,76,0
2025-09-21,S05,P037,156,0
2025-09-21,S05,P041,35,0
2025-09-21,S05,P054,96,0
2025-09-21,S05,P057,202,0
2025-09-21,S05,P066,9,0
2025-09-21,S05,P074,134,0
2025-09-21,S05,P076,25,0
2025-09-21,S05,P082,14,0
2025-09-21,S05,P088,259,0
2025-09-21,S05,P099,0,0
2025-09-21,S05,P100,87,0
2025-09-21,S05,P112,121,0
2025-09-21,S05,P116,11,0
2025-09-21,S06,P024,35,0
2025-09-21,S06,P025,17,0
2025-09-21,S06,P037,73,60
2025-09-21,S06,P041,44,0
2025-09-21,S06,P054,69,0
2025-09-21,S06,P057,8,0
2025-09-21,S06,P066,12,0
2025-09-21,S06,P074,44,0
2025-09-21,S06,P076,414,0
2025-09-21,S06,P082,17,0
2025-09-21,S06,P088,4,0
2025-09-21,S06,P099,20,0
2025-09-21,S06,P100,95,0
2025-09-21,S06,P112,40,0
2025-09-21,S06,P116,92,0
2025-09-21,S08,P024,44,0
2025-09-21,S08,P025,61,0
2025-09-21,S08,P037,64,60
2025-09-21,S08,P041,171,0
2025-09-21,S08,P054,90,0
2025-09-21,S08,P057,44,0
2025-09-21,S08,P066,8,0
2025-09-21,S08,P074,49,48
2025-09-21,S08,P076,69,0
2025-09-21,S08,P082,11,0
2025-09-21,S08,P088,206,0
2025-09-21,S08,P099,31,0
2025-09-21,S08,P100,100,0
2025-09-21,S08,P112,187,0
2025-09-21,S08,P116,283,0
2025-09-22,S01,P024,50,0
2025-09-22,S01,P025,71,0
2025-09-22,S01,P037,200,0
2025-09-22,S01,P041,21,0
2025-09-22,S01,P054,76,0
2025-09-22,S01,P057,36,0
2025-09-22,S01,P066,27,0
2025-09-22,S01,P074,26,0
2025-09-22,S01,P076,0,0
2025-09-22,S01,P082,3,0
2025-09-22,S01,P088,100,0
2025-09-22,S01,P099,0,0
2025-09-22,S01,P100,10,0
2025-09-22,S01,P112,330,0
2025-09-22,S01,P116,0,0
2025-09-22,S02,P024,26,0
2025-09-22,S02,P025,102,0
2025-09-22,S02,P037,66,0
2025-09-22,S02,P041,56,60
2025-09-22,S02,P054,37,0
2025-09-22,S02,P057,0,0
2025-09-22,S02,P066,11,0
2025-09-22,S02,P074,38,0
2025-09-22,S02,P076,46,0
2025-09-22,S02,P082,0,0
2025-09-22,S02,P088,152,0
2025-09-22,S02,P099,22,0
2025-09-22,S02,P100,62,0
2025-09-22,S02,P112,0,0
2025-09-22,S02,P116,45,0
2025-09-22,S05,P024,33,0
2025-09-22,S05,P025,76,0
2025-09-22,S05,P037,146,0
2025-09-22,S05,P041,26,0
2025-09-22,S05,P054,94,0
2025-09-22,S05,P057,199,0
2025-09-22,S05,P066,6,0
2025-09-22,S05,P074,130,0
2025-09-22,S05,P076,10,0
2025-09-22,S05,P082,12,0
2025-09-22,S05,P088,257,0
2025-09-22,S05,P099,0,0
2025-09-22,S05,P100,83,0
2025-09-22,S05,P112,115,0
2025-09-22,S05,P116,4,0
2025-09-22,S06,P024,32,0
2025-09-22,S06,P025,16,0
2025-09-22,S06,P037,71,0
2025-09-22,S06,P041,43,0
2025-09-22,S06,P054,68,0
2025-09-22,S06,P057,8,0
2025-09-22,S06,P066,10,0
2025-09-22,S06,P074,43,0
2025-09-22,S06,P076,406,0
2025-09-22,S06,P082,15,0
2025-09-22,S06,P088,26,24
2025-09-22,S06,P099,18,0
2025-09-22,S06,P100,94,0
2025-09-22,S06,P112,38,0
2025-09-22,S06,P116,88,0
2025-09-22,S08,P024,36,0
2025-09-22,S08,P025,59,0
2025-09-22,S08,P037,63,0
2025-09-22,S08,P041,171,0
2025-09-22,S08,P054,86,0
2025-09-22,S08,P057,38,0
2025-09-22,S08,P066,6,0
2025-09-22,S08,P074,46,0
2025-09-22,S08,P076,51,0
2025-09-22,S08,P082,10,0
2025-09-22,S08,P088,199,0
2025-09-22,S08,P099,27,0
2025-09-22,S08,P100,98,0
2025-09-22,S08,P112,180,0
2025-09-22,S08,P116,278,0
2025-09-23,S01,P024,45,0
2025-09-23,S01,P025,70,0
2025-09-23,S01,P037,197,0
2025-09-23,S01,P041,14,0
2025-09-23,S01,P054,74,0
2025-09-23,S01,P057,33,0
2025-09-23,S01,P066,50,25
2025-09-23,S01,P074,23,0
2025-09-23,S01,P076,0,0
2025-09-23,S01,P082,0,0
2025-09-23,S01,P088,196,98
2025-09-23,S01,P099,0,0
2025-09-23,S01,P100,9,0
2025-09-23,S01,P112,326,0
2025-09-23,S01,P116,0,0
2025-09-23,S02,P024,21,0
2025-09-23,S02,P025,100,0
2025-09-23,S02,P037,64,0
2025-09-23,S02,P041,54,0
2025-09-23,S02,P054,35,0
2025-09-23,S02,P057,0,0
2025-09-23,S02,P066,25,15
2025-09-23,S02,P074,83,48
2025-09-23,S02,P076,38,0
2025-09-23,S02,P082,0,0
2025-09-23,S02,P088,148,0
2025-09-23,S02,P099,20,0
2025-09-23,S02,P100,60,0
2025-09-23,S02,P112,0,0
2025-09-23,S02,P116,43,0
2025-09-23,S05,P024,26,0
2025-09-23,S05,P025,75,0
2025-09-23,S05,P037,142,0
2025-09-23,S05,P041,18,0
2025-09-23,S05,P054,91,0
2025-09-23,S05,P057,192,0
2025-09-23,S05,P066,4,0
2025-09-23,S05,P074,123,0
2025-09-23,S05,P076,0,0
2025-09-23,S05,P082,9,0
2025-09-23,S05,P088,251,0
2025-09-23,S05,P099,0,0
2025-09-23,S05,P100,80,0
2025-09-23,S05,P112,112,0
2025-09-23,S05,P116,0,0
2025-09-23,S06,P024,30,0
2025-09-23,S06,P025,16,0
2025-09-23,S06,P037,68,0
2025-09-23,S06,P041,38,0
2025-09-23,S06,P054,67,0
2025-09-23,S06,P057,4,0
2025-09-23,S06,P066,9,0
2025-09-23,S06,P074,39,0
2025-09-23,S06,P076,393,0
2025-09-23,S06,P082,15,0
2025-09-23,S06,P088,24,0
2025-09-23,S06,P099,17,0
2025-09-23,S06,P100,94,0
2025-09-23,S06,P112,34,0
2025-09-23,S06,P116,83,0
2025-09-23,S08,P024,31,0
2025-09-23,S08,P025,56,0
2025-09-23,S08,P037,54,0
2025-09-23,S08,P041,166,0
2025-09-23,S08,P054,81,0
2025-09-23,S08,P057,35,0
2025-09-23,S08,P066,2,0
2025-09-23,S08,P074,45,0
2025-09-23,S08,P076,36,0
2025-09-23,S08,P082,9,0
2025-09-23,S08,P088,197,0
2025-09-23,S08,P099,25,0
2025-09-23,S08,P100,95,0
2025-09-23,S08,P112,173,0
2025-09-23,S08,P116,269,0
2025-09-24,S01,P024,42,0
2025-09-24,S01,P025,69,0
2025-09-24,S01,P037,196,0
2025-09-24,S01,P041,6,0
2025-09-24,S01,P054,71,0
2025-09-24,S01,P057,30,0
2025-09-24,S01,P066,50,0
2025-09-24,S01,P074,21,0
2025-09-24,S01,P076,0,0
2025-09-24,S01,P082,0,0
2025-09-24,S01,P088,194,0
2025-09-24,S01,P099,37,42
2025-09-24,S01,P100,8,0
2025-09-24,S01,P112,320,0
2025-09-24,S01,P116,0,0
2025-09-24,S02,P024,16,0
2025-09-24,S02,P025,99,0
2025-09-24,S02,P037,59,0
2025-09-24,S02,P041,51,0
2025-09-24,S02,P054,33,0
2025-09-24,S02,P057,0,0
2025-09-24,S02,P066,24,0
2025-09-24,S02,P074,83,0
2025-09-24,S02,P076,29,0
2025-09-24,S02,P082,0,0
2025-09-24,S02,P088,145,0
2025-09-24,S02,P099,17,0
2025-09-24,S02,P100,60,0
2025-09-24,S02,P112,97,100
2025-09-24,S02,P116,40,0
2025-09-24,S05,P024,20,0
2025-09-24,S05,P025,74,0
2025-09-24,S05,P037,138,0
2025-09-24,S05,P041,16,0
2025-09-24,S05,P054,88,0
2025-09-24,S05,P057,343,160
2025-09-24,S05,P066,1,0
2025-09-24,S05,P074,122,0
2025-09-24,S05,P076,0,0
2025-09-24,S05,P082,39,31
2025-09-24,S05,P088,244,0
2025-09-24,S05,P099,0,0
2025-09-24,S05,P100,79,0
2025-09-24,S05,P112,106,0
2025-09-24,S05,P116,0,0
2025-09-24,S06,P024,24,0
2025-09-24,S06,P025,16,0
2025-09-24,S06,P037,65,0
2025-09-24,S06,P041,36,0
2025-09-24,S06,P054,65,0
2025-09-24,S06,P057,0,0
2025-09-24,S06,P066,6,0
2025-09-24,S06,P074,37,0
2025-09-24,S06,P076,385,0
2025-09-24,S06,P082,12,0
2025-09-24,S06,P088,22,0
2025-09-24,S06,P099,9,0
2025-09-24,S06,P100,92,0
2025-09-24,S06,P112,31,0
2025-09-24,S06,P116,78,0
2025-09-24,S08,P024,23,0
2025-09-24,S08,P025,54,0
2025-09-24,S08,P037,49,0
2025-09-24,S08,P041,163,0
2025-09-24,S08,P054,76,0
2025-09-24,S08,P057,31,0
2025-09-24,S08,P066,0,0
2025-09-24,S08,P074,44,0
2025-09-24,S08,P076,15,0
2025-09-24,S08,P082,5,0
2025-09-24,S08,P088,195,0
2025-09-24,S08,P099,25,0
2025-09-24,S08,P100,94,0
2025-09-24,S08,P112,169,0
2025-09-24,S08,P116,265,0
2025-09-25,S01,P024,37,0
2025-09-25,S01,P025,65,0
2025-09-25,S01,P037,190,0
2025-09-25,S01,P041,5,0
2025-09-25,S01,P054,70,0
2025-09-25,S01,P057,78,55
2025-09-25,S01,P066,47,0
2025-09-25,S01,P074,16,0
2025-09-25,S01,P076,0,0
2025-09-25,S01,P082,0,0
2025-09-25,S01,P088,192,0
2025-09-25,S01,P099,28,0
2025-09-25,S01,P100,105,100
2025-09-25,S01,P112,305,0
2025-09-25,S01,P116,93,100
2025-09-25,S02,P024,13,0
2025-09-25,S02,P025,99,0
2025-09-25,S02,P037,135,78
2025-09-25,S02,P041,51,0
2025-09-25,S02,P054,29,0
2025-09-25,S02,P057,0,0
2025-09-25,S02,P066,21,0
2025-09-25,S02,P074,81,0
2025-09-25,S02,P076,19,0
2025-09-25,S02,P082,0,0
2025-09-25,S02,P088,142,0
2025-09-25,S02,P099,46,36
2025-09-25,S02,P100,58,0
2025-09-25,S02,P112,95,0
2025-09-25,S02,P116,38,0
2025-09-25,S05,P024,8,0
2025-09-25,S05,P025,70,0
2025-09-25,S05,P037,125,0
2025-09-25,S05,P041,12,0
2025-09-25,S05,P054,81,0
2025-09-25,S05,P057,335,0
2025-09-25,S05,P066,0,0
2025-09-25,S05,P074,121,0
2025-09-25,S05,P076,0,0
2025-09-25,S05,P082,36,0
2025-09-25,S05,P088,243,0
2025-09-25,S05,P099,35,41
2025-09-25,S05,P100,78,0
2025-09-25,S05,P112,103,0
2025-09-25,S05,P116,0,0
2025-09-25,S06,P024,18,0
2025-09-25,S06,P025,12,0
2025-09-25,S06,P037,62,0
2025-09-25,S06,P041,29,0
2025-09-25,S06,P054,64,0
2025-09-25,S06,P057,0,0
2025-09-25,S06,P066,3,0
2025-09-25,S06,P074,33,0
2025-09-25,S06,P076,378,0
2025-09-25,S06,P082,6,0
2025-09-25,S06,P088,21,0
2025-09-25,S06,P099,7,0
2025-09-25,S06,P100,87,0
2025-09-25,S06,P112,29,0
2025-09-25,S06,P116,73,0
2025-09-25,S08,P024,12,0
2025-09-25,S08,P025,53,0
2025-09-25,S08,P037,42,0
2025-09-25,S08,P041,160,0
2025-09-25,S08,P054,72,0
2025-09-25,S08,P057,28,0
2025-09-25,S08,P066,0,0
2025-09-25,S08,P074,42,0
2025-09-25,S08,P076,0,0
2025-09-25,S08,P082,38,35
2025-09-25,S08,P088,194,0
2025-09-25,S08,P099,19,0
2025-09-25,S08,P100,91,0
2025-09-25,S08,P112,165,0
2025-09-25,S08,P116,259,0
2025-09-26,S01,P024,25,0
2025-09-26,S01,P025,60,0
2025-09-26,S01,P037,180,0
2025-09-26,S01,P041,1,0
2025-09-26,S01,P054,65,0
2025-09-26,S01,P057,73,0
2025-09-26,S01,P066,45,0
2025-09-26,S01,P074,13,0
2025-09-26,S01,P076,155,176
2025-09-26,S01,P082,0,0
2025-09-26,S01,P088,187,0
2025-09-26,S01,P099,21,0
2025-09-26,S01,P100,102,0
2025-09-26,S01,P112,301,0
2025-09-26,S01,P116,86,0
2025-09-26,S02,P024,1,0
2025-09-26,S02,P025,99,0
2025-09-26,S02,P037,134,0
2025-09-26,S02,P041,46,0
2025-09-26,S02,P054,28,0
2025-09-26,S02,P057,0,0
2025-09-26,S02,P066,17,0
2025-09-26,S02,P074,78,0
2025-09-26,S02,P076,11,0
2025-09-26,S02,P082,0,0
2025-09-26,S02,P088,139,0
2025-09-26,S02,P099,43,0
2025-09-26,S02,P100,55,0
2025-09-26,S02,P112,90,0
2025-09-26,S02,P116,34,0
2025-09-26,S05,P024,83,82
2025-09-26,S05,P025,68,0
2025-09-26,S05,P037,120,0
2025-09-26,S05,P041,7,0
2025-09-26,S05,P054,78,0
2025-09-26,S05,P057,331,0
2025-09-26,S05,P066,0,0
2025-09-26,S05,P074,117,0
2025-09-26,S05,P076,0,0
2025-09-26,S05,P082,27,0
2025-09-26,S05,P088,242,0
2025-09-26,S05,P099,27,0
2025-09-26,S05,P100,74,0
2025-09-26,S05,P112,99,0
2025-09-26,S05,P116,0,0
2025-09-26,S06,P024,13,0
2025-09-26,S06,P025,12,0
2025-09-26,S06,P037,58,0
2025-09-26,S06,P041,27,0
2025-09-26,S06,P054,60,0
2025-09-26,S06,P057,0,0
2025-09-26,S06,P066,1,0
2025-09-26,S06,P074,32,0
2025-09-26,S06,P076,371,0
2025-09-26,S06,P082,4,0
2025-09-26,S06,P088,17,0
2025-09-26,S06,P099,4,0
2025-09-26,S06,P100,85,0
2025-09-26,S06,P112,28,0
2025-09-26,S06,P116,68,0
2025-09-26,S08,P024,1,0
2025-09-26,S08,P025,49,0
2025-09-26,S08,P037,36,0
2025-09-26,S08,P041,156,0
2025-09-26,S08,P054,66,0
2025-09-26,S08,P057,19,0
2025-09-26,S08,P066,0,0
2025-09-26,S08,P074,38,0
2025-09-26,S08,P076,0,0
2025-09-26,S08,P082,67,35
2025-09-26,S08,P088,192,0
2025-09-26,S08,P099,15,0
2025-09-26,S08,P100,87,0
2025-09-26,S08,P112,157,0
2025-09-26,S08,P116,250,0
2025-09-27,S01,P024,15,0
2025-09-27,S01,P025,57,0
2025-09-27,S01,P037,173,0
2025-09-27,S01,P041,0,0
2025-09-27,S01,P054,60,0
2025-09-27,S01,P057,64,0
2025-09-27,S01,P066,40,0
2025-09-27,S01,P074,11,0
2025-09-27,S01,P076,135,0
2025-09-27,S01,P082,0,0
2025-09-27,S01,P088,183,0
2025-09-27,S01,P099,17,0
2025-09-27,S01,P100,97,0
2025-09-27,S01,P112,292,0
2025-09-27,S01,P116,76,0
2025-09-27,S02,P024,40,49
2025-09-27,S02,P025,99,0
2025-09-27,S02,P037,131,0
2025-09-27,S02,P041,42,0
2025-09-27,S02,P054,25,0
2025-09-27,S02,P057,30,36
2025-09-27,S02,P066,17,0
2025-09-27,S02,P074,77,0
2025-09-27,S02,P076,4,0
2025-09-27,S02,P082,0,0
2025-09-27,S02,P088,137,0
2025-09-27,S02,P099,40,0
2025-09-27,S02,P100,52,0
2025-09-27,S02,P112,84,0
2025-09-27,S02,P116,32,0
2025-09-27,S05,P024,73,0
2025-09-27,S05,P025,64,0
2025-09-27,S05,P037,112,0
2025-09-27,S05,P041,0,0
2025-09-27,S05,P054,73,0
2025-09-27,S05,P057,323,0
2025-09-27,S05,P066,0,0
2025-09-27,S05,P074,115,0
2025-09-27,S05,P076,0,0
2025-09-27,S05,P082,22,0
2025-09-27,S05,P088,239,0
2025-09-27,S05,P099,18,0
2025-09-27,S05,P100,72,0
2025-09-27,S05,P112,229,136
2025-09-27,S05,P116,0,0
2025-09-27,S06,P024,4,0
2025-09-27,S06,P025,10,0
2025-09-27,S06,P037,55,0
2025-09-27,S06,P041,21,0
2025-09-27,S06,P054,55,0
2025-09-27,S06,P057,0,0
2025-09-27,S06,P066,0,0
2025-09-27,S06,P074,28,0
2025-09-27,S06,P076,362,0
2025-09-27,S06,P082,0,0
2025-09-27,S06,P088,11,0
2025-09-27,S06,P099,0,0
2025-09-27,S06,P100,82,0
2025-09-27,S06,P112,18,0
2025-09-27,S06,P116,62,0
2025-09-27,S08,P024,0,0
2025-09-27,S08,P025,48,0
2025-09-27,S08,P037,29,0
2025-09-27,S08,P041,147,0
2025-09-27,S08,P054,61,0
2025-09-27,S08,P057,18,0
2025-09-27,S08,P066,0,0
2025-09-27,S08,P074,30,0
2025-09-27,S08,P076,0,0
2025-09-27,S08,P082,57,0
2025-09-27,S08,P088,287,101
2025-09-27,S08,P099,8,0
2025-09-27,S08,P100,85,0
2025-09-27,S08,P112,145,0
2025-09-27,S08,P116,231,0
2025-09-28,S01,P024,69,68
2025-09-28,S01,P025,56,0
2025-09-28,S01,P037,167,0
2025-09-28,S01,P041,0,0
2025-09-28,S01,P054,59,0
2025-09-28,S01,P057,56,0
2025-09-28,S01,P066,35,0
2025-09-28,S01,P074,11,0
2025-09-28,S01,P076,107,0
2025-09-28,S01,P082,0,0
2025-09-28,S01,P088,177,0
2025-09-28,S01,P099,13,0
2025-09-28,S01,P100,95,0
2025-09-28,S01,P112,288,0
2025-09-28,S01,P116,64,0
2025-09-28,S02,P024,36,0
2025-09-28,S02,P025,98,0
2025-09-28,S02,P037,125,0
2025-09-28,S02,P041,36,0
2025-09-28,S02,P054,21,0
2025-09-28,S02,P057,25,0
2025-09-28,S02,P066,15,0
2025-09-28,S02,P074,76,0
2025-09-28,S02,P076,0,0
2025-09-28,S02,P082,0,0
2025-09-28,S02,P088,132,0
2025-09-28,S02,P099,35,0
2025-09-28,S02,P100,46,0
2025-09-28,S02,P112,77,0
2025-09-28,S02,P116,28,0
2025-09-28,S05,P024,58,0
2025-09-28,S05,P025,59,0
2025-09-28,S05,P037,107,0
2025-09-28,S05,P041,0,0
2025-09-28,S05,P054,70,0
2025-09-28,S05,P057,317,0
2025-09-28,S05,P066,0,0
2025-09-28,S05,P074,112,0
2025-09-28,S05,P076,0,0
2025-09-28,S05,P082,15,0
2025-09-28,S05,P088,358,125
2025-09-28,S05,P099,17,0
2025-09-28,S05,P100,69,0
2025-09-28,S05,P112,225,0
2025-09-28,S05,P116,0,0
2025-09-28,S06,P024,0,0
2025-09-28,S06,P025,109,100
2025-09-28,S06,P037,52,0
2025-09-28,S06,P041,20,0
2025-09-28,S06,P054,52,0
2025-09-28,S06,P057,0,0
2025-09-28,S06,P066,0,0
2025-09-28,S06,P074,25,0
2025-09-28,S06,P076,349,0
2025-09-28,S06,P082,0,0
2025-09-28,S06,P088,34,24
2025-09-28,S06,P099,0,0
2025-09-28,S06,P100,79,0
2025-09-28,S06,P112,111,100
2025-09-28,S06,P116,54,0
2025-09-28,S08,P024,0,0
2025-09-28,S08,P025,44,0
2025-09-28,S08,P037,27,0
2025-09-28,S08,P041,232,93
2025-09-28,S08,P054,54,0
2025-09-28,S08,P057,16,0
2025-09-28,S08,P066,0,0
2025-09-28,S08,P074,26,0
2025-09-28,S08,P076,0,0
2025-09-28,S08,P082,51,0
2025-09-28,S08,P088,284,0
2025-09-28,S08,P099,4,0
2025-09-28,S08,P100,80,0
2025-09-28,S08,P112,137,0
2025-09-28,S08,P116,213,0
2025-09-29,S01,P024,63,0
2025-09-29,S01,P025,53,0
2025-09-29,S01,P037,161,0
2025-09-29,S01,P041,0,0
2025-09-29,S01,P054,58,0
2025-09-29,S01,P057,51,0
2025-09-29,S01,P066,32,0
2025-09-29,S01,P074,7,0
2025-09-29,S01,P076,94,0
2025-09-29,S01,P082,36,40
2025-09-29,S01,P088,172,0
2025-09-29,S01,P099,10,0
2025-09-29,S01,P100,92,0
2025-09-29,S01,P112,282,0
2025-09-29,S01,P116,58,0
2025-09-29,S02,P024,33,0
2025-09-29,S02,P025,98,0
2025-09-29,S02,P037,124,0
2025-09-29,S02,P041,35,0
2025-09-29,S02,P054,19,0
2025-09-29,S02,P057,22,0
2025-09-29,S02,P066,14,0
2025-09-29,S02,P074,74,0
2025-09-29,S02,P076,68,79
2025-09-29,S02,P082,0,0
2025-09-29,S02,P088,130,0
2025-09-29,S02,P099,35,0
2025-09-29,S02,P100,44,0
2025-09-29,S02,P112,75,0
2025-09-29,S02,P116,23,0
2025-09-29,S05,P024,51,0
2025-09-29,S05,P025,57,0
2025-09-29,S05,P037,100,0
2025-09-29,S05,P041,0,0
2025-09-29,S05,P054,66,0
2025-09-29,S05,P057,312,0
2025-09-29,S05,P066,0,0
2025-09-29,S05,P074,108,0
2025-09-29,S05,P076,0,0
2025-09-29,S05,P082,11,0
2025-09-29,S05,P088,353,0
2025-09-29,S05,P099,13,0
2025-09-29,S05,P100,65,0
2025-09-29,S05,P112,220,0
2025-09-29,S05,P116,0,0
2025-09-29,S06,P024,0,0
2025-09-29,S06,P025,108,0
2025-09-29,S06,P037,49,0
2025-09-29,S06,P041,18,0
2025-09-29,S06,P054,50,0
2025-09-29,S06,P057,0,0
2025-09-29,S06,P066,0,0
2025-09-29,S06,P074,24,0
2025-09-29,S06,P076,344,0
2025-09-29,S06,P082,21,23
2025-09-29,S06,P088,33,0
2025-09-29,S06,P099,0,0
2025-09-29,S06,P100,76,0
2025-09-29,S06,P112,108,0
2025-09-29,S06,P116,50,0
2025-09-29,S08,P024,75,82
2025-09-29,S08,P025,42,0
2025-09-29,S08,P037,16,0
2025-09-29,S08,P041,229,0
2025-09-29,S08,P054,53,0
2025-09-29,S08,P057,55,41
2025-09-29,S08,P066,0,0
2025-09-29,S08,P074,23,0
2025-09-29,S08,P076,0,0
2025-09-29,S08,P082,48,0
2025-09-29,S08,P088,279,0
2025-09-29,S08,P099,0,0
2025-09-29,S08,P100,79,0
2025-09-29,S08,P112,124,0
2025-09-29,S08,P116,422,213
2025-09-30,S01,P024,59,0
2025-09-30,S01,P025,51,0
2025-09-30,S01,P037,156,0
2025-09-30,S01,P041,54,60
2025-09-30,S01,P054,52,0
2025-09-30,S01,P057,46,0
2025-09-30,S01,P066,31,0
2025-09-30,S01,P074,6,0
2025-09-30,S01,P076,74,0
2025-09-30,S01,P082,33,0
2025-09-30,S01,P088,167,0
2025-09-30,S01,P099,7,0
2025-09-30,S01,P100,92,0
2025-09-30,S01,P112,278,0
2025-09-30,S01,P116,52,0
2025-09-30,S02,P024,32,0
2025-09-30,S02,P025,96,0
2025-09-30,S02,P037,118,0
2025-09-30,S02,P041,33,0
2025-09-30,S02,P054,18,0
2025-09-30,S02,P057,20,0
2025-09-30,S02,P066,13,0
2025-09-30,S02,P074,71,0
2025-09-30,S02,P076,65,0
2025-09-30,S02,P082,0,0
2025-09-30,S02,P088,127,0
2025-09-30,S02,P099,29,0
2025-09-30,S02,P100,42,0
2025-09-30,S02,P112,71,0
2025-09-30,S02,P116,21,0
2025-09-30,S05,P024,45,0
2025-09-30,S05,P025,55,0
2025-09-30,S05,P037,235,140
2025-09-30,S05,P041,0,0
2025-09-30,S05,P054,64,0
2025-09-30,S05,P057,304,0
2025-09-30,S05,P066,22,22
2025-09-30,S05,P074,105,0
2025-09-30,S05,P076,0,0
2025-09-30,S05,P082,8,0
2025-09-30,S05,P088,348,0
2025-09-30,S05,P099,7,0
2025-09-30,S05,P100,62,0
2025-09-30,S05,P112,215,0
2025-09-30,S05,P116,0,0
2025-09-30,S06,P024,0,0
2025-09-30,S06,P025,107,0
2025-09-30,S06,P037,45,0
2025-09-30,S06,P041,16,0
2025-09-30,S06,P054,48,0
2025-09-30,S06,P057,35,36
2025-09-30,S06,P066,0,0
2025-09-30,S06,P074,20,0
2025-09-30,S06,P076,336,0
2025-09-30,S06,P082,19,0
2025-09-30,S06,P088,32,0
2025-09-30,S06,P099,0,0
2025-09-30,S06,P100,76,0
2025-09-30,S06,P112,103,0
2025-09-30,S06,P116,47,0
2025-09-30,S08,P024,68,0
2025-09-30,S08,P025,37,0
2025-09-30,S08,P037,11,0
2025-09-30,S08,P041,228,0
2025-09-30,S08,P054,51,0
2025-09-30,S08,P057,52,0
2025-09-30,S08,P066,24,28
2025-09-30,S08,P074,68,48
2025-09-30,S08,P076,157,175
2025-09-30,S08,P082,45,0
2025-09-30,S08,P088,270,0
2025-09-30,S08,P099,0,0
2025-09-30,S08,P100,78,0
2025-09-30,S08,P112,122,0
2025-09-30,S08,P116,411,0
2025-10-01,S01,P024,49,0
2025-10-01,S01,P025,50,0
2025-10-01,S01,P037,149,0
2025-10-01,S01,P041,53,0
2025-10-01,S01,P054,49,0
2025-10-01,S01,P057,39,0
2025-10-01,S01,P066,27,0
2025-10-01,S01,P074,5,0
2025-10-01,S01,P076,49,0
2025-10-01,S01,P082,29,0
2025-10-01,S01,P088,163,0
2025-10-01,S01,P099,1,0
2025-10-01,S01,P100,88,0
2025-10-01,S01,P112,270,0
2025-10-01,S01,P116,48,0
2025-10-01,S02,P024,27,0
2025-10-01,S02,P025,95,0
2025-10-01,S02,P037,117,0
2025-10-01,S02,P041,31,0
2025-10-01,S02,P054,16,0
2025-10-01,S02,P057,16,0
2025-10-01,S02,P066,28,15
2025-10-01,S02,P074,70,0
2025-10-01,S02,P076,59,0
2025-10-01,S02,P082,0,0
2025-10-01,S02,P088,124,0
2025-10-01,S02,P099,23,0
2025-10-01,S02,P100,41,0
2025-10-01,S02,P112,70,0
2025-10-01,S02,P116,18,0
2025-10-01,S05,P024,34,0
2025-10-01,S05,P025,55,0
2025-10-01,S05,P037,232,0
2025-10-01,S05,P041,53,60
2025-10-01,S05,P054,61,0
2025-10-01,S05,P057,299,0
2025-10-01,S05,P066,20,0
2025-10-01,S05,P074,191,90
2025-10-01,S05,P076,0,0
2025-10-01,S05,P082,6,0
2025-10-01,S05,P088,345,0
2025-10-01,S05,P099,5,0
2025-10-01,S05,P100,59,0
2025-10-01,S05,P112,211,0
2025-10-01,S05,P116,0,0
2025-10-01,S06,P024,45,50
2025-10-01,S06,P025,106,0
2025-10-01,S06,P037,43,0
2025-10-01,S06,P041,11,0
2025-10-01,S06,P054,46,0
2025-10-01,S06,P057,33,0
2025-10-01,S06,P066,0,0
2025-10-01,S06,P074,19,0
2025-10-01,S06,P076,321,0
2025-10-01,S06,P082,16,0
2025-10-01,S06,P088,30,0
2025-10-01,S06,P099,0,0
2025-10-01,S06,P100,76,0
2025-10-01,S06,P112,102,0
2025-10-01,S06,P116,43,0
2025-10-01,S08,P024,58,0
2025-10-01,S08,P025,35,0
2025-10-01,S08,P037,6,0
2025-10-01,S08,P041,226,0
2025-10-01,S08,P054,47,0
2025-10-01,S08,P057,45,0
2025-10-01,S08,P066,21,0
2025-10-01,S08,P074,61,0
2025-10-01,S08,P076,135,0
2025-10-01,S08,P082,39,0
2025-10-01,S08,P088,265,0
2025-10-01,S08,P099,0,0
2025-10-01,S08,P100,72,0
2025-10-01,S08,P112,275,158
2025-10-01,S08,P116,404,0
2025-10-02,S01,P024,43,0
2025-10-02,S01,P025,48,0
2025-10-02,S01,P037,146,0
2025-10-02,S01,P041,50,0
2025-10-02,S01,P054,43,0
2025-10-02,S01,P057,35,0
2025-10-02,S01,P066,50,25
2025-10-02,S01,P074,1,0
2025-10-02,S01,P076,33,0
2025-10-02,S01,P082,27,0
2025-10-02,S01,P088,159,0
2025-10-02,S01,P099,0,0
2025-10-02,S01,P100,80,0
2025-10-02,S01,P112,256,0
2025-10-02,S01,P116,42,0
2025-10-02,S02,P024,22,0
2025-10-02,S02,P025,93,0
2025-10-02,S02,P037,115,0
2025-10-02,S02,P041,31,0
2025-10-02,S02,P054,13,0
2025-10-02,S02,P057,16,0
2025-10-02,S02,P066,27,0
2025-10-02,S02,P074,70,0
2025-10-02,S02,P076,50,0
2025-10-02,S02,P082,20,21
2025-10-02,S02,P088,190,67
2025-10-02,S02,P099,22,0
2025-10-02,S02,P100,37,0
2025-10-02,S02,P112,65,0
2025-10-02,S02,P116,18,0
2025-10-02,S05,P024,24,0
2025-10-02,S05,P025,50,0
2025-10-02,S05,P037,228,0
2025-10-02,S05,P041,50,0
2025-10-02,S05,P054,59,0
2025-10-02,S05,P057,295,0
2025-10-02,S05,P066,15,0
2025-10-02,S05,P074,190,0
2025-10-02,S05,P076,0,0
2025-10-02,S05,P082,33,31
2025-10-02,S05,P088,341,0
2025-10-02,S05,P099,0,0
2025-10-02,S05,P100,56,0
2025-10-02,S05,P112,210,0
2025-10-02,S05,P116,97,100
2025-10-02,S06,P024,41,0
2025-10-02,S06,P025,106,0
2025-10-02,S06,P037,40,0
2025-10-02,S06,P041,8,0
2025-10-02,S06,P054,46,0
2025-10-02,S06,P057,29,0
2025-10-02,S06,P066,15,17
2025-10-02,S06,P074,19,0
2025-10-02,S06,P076,532,220
2025-10-02,S06,P082,12,0
2025-10-02,S06,P088,27,0
2025-10-02,S06,P099,0,0
2025-10-02,S06,P100,73,0
2025-10-02,S06,P112,98,0
2025-10-02,S06,P116,38,0
2025-10-02,S08,P024,45,0
2025-10-02,S08,P025,35,0
2025-10-02,S08,P037,63,60
2025-10-02,S08,P041,222,0
2025-10-02,S08,P054,43,0
2025-10-02,S08,P057,40,0
2025-10-02,S08,P066,21,0
2025-10-02,S08,P074,57,0
2025-10-02,S08,P076,113,0
2025-10-02,S08,P082,36,0
2025-10-02,S08,P088,256,0
2025-10-02,S08,P099,40,42
2025-10-02,S08,P100,69,0
2025-10-02,S08,P112,263,0
2025-10-02,S08,P116,394,0
2025-10-03,S01,P024,36,0
2025-10-03,S01,P025,46,0
2025-10-03,S01,P037,140,0
2025-10-03,S01,P041,46,0
2025-10-03,S01,P054,37,0
2025-10-03,S01,P057,28,0
2025-10-03,S01,P066,47,0
2025-10-03,S01,P074,0,0
2025-10-03,S01,P076,13,0
2025-10-03,S01,P082,19,0
2025-10-03,S01,P088,156,0
2025-10-03,S01,P099,0,0
2025-10-03,S01,P100,74,0
2025-10-03,S01,P112,252,0
2025-10-03,S01,P116,28,0
2025-10-03,S02,P024,16,0
2025-10-03,S02,P025,92,0
2025-10-03,S02,P037,110,0
2025-10-03,S02,P041,29,0
2025-10-03,S02,P054,11,0
2025-10-03,S02,P057,16,0
2025-10-03,S02,P066,27,0
2025-10-03,S02,P074,67,0
2025-10-03,S02,P076,46,0
2025-10-03,S02,P082,14,0
2025-10-03,S02,P088,187,0
2025-10-03,S02,P099,19,0
2025-10-03,S02,P100,34,0
2025-10-03,S02,P112,62,0
2025-10-03,S02,P116,13,0
2025-10-03,S05,P024,13,0
2025-10-03,S05,P025,48,0
2025-10-03,S05,P037,221,0
2025-10-03,S05,P041,41,0
2025-10-03,S05,P054,56,0
2025-10-03,S05,P057,292,0
2025-10-03,S05,P066,10,0
2025-10-03,S05,P074,187,0
2025-10-03,S05,P076,0,0
2025-10-03,S05,P082,31,0
2025-10-03,S05,P088,334,0
2025-10-03,S05,P099,0,0
2025-10-03,S05,P100,54,0
2025-10-03,S05,P112,203,0
2025-10-03,S05,P116,80,0
2025-10-03,S06,P024,31,0
2025-10-03,S06,P025,102,0
2025-10-03,S06,P037,38,0
2025-10-03,S06,P041,1,0
2025-10-03,S06,P054,42,0
2025-10-03,S06,P057,24,0
2025-10-03,S06,P066,13,0
2025-10-03,S06,P074,18,0
2025-10-03,S06,P076,519,0
2025-10-03,S06,P082,11,0
2025-10-03,S06,P088,25,0
2025-10-03,S06,P099,0,0
2025-10-03,S06,P100,69,0
2025-10-03,S06,P112,94,0
2025-10-03,S06,P116,35,0
2025-10-03,S08,P024,32,0
2025-10-03,S08,P025,34,0
2025-10-03,S08,P037,55,0
2025-10-03,S08,P041,221,0
2025-10-03,S08,P054,40,0
2025-10-03,S08,P057,35,0
2025-10-03,S08,P066,16,0
2025-10-03,S08,P074,54,0
2025-10-03,S08,P076,86,0
2025-10-03,S08,P082,32,0
2025-10-03,S08,P088,255,0
2025-10-03,S08,P099,37,0
2025-10-03,S08,P100,67,0
2025-10-03,S08,P112,259,0
2025-10-03,S08,P116,383,0
2025-10-04,S01,P024,26,0
2025-10-04,S01,P025,43,0
2025-10-04,S01,P037,132,0
2025-10-04,S01,P041,40,0
2025-10-04,S01,P054,32,0
2025-10-04,S01,P057,25,0
2025-10-04,S01,P066,42,0
2025-10-04,S01,P074,46,48
2025-10-04,S01,P076,0,0
2025-10-04,S01,P082,15,0
2025-10-04,S01,P088,152,0
2025-10-04,S01,P099,0,0
2025-10-04,S01,P100,69,0
2025-10-04,S01,P112,242,0
2025-10-04,S01,P116,20,0
2025-10-04,S02,P024,10,0
2025-10-04,S02,P025,88,0
2025-10-04,S02,P037,104,0
2025-10-04,S02,P041,28,0
2025-10-04,S02,P054,10,0
2025-10-04,S02,P057,9,0
2025-10-04,S02,P066,24,0
2025-10-04,S02,P074,63,0
2025-10-04,S02,P076,37,0
2025-10-04,S02,P082,4,0
2025-10-04,S02,P088,184,0
2025-10-04,S02,P099,16,0
2025-10-04,S02,P100,31,0
2025-10-04,S02,P112,57,0
2025-10-04,S02,P116,9,0
2025-10-04,S05,P024,0,0
2025-10-04,S05,P025,44,0
2025-10-04,S05,P037,211,0
2025-10-04,S05,P041,33,0
2025-10-04,S05,P054,54,0
2025-10-04,S05,P057,281,0
2025-10-04,S05,P066,6,0
2025-10-04,S05,P074,183,0
2025-10-04,S05,P076,0,0
2025-10-04,S05,P082,29,0
2025-10-04,S05,P088,323,0
2025-10-04,S05,P099,0,0
2025-10-04,S05,P100,48,0
2025-10-04,S05,P112,193,0
2025-10-04,S05,P116,71,0
2025-10-04,S06,P024,24,0
2025-10-04,S06,P025,102,0
2025-10-04,S06,P037,36,0
2025-10-04,S06,P041,0,0
2025-10-04,S06,P054,39,0
2025-10-04,S06,P057,18,0
2025-10-04,S06,P066,8,0
2025-10-04,S06,P074,17,0
2025-10-04,S06,P076,514,0
2025-10-04,S06,P082,8,0
2025-10-04,S06,P088,25,0
2025-10-04,S06,P099,0,0
2025-10-04,S06,P100,68,0
2025-10-04,S06,P112,88,0
2025-10-04,S06,P116,32,0
2025-10-04,S08,P024,21,0
2025-10-04,S08,P025,30,0
2025-10-04,S08,P037,48,0
2025-10-04,S08,P041,217,0
2025-10-04,S08,P054,35,0
2025-10-04,S08,P057,32,0
2025-10-04,S08,P066,15,0
2025-10-04,S08,P074,51,0
2025-10-04,S08,P076,56,0
2025-10-04,S08,P082,63,35
2025-10-04,S08,P088,251,0
2025-10-04,S08,P099,33,0
2025-10-04,S08,P100,63,0
2025-10-04,S08,P112,253,0
2025-10-04,S08,P116,370,0
2025-10-05,S01,P024,19,0
2025-10-05,S01,P025,39,0
2025-10-05,S01,P037,260,136
2025-10-05,S01,P041,32,0
2025-10-05,S01,P054,28,0
2025-10-05,S01,P057,72,55
2025-10-05,S01,P066,38,0
2025-10-05,S01,P074,45,0
2025-10-05,S01,P076,0,0
2025-10-05,S01,P082,11,0
2025-10-05,S01,P088,147,0
2025-10-05,S01,P099,0,0
2025-10-05,S01,P100,68,0
2025-10-05,S01,P112,232,0
2025-10-05,S01,P116,15,0
2025-10-05,S02,P024,6,0
2025-10-05,S02,P025,84,0
2025-10-05,S02,P037,98,0
2025-10-05,S02,P041,26,0
2025-10-05,S02,P054,107,100
2025-10-05,S02,P057,6,0
2025-10-05,S02,P066,24,0
2025-10-05,S02,P074,57,0
2025-10-05,S02,P076,30,0
2025-10-05,S02,P082,2,0
2025-10-05,S02,P088,180,0
2025-10-05,S02,P099,10,0
2025-10-05,S02,P100,29,0
2025-10-05,S02,P112,53,0
2025-10-05,S02,P116,0,0
2025-10-05,S05,P024,72,82
2025-10-05,S05,P025,41,0
2025-10-05,S05,P037,206,0
2025-10-05,S05,P041,27,0
2025-10-05,S05,P054,51,0
2025-10-05,S05,P057,274,0
2025-10-05,S05,P066,0,0
2025-10-05,S05,P074,179,0
2025-10-05,S05,P076,108,127
2025-10-05,S05,P082,25,0
2025-10-05,S05,P088,315,0
2025-10-05,S05,P099,0,0
2025-10-05,S05,P100,45,0
2025-10-05,S05,P112,184,0
2025-10-05,S05,P116,61,0
2025-10-05,S06,P024,15,0
2025-10-05,S06,P025,100,0
2025-10-05,S06,P037,31,0
2025-10-05,S06,P041,0,0
2025-10-05,S06,P054,38,0
2025-10-05,S06,P057,13,0
2025-10-05,S06,P066,7,0
2025-10-05,S06,P074,14,0
2025-10-05,S06,P076,507,0
2025-10-05,S06,P082,4,0
2025-10-05,S06,P088,22,0
2025-10-05,S06,P099,0,0
2025-10-05,S06,P100,65,0
2025-10-05,S06,P112,86,0
2025-10-05,S06,P116,27,0
2025-10-05,S08,P024,12,0
2025-10-05,S08,P025,25,0
2025-10-05,S08,P037,44,0
2025-10-05,S08,P041,213,0
2025-10-05,S08,P054,33,0
2025-10-05,S08,P057,26,0
2025-10-05,S08,P066,10,0
2025-10-05,S08,P074,47,0
2025-10-05,S08,P076,29,0
2025-10-05,S08,P082,61,0
2025-10-05,S08,P088,242,0
2025-10-05,S08,P099,23,0
2025-10-05,S08,P100,58,0
2025-10-05,S08,P112,246,0
2025-10-05,S08,P116,359,0
2025-10-06,S01,P024,11,0
2025-10-06,S01,P025,38,0
2025-10-06,S01,P037,258,0
2025-10-06,S01,P041,25,0
2025-10-06,S01,P054,127,100
2025-10-06,S01,P057,68,0
2025-10-06,S01,P066,35,0
2025-10-06,S01,P074,43,0
2025-10-06,S01,P076,0,0
2025-10-06,S01,P082,9,0
2025-10-06,S01,P088,143,0
2025-10-06,S01,P099,38,42
2025-10-06,S01,P100,62,0
2025-10-06,S01,P112,228,0
2025-10-06,S01,P116,3,0
2025-10-06,S02,P024,48,49
2025-10-06,S02,P025,81,0
2025-10-06,S02,P037,96,0
2025-10-06,S02,P041,22,0
2025-10-06,S02,P054,106,0
2025-10-06,S02,P057,2,0
2025-10-06,S02,P066,24,0
2025-10-06,S02,P074,55,0
2025-10-06,S02,P076,22,0
2025-10-06,S02,P082,0,0
2025-10-06,S02,P088,175,0
2025-10-06,S02,P099,8,0
2025-10-06,S02,P100,27,0
2025-10-06,S02,P112,50,0
2025-10-06,S02,P116,0,0
2025-10-06,S05,P024,68,0
2025-10-06,S05,P025,38,0
2025-10-06,S05,P037,195,0
2025-10-06,S05,P041,22,0
2025-10-06,S05,P054,49,0
2025-10-06,S05,P057,268,0
2025-10-06,S05,P066,0,0
2025-10-06,S05,P074,171,0
2025-10-06,S05,P076,95,0
2025-10-06,S05,P082,21,0
2025-10-06,S05,P088,312,0
2025-10-06,S05,P099,36,41
2025-10-06,S05,P100,44,0
2025-10-06,S05,P112,177,0
2025-10-06,S05,P116,53,0
2025-10-06,S06,P024,8,0
2025-10-06,S06,P025,99,0
2025-10-06,S06,P037,27,0
2025-10-06,S06,P041,0,0
2025-10-06,S06,P054,37,0
2025-10-06,S06,P057,12,0
2025-10-06,S06,P066,5,0
2025-10-06,S06,P074,61,48
2025-10-06,S06,P076,498,0
2025-10-06,S06,P082,1,0
2025-10-06,S06,P088,42,24
2025-10-06,S06,P099,0,0
2025-10-06,S06,P100,62,0
2025-10-06,S06,P112,81,0
2025-10-06,S06,P116,21,0
2025-10-06,S08,P024,9,0
2025-10-06,S08,P025,23,0
2025-10-06,S08,P037,42,0
2025-10-06,S08,P041,207,0
2025-10-06,S08,P054,29,0
2025-10-06,S08,P057,62,41
2025-10-06,S08,P066,8,0
2025-10-06,S08,P074,45,0
2025-10-06,S08,P076,14,0
2025-10-06,S08,P082,59,0
2025-10-06,S08,P088,239,0
2025-10-06,S08,P099,21,0
2025-10-06,S08,P100,55,0
2025-10-06,S08,P112,241,0
2025-10-06,S08,P116,348,0
2025-10-07,S01,P024,75,68
2025-10-07,S01,P025,33,0
2025-10-07,S01,P037,258,0
2025-10-07,S01,P041,21,0
2025-10-07,S01,P054,124,0
2025-10-07,S01,P057,64,0
2025-10-07,S01,P066,32,0
2025-10-07,S01,P074,41,0
2025-10-07,S01,P076,158,176
2025-10-07,S01,P082,4,0
2025-10-07,S01,P088,139,0
2025-10-07,S01,P099,36,0
2025-10-07,S01,P100,59,0
2025-10-07,S01,P112,220,0
2025-10-07,S01,P116,0,0
2025-10-07,S02,P024,45,0
2025-10-07,S02,P025,80,0
2025-10-07,S02,P037,95,0
2025-10-07,S02,P041,19,0
2025-10-07,S02,P054,105,0
2025-10-07,S02,P057,0,0
2025-10-07,S02,P066,21,0
2025-10-07,S02,P074,54,0
2025-10-07,S02,P076,13,0
2025-10-07,S02,P082,0,0
2025-10-07,S02,P088,174,0
2025-10-07,S02,P099,4,0
2025-10-07,S02,P100,25,0
2025-10-07,S02,P112,50,0
2025-10-07,S02,P116,0,0
2025-10-07,S05,P024,52,0
2025-10-07,S05,P025,38,0
2025-10-07,S05,P037,193,0
2025-10-07,S05,P041,14,0
2025-10-07,S05,P054,46,0
2025-10-07,S05,P057,264,0
2025-10-07,S05,P066,0,0
2025-10-07,S05,P074,169,0
2025-10-07,S05,P076,84,0
2025-10-07,S05,P082,19,0
2025-10-07,S05,P088,308,0
2025-10-07,S05,P099,33,0
2025-10-07,S05,P100,43,0
2025-10-07,S05,P112,172,0
2025-10-07,S05,P116,46,0
2025-10-07,S06,P024,4,0
2025-10-07,S06,P025,99,0
2025-10-07,S06,P037,26,0
2025-10-07,S06,P041,0,0
2025-10-07,S06,P054,37,0
2025-10-07,S06,P057,10,0
2025-10-07,S06,P066,0,0
2025-10-07,S06,P074,58,0
2025-10-07,S06,P076,489,0
2025-10-07,S06,P082,0,0
2025-10-07,S06,P088,41,0
2025-10-07,S06,P099,0,0
2025-10-07,S06,P100,60,0
2025-10-07,S06,P112,74,0
2025-10-07,S06,P116,21,0
2025-10-07,S08,P024,4,0
2025-10-07,S08,P025,19,0
2025-10-07,S08,P037,36,0
2025-10-07,S08,P041,204,0
2025-10-07,S08,P054,127,100
2025-10-07,S08,P057,59,0
2025-10-07,S08,P066,4,0
2025-10-07,S08,P074,40,0
2025-10-07,S08,P076,0,0
2025-10-07,S08,P082,54,0
2025-10-07,S08,P088,235,0
2025-10-07,S08,P099,16,0
2025-10-07,S08,P100,53,0
2025-10-07,S08,P112,237,0
2025-10-07,S08,P116,343,0
2025-10-08,S01,P024,67,0
2025-10-08,S01,P025,31,0
2025-10-08,S01,P037,255,0
2025-10-08,S01,P041,14,0
2025-10-08,S01,P054,121,0
2025-10-08,S01,P057,61,0
2025-10-08,S01,P066,24,0
2025-10-08,S01,P074,39,0
2025-10-08,S01,P076,143,0
2025-10-08,S01,P082,2,0
2025-10-08,S01,P088,135,0
2025-10-08,S01,P099,30,0
2025-10-08,S01,P100,54,0
2025-10-08,S01,P112,214,0
2025-10-08,S01,P116,0,0
2025-10-08,S02,P024,40,0
2025-10-08,S02,P025,77,0
2025-10-08,S02,P037,90,0
2025-10-08,S02,P041,16,0
2025-10-08,S02,P054,101,0
2025-10-08,S02,P057,0,0
2025-10-08,S02,P066,19,0
2025-10-08,S02,P074,53,0
2025-10-08,S02,P076,8,0
2025-10-08,S02,P082,0,0
2025-10-08,S02,P088,173,0
2025-10-08,S02,P099,38,36
2025-10-08,S02,P100,24,0
2025-10-08,S02,P112,47,0
2025-10-08,S02,P116,93,100
2025-10-08,S05,P024,44,0
2025-10-08,S05,P025,37,0
2025-10-08,S05,P037,186,0
2025-10-08,S05,P041,9,0
2025-10-08,S05,P054,43,0
2025-10-08,S05,P057,258,0
2025-10-08,S05,P066,0,0
2025-10-08,S05,P074,166,0
2025-10-08,S05,P076,74,0
2025-10-08,S05,P082,17,0
2025-10-08,S05,P088,307,0
2025-10-08,S05,P099,29,0
2025-10-08,S05,P100,40,0
2025-10-08,S05,P112,167,0
2025-10-08,S05,P116,43,0
2025-10-08,S06,P024,0,0
2025-10-08,S06,P025,95,0
2025-10-08,S06,P037,26,0
2025-10-08,S06,P041,0,0
2025-10-08,S06,P054,35,0
2025-10-08,S06,P057,8,0
2025-10-08,S06,P066,0,0
2025-10-08,S06,P074,57,0
2025-10-08,S06,P076,484,0
2025-10-08,S06,P082,0,0
2025-10-08,S06,P088,38,0
2025-10-08,S06,P099,0,0
2025-10-08,S06,P100,58,0
2025-10-08,S06,P112,69,0
2025-10-08,S06,P116,19,0
2025-10-08,S08,P024,0,0
2025-10-08,S08,P025,17,0
2025-10-08,S08,P037,34,0
2025-10-08,S08,P041,199,0
2025-10-08,S08,P054,125,0
2025-10-08,S08,P057,57,0
2025-10-08,S08,P066,0,0
2025-10-08,S08,P074,39,0
2025-10-08,S08,P076,0,0
2025-10-08,S08,P082,51,0
2025-10-08,S08,P088,229,0
2025-10-08,S08,P099,12,0
2025-10-08,S08,P100,53,0
2025-10-08,S08,P112,227,0
2025-10-08,S08,P116,338,0
2025-10-09,S01,P024,60,0
2025-10-09,S01,P025,29,0
2025-10-09,S01,P037,249,0
2025-10-09,S01,P041,11,0
2025-10-09,S01,P054,117,0
2025-10-09,S01,P057,56,0
2025-10-09,S01,P066,22,0
2025-10-09,S01,P074,37,0
2025-10-09,S01,P076,121,0
2025-10-09,S01,P082,0,0
2025-10-09,S01,P088,135,0
2025-10-09,S01,P099,26,0
2025-10-09,S01,P100,51,0
2025-10-09,S01,P112,202,0
2025-10-09,S01,P116,0,0
2025-10-09,S02,P024,34,0
2025-10-09,S02,P025,75,0
2025-10-09,S02,P037,88,0
2025-10-09,S02,P041,13,0
2025-10-09,S02,P054,100,0
2025-10-09,S02,P057,0,0
2025-10-09,S02,P066,19,0
2025-10-09,S02,P074,49,0
2025-10-09,S02,P076,83,79
2025-10-09,S02,P082,0,0
2025-10-09,S02,P088,171,0
2025-10-09,S02,P099,38,0
2025-10-09,S02,P100,19,0
2025-10-09,S02,P112,46,0
2025-10-09,S02,P116,88,0
2025-10-09,S05,P024,37,0
2025-10-09,S05,P025,35,0
2025-10-09,S05,P037,177,0
2025-10-09,S05,P041,2,0
2025-10-09,S05,P054,41,0
2025-10-09,S05,P057,254,0
2025-10-09,S05,P066,0,0
2025-10-09,S05,P074,161,0
2025-10-09,S05,P076,64,0
2025-10-09,S05,P082,14,0
2025-10-09,S05,P088,300,0
2025-10-09,S05,P099,20,0
2025-10-09,S05,P100,37,0
2025-10-09,S05,P112,164,0
2025-10-09,S05,P116,35,0
2025-10-09,S06,P024,0,0
2025-10-09,S06,P025,95,0
2025-10-09,S06,P037,22,0
2025-10-09,S06,P041,0,0
2025-10-09,S06,P054,35,0
2025-10-09,S06,P057,5,0
2025-10-09,S06,P066,0,0
2025-10-09,S06,P074,53,0
2025-10-09,S06,P076,479,0
2025-10-09,S06,P082,20,23
2025-10-09,S06,P088,37,0
2025-10-09,S06,P099,0,0
2025-10-09,S06,P100,57,0
2025-10-09,S06,P112,68,0
2025-10-09,S06,P116,13,0
2025-10-09,S08,P024,76,82
2025-10-09,S08,P025,14,0
2025-10-09,S08,P037,22,0
2025-10-09,S08,P041,193,0
2025-10-09,S08,P054,125,0
2025-10-09,S08,P057,53,0
2025-10-09,S08,P066,0,0
2025-10-09,S08,P074,33,0
2025-10-09,S08,P076,0,0
2025-10-09,S08,P082,47,0
2025-10-09,S08,P088,226,0
2025-10-09,S08,P099,6,0
2025-10-09,S08,P100,45,0
2025-10-09,S08,P112,220,0
2025-10-09,S08,P116,331,0
2025-10-10,S01,P024,57,0
2025-10-10,S01,P025,26,0
2025-10-10,S01,P037,239,0
2025-10-10,S01,P041,5,0
2025-10-10,S01,P054,110,0
2025-10-10,S01,P057,52,0
2025-10-10,S01,P066,21,0
2025-10-10,S01,P074,35,0
2025-10-10,S01,P076,102,0
2025-10-10,S01,P082,0,0
2025-10-10,S01,P088,135,0
2025-10-10,S01,P099,20,0
2025-10-10,S01,P100,48,0
2025-10-10,S01,P112,198,0
2025-10-10,S01,P116,84,100
2025-10-10,S02,P024,25,0
2025-10-10,S02,P025,73,0
2025-10-10,S02,P037,86,0
2025-10-10,S02,P041,12,0
2025-10-10,S02,P054,94,0
2025-10-10,S02,P057,0,0
2025-10-10,S02,P066,16,0
2025-10-10,S02,P074,49,0
2025-10-10,S02,P076,72,0
2025-10-10,S02,P082,0,0
2025-10-10,S02,P088,167,0
2025-10-10,S02,P099,33,0
2025-10-10,S02,P100,15,0
2025-10-10,S02,P112,45,0
2025-10-10,S02,P116,84,0
2025-10-10,S05,P024,23,0
2025-10-10,S05,P025,33,0
2025-10-10,S05,P037,173,0
2025-10-10,S05,P041,0,0
2025-10-10,S05,P054,37,0
2025-10-10,S05,P057,250,0
2025-10-10,S05,P066,0,0
2025-10-10,S05,P074,157,0
2025-10-10,S05,P076,49,0
2025-10-10,S05,P082,43,31
2025-10-10,S05,P088,293,0
2025-10-10,S05,P099,17,0
2025-10-10,S05,P100,34,0
2025-10-10,S05,P112,154,0
2025-10-10,S05,P116,27,0
2025-10-10,S06,P024,0,0
2025-10-10,S06,P025,95,0
2025-10-10,S06,P037,22,0
2025-10-10,S06,P041,54,60
2025-10-10,S06,P054,34,0
2025-10-10,S06,P057,0,0
2025-10-10,S06,P066,0,0
2025-10-10,S06,P074,49,0
2025-10-10,S06,P076,471,0
2025-10-10,S06,P082,16,0
2025-10-10,S06,P088,35,0
2025-10-10,S06,P099,0,0
2025-10-10,S06,P100,55,0
2025-10-10,S06,P112,61,0
2025-10-10,S06,P116,9,0
2025-10-10,S08,P024,65,0
2025-10-10,S08,P025,12,0
2025-10-10,S08,P037,18,0
2025-10-10,S08,P041,191,0
2025-10-10,S08,P054,116,0
2025-10-10,S08,P057,46,0
2025-10-10,S08,P066,0,0
2025-10-10,S08,P074,26,0
2025-10-10,S08,P076,0,0
2025-10-10,S08,P082,41,0
2025-10-10,S08,P088,219,0
2025-10-10,S08,P099,0,0
2025-10-10,S08,P100,40,0
2025-10-10,S08,P112,213,0
2025-10-10,S08,P116,327,0
2025-10-11,S01,P024,42,0
2025-10-11,S01,P025,124,100
2025-10-11,S01,P037,230,0
2025-10-11,S01,P041,0,0
2025-10-11,S01,P054,108,0
2025-10-11,S01,P057,37,0
2025-10-11,S01,P066,19,0
2025-10-11,S01,P074,33,0
2025-10-11,S01,P076,74,0
2025-10-11,S01,P082,0,0
2025-10-11,S01,P088,129,0
2025-10-11,S01,P099,14,0
2025-10-11,S01,P100,42,0
2025-10-11,S01,P112,191,0
2025-10-11,S01,P116,74,0
2025-10-11,S02,P024,22,0
2025-10-11,S02,P025,72,0
2025-10-11,S02,P037,82,0
2025-10-11,S02,P041,6,0
2025-10-11,S02,P054,88,0
2025-10-11,S02,P057,29,36
2025-10-11,S02,P066,13,0
2025-10-11,S02,P074,47,0
2025-10-11,S02,P076,60,0
2025-10-11,S02,P082,16,21
2025-10-11,S02,P088,164,0
2025-10-11,S02,P099,29,0
2025-10-11,S02,P100,10,0
2025-10-11,S02,P112,41,0
2025-10-11,S02,P116,70,0
2025-10-11,S05,P024,12,0
2025-10-11,S05,P025,30,0
2025-10-11,S05,P037,164,0
2025-10-11,S05,P041,0,0
2025-10-11,S05,P054,30,0
2025-10-11,S05,P057,236,0
2025-10-11,S05,P066,0,0
2025-10-11,S05,P074,151,0
2025-10-11,S05,P076,24,0
2025-10-11,S05,P082,40,0
2025-10-11,S05,P088,288,0
2025-10-11,S05,P099,13,0
2025-10-11,S05,P100,32,0
2025-10-11,S05,P112,151,0
2025-10-11,S05,P116,17,0
2025-10-11,S06,P024,41,50
2025-10-11,S06,P025,91,0
2025-10-11,S06,P037,20,0
2025-10-11,S06,P041,48,0
2025-10-11,S06,P054,32,0
2025-10-11,S06,P057,0,0
2025-10-11,S06,P066,0,0
2025-10-11,S06,P074,49,0
2025-10-11,S06,P076,460,0
2025-10-11,S06,P082,13,0
2025-10-11,S06,P088,33,0
2025-10-11,S06,P099,32,36
2025-10-11,S06,P100,52,0
2025-10-11,S06,P112,57,0
2025-10-11,S06,P116,4,0
2025-10-11,S08,P024,53,0
2025-10-11,S08,P025,5,0
2025-10-11,S08,P037,12,0
2025-10-11,S08,P041,187,0
2025-10-11,S08,P054,110,0
2025-10-11,S08,P057,38,0
2025-10-11,S08,P066,0,0
2025-10-11,S08,P074,22,0
2025-10-11,S08,P076,0,0
2025-10-11,S08,P082,35,0
2025-10-11,S08,P088,213,0
2025-10-11,S08,P099,0,0
2025-10-11,S08,P100,34,0
2025-10-11,S08,P112,201,0
2025-10-11,S08,P116,307,0
2025-10-12,S01,P024,32,0
2025-10-12,S01,P025,121,0
2025-10-12,S01,P037,222,0
2025-10-12,S01,P041,0,0
2025-10-12,S01,P054,97,0
2025-10-12,S01,P057,28,0
2025-10-12,S01,P066,38,25
2025-10-12,S01,P074,32,0
2025-10-12,S01,P076,41,0
2025-10-12,S01,P082,0,0
2025-10-12,S01,P088,121,0
2025-10-12,S01,P099,6,0
2025-10-12,S01,P100,37,0
2025-10-12,S01,P112,340,158
2025-10-12,S01,P116,54,0
2025-10-12,S02,P024,15,0
2025-10-12,S02,P025,69,0
2025-10-12,S02,P037,75,0
2025-10-12,S02,P041,2,0
2025-10-12,S02,P054,84,0
2025-10-12,S02,P057,18,0
2025-10-12,S02,P066,27,15
2025-10-12,S02,P074,45,0
2025-10-12,S02,P076,50,0
2025-10-12,S02,P082,13,0
2025-10-12,S02,P088,160,0
2025-10-12,S02,P099,27,0
2025-10-12,S02,P100,9,0
2025-10-12,S02,P112,35,0
2025-10-12,S02,P116,63,0
2025-10-12,S05,P024,3,0
2025-10-12,S05,P025,30,0
2025-10-12,S05,P037,155,0
2025-10-12,S05,P041,0,0
2025-10-12,S05,P054,25,0
2025-10-12,S05,P057,228,0
2025-10-12,S05,P066,0,0
2025-10-12,S05,P074,146,0
2025-10-12,S05,P076,4,0
2025-10-12,S05,P082,35,0
2025-10-12,S05,P088,276,0
2025-10-12,S05,P099,12,0
2025-10-12,S05,P100,24,0
2025-10-12,S05,P112,144,0
2025-10-12,S05,P116,2,0
2025-10-12,S06,P024,29,0
2025-10-12,S06,P025,91,0
2025-10-12,S06,P037,16,0
2025-10-12,S06,P041,44,0
2025-10-12,S06,P054,30,0
2025-10-12,S06,P057,0,0
2025-10-12,S06,P066,0,0
2025-10-12,S06,P074,47,0
2025-10-12,S06,P076,447,0
2025-10-12,S06,P082,12,0
2025-10-12,S06,P088,27,0
2025-10-12,S06,P099,26,0
2025-10-12,S06,P100,47,0
2025-10-12,S06,P112,55,0
2025-10-12,S06,P116,0,0
2025-10-12,S08,P024,46,0
2025-10-12,S08,P025,2,0
2025-10-12,S08,P037,65,60
2025-10-12,S08,P041,183,0
2025-10-12,S08,P054,106,0
2025-10-12,S08,P057,28,0
2025-10-12,S08,P066,0,0
2025-10-12,S08,P074,15,0
2025-10-12,S08,P076,149,175
2025-10-12,S08,P082,29,0
2025-10-12,S08,P088,208,0
2025-10-12,S08,P099,0,0
2025-10-12,S08,P100,22,0
2025-10-12,S08,P112,193,0
2025-10-12,S08,P116,297,0
2025-10-13,S01,P024,30,0
2025-10-13,S01,P025,119,0
2025-10-13,S01,P037,218,0
2025-10-13,S01,P041,0,0
2025-10-13,S01,P054,96,0
2025-10-13,S01,P057,23,0
2025-10-13,S01,P066,38,0
2025-10-13,S01,P074,30,0
2025-10-13,S01,P076,26,0
2025-10-13,S01,P082,0,0
2025-10-13,S01,P088,117,0
2025-10-13,S01,P099,0,0
2025-10-13,S01,P100,36,0
2025-10-13,S01,P112,335,0
2025-10-13,S01,P116,53,0
2025-10-13,S02,P024,8,0
2025-10-13,S02,P025,67,0
2025-10-13,S02,P037,72,0
2025-10-13,S02,P041,0,0
2025-10-13,S02,P054,83,0
2025-10-13,S02,P057,17,0
2025-10-13,S02,P066,25,0
2025-10-13,S02,P074,42,0
2025-10-13,S02,P076,43,0
2025-10-13,S02,P082,12,0
2025-10-13,S02,P088,159,0
2025-10-13,S02,P099,26,0
2025-10-13,S02,P100,4,0
2025-10-13,S02,P112,31,0
2025-10-13,S02,P116,60,0
2025-10-13,S05,P024,76,82
2025-10-13,S05,P025,27,0
2025-10-13,S05,P037,290,140
2025-10-13,S05,P041,0,0
2025-10-13,S05,P054,23,0
2025-10-13,S05,P057,222,0
2025-10-13,S05,P066,0,0
2025-10-13,S05,P074,144,0
2025-10-13,S05,P076,0,0
2025-10-13,S05,P082,32,0
2025-10-13,S05,P088,268,0
2025-10-13,S05,P099,5,0
2025-10-13,S05,P100,22,0
2025-10-13,S05,P112,142,0
2025-10-13,S05,P116,0,0
2025-10-13,S06,P024,21,0
2025-10-13,S06,P025,91,0
2025-10-13,S06,P037,72,60
2025-10-13,S06,P041,40,0
2025-10-13,S06,P054,29,0
2025-10-13,S06,P057,0,0
2025-10-13,S06,P066,0,0
2025-10-13,S06,P074,47,0
2025-10-13,S06,P076,442,0
2025-10-13,S06,P082,11,0
2025-10-13,S06,P088,26,0
2025-10-13,S06,P099,26,0
2025-10-13,S06,P100,43,0
2025-10-13,S06,P112,50,0
2025-10-13,S06,P116,93,100
2025-10-13,S08,P024,40,0
2025-10-13,S08,P025,0,0
2025-10-13,S08,P037,61,0
2025-10-13,S08,P041,181,0
2025-10-13,S08,P054,98,0
2025-10-13,S08,P057,25,0
2025-10-13,S08,P066,0,0
2025-10-13,S08,P074,12,0
2025-10-13,S08,P076,133,0
2025-10-13,S08,P082,24,0
2025-10-13,S08,P088,206,0
2025-10-13,S08,P099,0,0
2025-10-13,S08,P100,20,0
2025-10-13,S08,P112,188,0
2025-10-13,S08,P116,508,213
2025-10-14,S01,P024,25,0
2025-10-14,S01,P025,116,0
2025-10-14,S01,P037,214,0
2025-10-14,S01,P041,57,60
2025-10-14,S01,P054,94,0
2025-10-14,S01,P057,16,0
2025-10-14,S01,P066,37,0
2025-10-14,S01,P074,23,0
2025-10-14,S01,P076,12,0
2025-10-14,S01,P082,38,40
2025-10-14,S01,P088,112,0
2025-10-14,S01,P099,0,0
2025-10-14,S01,P100,35,0
2025-10-14,S01,P112,329,0
2025-10-14,S01,P116,47,0
2025-10-14,S02,P024,2,0
2025-10-14,S02,P025,65,0
2025-10-14,S02,P037,69,0
2025-10-14,S02,P041,0,0
2025-10-14,S02,P054,82,0
2025-10-14,S02,P057,14,0
2025-10-14,S02,P066,23,0
2025-10-14,S02,P074,41,0
2025-10-14,S02,P076,33,0
2025-10-14,S02,P082,12,0
2025-10-14,S02,P088,157,0
2025-10-14,S02,P099,26,0
2025-10-14,S02,P100,0,0
2025-10-14,S02,P112,29,0
2025-10-14,S02,P116,55,0
2025-10-14,S05,P024,62,0
2025-10-14,S05,P025,27,0
2025-10-14,S05,P037,285,0
2025-10-14,S05,P041,0,0
2025-10-14,S05,P054,19,0
2025-10-14,S05,P057,216,0
2025-10-14,S05,P066,0,0
2025-10-14,S05,P074,140,0
2025-10-14,S05,P076,0,0
2025-10-14,S05,P082,31,0
2025-10-14,S05,P088,262,0
2025-10-14,S05,P099,3,0
2025-10-14,S05,P100,19,0
2025-10-14,S05,P112,136,0
2025-10-14,S05,P116,0,0
2025-10-14,S06,P024,15,0
2025-10-14,S06,P025,90,0
2025-10-14,S06,P037,72,0
2025-10-14,S06,P041,36,0
2025-10-14,S06,P054,29,0
2025-10-14,S06,P057,0,0
2025-10-14,S06,P066,0,0
2025-10-14,S06,P074,43,0
2025-10-14,S06,P076,431,0
2025-10-14,S06,P082,9,0
2025-10-14,S06,P088,23,0
2025-10-14,S06,P099,26,0
2025-10-14,S06,P100,43,0
2025-10-14,S06,P112,46,0
2025-10-14,S06,P116,88,0
2025-10-14,S08,P024,32,0
2025-10-14,S08,P025,0,0
2025-10-14,S08,P037,52,0
2025-10-14,S08,P041,181,0
2025-10-14,S08,P054,94,0
2025-10-14,S08,P057,21,0
2025-10-14,S08,P066,0,0
2025-10-14,S08,P074,58,48
2025-10-14,S08,P076,116,0
2025-10-14,S08,P082,21,0
2025-10-14,S08,P088,202,0
2025-10-14,S08,P099,0,0
2025-10-14,S08,P100,17,0
2025-10-14,S08,P112,184,0
2025-10-14,S08,P116,501,0
2025-10-15,S01,P024,20,0
2025-10-15,S01,P025,111,0
2025-10-15,S01,P037,206,0
2025-10-15,S01,P041,52,0
2025-10-15,S01,P054,90,0
2025-10-15,S01,P057,62,55
2025-10-15,S01,P066,33,0
2025-10-15,S01,P074,20,0
2025-10-15,S01,P076,0,0
2025-10-15,S01,P082,32,0
2025-10-15,S01,P088,206,98
2025-10-15,S01,P099,0,0
2025-10-15,S01,P100,24,0
2025-10-15,S01,P112,323,0
2025-10-15,S01,P116,38,0
2025-10-15,S02,P024,43,49
2025-10-15,S02,P025,64,0
2025-10-15,S02,P037,64,0
2025-10-15,S02,P041,0,0
2025-10-15,S02,P054,75,0
2025-10-15,S02,P057,13,0
2025-10-15,S02,P066,22,0
2025-10-15,S02,P074,41,0
2025-10-15,S02,P076,21,0
2025-10-15,S02,P082,9,0
2025-10-15,S02,P088,155,0
2025-10-15,S02,P099,25,0
2025-10-15,S02,P100,0,0
2025-10-15,S02,P112,23,0
2025-10-15,S02,P116,46,0
2025-10-15,S05,P024,49,0
2025-10-15,S05,P025,25,0
2025-10-15,S05,P037,282,0
2025-10-15,S05,P041,56,60
2025-10-15,S05,P054,10,0
2025-10-15,S05,P057,207,0
2025-10-15,S05,P066,0,0
2025-10-15,S05,P074,132,0
2025-10-15,S05,P076,0,0
2025-10-15,S05,P082,21,0
2025-10-15,S05,P088,257,0
2025-10-15,S05,P099,1,0
2025-10-15,S05,P100,17,0
2025-10-15,S05,P112,131,0
2025-10-15,S05,P116,0,0
2025-10-15,S06,P024,9,0
2025-10-15,S06,P025,90,0
2025-10-15,S06,P037,71,0
2025-10-15,S06,P041,31,0
2025-10-15,S06,P054,27,0
2025-10-15,S06,P057,0,0
2025-10-15,S06,P066,0,0
2025-10-15,S06,P074,39,0
2025-10-15,S06,P076,423,0
2025-10-15,S06,P082,7,0
2025-10-15,S06,P088,23,0
2025-10-15,S06,P099,21,0
2025-10-15,S06,P100,42,0
2025-10-15,S06,P112,43,0
2025-10-15,S06,P116,81,0
2025-10-15,S08,P024,25,0
2025-10-15,S08,P025,96,100
2025-10-15,S08,P037,48,0
2025-10-15,S08,P041,177,0
2025-10-15,S08,P054,89,0
2025-10-15,S08,P057,17,0
2025-10-15,S08,P066,0,0
2025-10-15,S08,P074,53,0
2025-10-15,S08,P076,98,0
2025-10-15,S08,P082,18,0
2025-10-15,S08,P088,200,0
2025-10-15,S08,P099,0,0
2025-10-15,S08,P100,111,100
2025-10-15,S08,P112,180,0
2025-10-15,S08,P116,495,0
2025-10-16,S01,P024,12,0
2025-10-16,S01,P025,106,0
2025-10-16,S01,P037,201,0
2025-10-16,S01,P041,43,0
2025-10-16,S01,P054,85,0
2025-10-16,S01,P057,54,0
2025-10-16,S01,P066,30,0
2025-10-16,S01,P074,17,0
2025-10-16,S01,P076,0,0
2025-10-16,S01,P082,26,0
2025-10-16,S01,P088,202,0
2025-10-16,S01,P099,0,0
2025-10-16,S01,P100,21,0
2025-10-16,S01,P112,319,0
2025-10-16,S01,P116,30,0
2025-10-16,S02,P024,33,0
2025-10-16,S02,P025,63,0
2025-10-16,S02,P037,58,0
2025-10-16,S02,P041,56,60
2025-10-16,S02,P054,75,0
2025-10-16,S02,P057,8,0
2025-10-16,S02,P066,21,0
2025-10-16,S02,P074,86,48
2025-10-16,S02,P076,11,0
2025-10-16,S02,P082,5,0
2025-10-16,S02,P088,153,0
2025-10-16,S02,P099,22,0
2025-10-16,S02,P100,97,100
2025-10-16,S02,P112,16,0
2025-10-16,S02,P116,40,0
2025-10-16,S05,P024,37,0
2025-10-16,S05,P025,24,0
2025-10-16,S05,P037,276,0
2025-10-16,S05,P041,51,0
2025-10-16,S05,P054,5,0
2025-10-16,S05,P057,364,160
2025-10-16,S05,P066,22,22
2025-10-16,S05,P074,125,0
2025-10-16,S05,P076,0,0
2025-10-16,S05,P082,16,0
2025-10-16,S05,P088,250,0
2025-10-16,S05,P099,0,0
2025-10-16,S05,P100,13,0
2025-10-16,S05,P112,126,0
2025-10-16,S05,P116,0,0
2025-10-16,S06,P024,6,0
2025-10-16,S06,P025,88,0
2025-10-16,S06,P037,67,0
2025-10-16,S06,P041,30,0
2025-10-16,S06,P054,24,0
2025-10-16,S06,P057,0,0
2025-10-16,S06,P066,0,0
2025-10-16,S06,P074,36,0
2025-10-16,S06,P076,413,0
2025-10-16,S06,P082,5,0
2025-10-16,S06,P088,20,0
2025-10-16,S06,P099,16,0
2025-10-16,S06,P100,42,0
2025-10-16,S06,P112,39,0
2025-10-16,S06,P116,77,0
2025-10-16,S08,P024,10,0
2025-10-16,S08,P025,90,0
2025-10-16,S08,P037,41,0
2025-10-16,S08,P041,174,0
2025-10-16,S08,P054,88,0
2025-10-16,S08,P057,10,0
2025-10-16,S08,P066,0,0
2025-10-16,S08,P074,50,0
2025-10-16,S08,P076,77,0
2025-10-16,S08,P082,13,0
2025-10-16,S08,P088,195,0
2025-10-16,S08,P099,36,42
2025-10-16,S08,P100,110,0
2025-10-16,S08,P112,168,0
2025-10-16,S08,P116,484,0
2025-10-17,S01,P024,0,0
2025-10-17,S01,P025,100,0
2025-10-17,S01,P037,196,0
2025-10-17,S01,P041,40,0
2025-10-17,S01,P054,79,0
2025-10-17,S01,P057,48,0
2025-10-17,S01,P066,26,0
2025-10-17,S01,P074,10,0
2025-10-17,S01,P076,0,0
2025-10-17,S01,P082,19,0
2025-10-17,S01,P088,197,0
2025-10-17,S01,P099,0,0
2025-10-17,S01,P100,16,0
2025-10-17,S01,P112,311,0
2025-10-17,S01,P116,20,0
2025-10-17,S02,P024,24,0
2025-10-17,S02,P025,61,0
2025-10-17,S02,P037,53,0
2025-10-17,S02,P041,51,0
2025-10-17,S02,P054,72,0
2025-10-17,S02,P057,4,0
2025-10-17,S02,P066,20,0
2025-10-17,S02,P074,84,0
2025-10-17,S02,P076,1,0
2025-10-17,S02,P082,5,0
2025-10-17,S02,P088,151,0
2025-10-17,S02,P099,18,0
2025-10-17,S02,P100,94,0
2025-10-17,S02,P112,12,0
2025-10-17,S02,P116,36,0
2025-10-17,S05,P024,28,0
2025-10-17,S05,P025,20,0
2025-10-17,S05,P037,271,0
2025-10-17,S05,P041,41,0
2025-10-17,S05,P054,102,100
2025-10-17,S05,P057,359,0
2025-10-17,S05,P066,21,0
2025-10-17,S05,P074,117,0
2025-10-17,S05,P076,0,0
2025-10-17,S05,P082,7,0
2025-10-17,S05,P088,245,0
2025-10-17,S05,P099,0,0
2025-10-17,S05,P100,7,0
2025-10-17,S05,P112,254,136
2025-10-17,S05,P116,89,100
2025-10-17,S06,P024,3,0
2025-10-17,S06,P025,87,0
2025-10-17,S06,P037,63,0
2025-10-17,S06,P041,28,0
2025-10-17,S06,P054,24,0
2025-10-17,S06,P057,0,0
2025-10-17,S06,P066,0,0
2025-10-17,S06,P074,33,0
2025-10-17,S06,P076,399,0
2025-10-17,S06,P082,1,0
2025-10-17,S06,P088,14,0
2025-10-17,S06,P099,12,0
2025-10-17,S06,P100,37,0
2025-10-17,S06,P112,34,0
2025-10-17,S06,P116,76,0
2025-10-17,S08,P024,0,0
2025-10-17,S08,P025,87,0
2025-10-17,S08,P037,34,0
2025-10-17,S08,P041,167,0
2025-10-17,S08,P054,84,0
2025-10-17,S08,P057,39,41
2025-10-17,S08,P066,0,0
2025-10-17,S08,P074,49,0
2025-10-17,S08,P076,50,0
2025-10-17,S08,P082,6,0
2025-10-17,S08,P088,186,0
2025-10-17,S08,P099,31,0
2025-10-17,S08,P100,105,0
2025-10-17,S08,P112,160,0
2025-10-17,S08,P116,469,0
2025-10-18,S01,P024,0,0
2025-10-18,S01,P025,96,0
2025-10-18,S01,P037,189,0
2025-10-18,S01,P041,33,0
2025-10-18,S01,P054,70,0
2025-10-18,S01,P057,33,0
2025-10-18,S01,P066,19,0
2025-10-18,S01,P074,8,0
2025-10-18,S01,P076,0,0
2025-10-18,S01,P082,13,0
2025-10-18,S01,P088,192,0
2025-10-18,S01,P099,0,0
2025-10-18,S01,P100,12,0
2025-10-18,S01,P112,303,0
2025-10-18,S01,P116,8,0
2025-10-18,S02,P024,14,0
2025-10-18,S02,P025,57,0
2025-10-18,S02,P037,52,0
2025-10-18,S02,P041,44,0
2025-10-18,S02,P054,68,0
2025-10-18,S02,P057,0,0
2025-10-18,S02,P066,18,0
2025-10-18,S02,P074,82,0
2025-10-18,S02,P076,0,0
2025-10-18,S02,P082,4,0
2025-10-18,S02,P088,144,0
2025-10-18,S02,P099,48,36
2025-10-18,S02,P100,89,0
2025-10-18,S02,P112,8,0
2025-10-18,S02,P116,30,0
2025-10-18,S05,P024,8,0
2025-10-18,S05,P025,16,0
2025-10-18,S05,P037,263,0
2025-10-18,S05,P041,34,0
2025-10-18,S05,P054,95,0
2025-10-18,S05,P057,348,0
2025-10-18,S05,P066,16,0
2025-10-18,S05,P074,108,0
2025-10-18,S05,P076,101,127
2025-10-18,S05,P082,1,0
2025-10-18,S05,P088,244,0
2025-10-18,S05,P099,0,0
2025-10-18,S05,P100,3,0
2025-10-18,S05,P112,247,0
2025-10-18,S05,P116,75,0
2025-10-18,S06,P024,0,0
2025-10-18,S06,P025,86,0
2025-10-18,S06,P037,60,0
2025-10-18,S06,P041,22,0
2025-10-18,S06,P054,21,0
2025-10-18,S06,P057,0,0
2025-10-18,S06,P066,16,17
2025-10-18,S06,P074,28,0
2025-10-18,S06,P076,384,0
2025-10-18,S06,P082,21,23
2025-10-18,S06,P088,13,0
2025-10-18,S06,P099,9,0
2025-10-18,S06,P100,36,0
2025-10-18,S06,P112,27,0
2025-10-18,S06,P116,71,0
2025-10-18,S08,P024,0,0
2025-10-18,S08,P025,83,0
2025-10-18,S08,P037,25,0
2025-10-18,S08,P041,162,0
2025-10-18,S08,P054,75,0
2025-10-18,S08,P057,31,0
2025-10-18,S08,P066,0,0
2025-10-18,S08,P074,37,0
2025-10-18,S08,P076,23,0
2025-10-18,S08,P082,0,0
2025-10-18,S08,P088,180,0
2025-10-18,S08,P099,25,0
2025-10-18,S08,P100,101,0
2025-10-18,S08,P112,147,0
2025-10-18,S08,P116,459,0
2025-10-19,S01,P024,0,0
2025-10-19,S01,P025,89,0
2025-10-19,S01,P037,182,0
2025-10-19,S01,P041,21,0
2025-10-19,S01,P054,63,0
2025-10-19,S01,P057,23,0
2025-10-19,S01,P066,39,25
2025-10-19,S01,P074,50,48
2025-10-19,S01,P076,0,0
2025-10-19,S01,P082,5,0
2025-10-19,S01,P088,185,0
2025-10-19,S01,P099,34,42
2025-10-19,S01,P100,3,0
2025-10-19,S01,P112,292,0
2025-10-19,S01,P116,0,0
2025-10-19,S02,P024,6,0
2025-10-19,S02,P025,54,0
2025-10-19,S02,P037,122,78
2025-10-19,S02,P041,42,0
2025-10-19,S02,P054,63,0
2025-10-19,S02,P057,0,0
2025-10-19,S02,P066,16,0
2025-10-19,S02,P074,81,0
2025-10-19,S02,P076,0,0
2025-10-19,S02,P082,1,0
2025-10-19,S02,P088,141,0
2025-10-19,S02,P099,43,0
2025-10-19,S02,P100,86,0
2025-10-19,S02,P112,0,0
2025-10-19,S02,P116,22,0
2025-10-19,S05,P024,0,0
2025-10-19,S05,P025,110,100
2025-10-19,S05,P037,258,0
2025-10-19,S05,P041,29,0
2025-10-19,S05,P054,88,0
2025-10-19,S05,P057,334,0
2025-10-19,S05,P066,14,0
2025-10-19,S05,P074,102,0
2025-10-19,S05,P076,77,0
2025-10-19,S05,P082,0,0
2025-10-19,S05,P088,237,0
2025-10-19,S05,P099,0,0
2025-10-19,S05,P100,0,0
2025-10-19,S05,P112,235,0
2025-10-19,S05,P116,56,0
2025-10-19,S06,P024,0,0
2025-10-19,S06,P025,86,0
2025-10-19,S06,P037,52,0
2025-10-19,S06,P041,18,0
2025-10-19,S06,P054,18,0
2025-10-19,S06,P057,32,36
2025-10-19,S06,P066,12,0
2025-10-19,S06,P074,20,0
2025-10-19,S06,P076,363,0
2025-10-19,S06,P082,19,0
2025-10-19,S06,P088,32,24
2025-10-19,S06,P099,1,0
2025-10-19,S06,P100,32,0
2025-10-19,S06,P112,20,0
2025-10-19,S06,P116,63,0
2025-10-19,S08,P024,0,0
2025-10-19,S08,P025,71,0
2025-10-19,S08,P037,17,0
2025-10-19,S08,P041,159,0
2025-10-19,S08,P054,69,0
2025-10-19,S08,P057,20,0
2025-10-19,S08,P066,0,0
2025-10-19,S08,P074,27,0
2025-10-19,S08,P076,0,0
2025-10-19,S08,P082,0,0
2025-10-19,S08,P088,272,101
2025-10-19,S08,P099,18,0
2025-10-19,S08,P100,94,0
2025-10-19,S08,P112,136,0
2025-10-19,S08,P116,453,0
2025-10-20,S01,P024,0,0
2025-10-20,S01,P025,87,0
2025-10-20,S01,P037,174,0
2025-10-20,S01,P041,16,0
2025-10-20,S01,P054,55,0
2025-10-20,S01,P057,15,0
2025-10-20,S01,P066,35,0
2025-10-20,S01,P074,48,0
2025-10-20,S01,P076,0,0
2025-10-20,S01,P082,0,0
2025-10-20,S01,P088,180,0
2025-10-20,S01,P099,28,0
2025-10-20,S01,P100,3,0
2025-10-20,S01,P112,285,0
2025-10-20,S01,P116,0,0
2025-10-20,S02,P024,2,0
2025-10-20,S02,P025,51,0
2025-10-20,S02,P037,121,0
2025-10-20,S02,P041,40,0
2025-10-20,S02,P054,62,0
2025-10-20,S02,P057,0,0
2025-10-20,S02,P066,15,0
2025-10-20,S02,P074,79,0
2025-10-20,S02,P076,69,79
2025-10-20,S02,P082,0,0
2025-10-20,S02,P088,138,0
2025-10-20,S02,P099,39,0
2025-10-20,S02,P100,84,0
2025-10-20,S02,P112,0,0
2025-10-20,S02,P116,18,0
2025-10-20,S05,P024,0,0
2025-10-20,S05,P025,106,0
2025-10-20,S05,P037,253,0
2025-10-20,S05,P041,21,0
2025-10-20,S05,P054,85,0
2025-10-20,S05,P057,327,0
2025-10-20,S05,P066,11,0
2025-10-20,S05,P074,100,0
2025-10-20,S05,P076,55,0
2025-10-20,S05,P082,0,0
2025-10-20,S05,P088,231,0
2025-10-20,S05,P099,0,0
2025-10-20,S05,P100,96,100
2025-10-20,S05,P112,227,0
2025-10-20,S05,P116,51,0
2025-10-20,S06,P024,45,50
2025-10-20,S06,P025,85,0
2025-10-20,S06,P037,51,0
2025-10-20,S06,P041,14,0
2025-10-20,S06,P054,16,0
2025-10-20,S06,P057,28,0
2025-10-20,S06,P066,10,0
2025-10-20,S06,P074,19,0
2025-10-20,S06,P076,354,0
2025-10-20,S06,P082,12,0
2025-10-20,S06,P088,29,0
2025-10-20,S06,P099,0,0
2025-10-20,S06,P100,31,0
2025-10-20,S06,P112,15,0
2025-10-20,S06,P116,61,0
2025-10-20,S08,P024,76,82
2025-10-20,S08,P025,67,0
2025-10-20,S08,P037,12,0
2025-10-20,S08,P041,155,0
2025-10-20,S08,P054,67,0
2025-10-20,S08,P057,16,0
2025-10-20,S08,P066,0,0
2025-10-20,S08,P074,25,0
2025-10-20,S08,P076,0,0
2025-10-20,S08,P082,0,0
2025-10-20,S08,P088,266,0
2025-10-20,S08,P099,12,0
2025-10-20,S08,P100,90,0
2025-10-20,S08,P112,127,0
2025-10-20,S08,P116,445,0
2025-10-21,S01,P024,65,68
2025-10-21,S01,P025,84,0
2025-10-21,S01,P037,165,0
2025-10-21,S01,P041,13,0
2025-10-21,S01,P054,52,0
2025-10-21,S01,P057,5,0
2025-10-21,S01,P066,33,0
2025-10-21,S01,P074,46,0
2025-10-21,S01,P076,159,176
2025-10-21,S01,P082,0,0
2025-10-21,S01,P088,174,0
2025-10-21,S01,P099,23,0
2025-10-21,S01,P100,99,100
2025-10-21,S01,P112,273,0
2025-10-21,S01,P116,0,0
2025-10-21,S02,P024,0,0
2025-10-21,S02,P025,47,0
2025-10-21,S02,P037,116,0
2025-10-21,S02,P041,38,0
2025-10-21,S02,P054,58,0
2025-10-21,S02,P057,0,0
2025-10-21,S02,P066,12,0
2025-10-21,S02,P074,78,0
2025-10-21,S02,P076,60,0
2025-10-21,S02,P082,0,0
2025-10-21,S02,P088,133,0
2025-10-21,S02,P099,36,0
2025-10-21,S02,P100,81,0
2025-10-21,S02,P112,0,0
2025-10-21,S02,P116,14,0
2025-10-21,S05,P024,74,82
2025-10-21,S05,P025,104,0
2025-10-21,S05,P037,248,0
2025-10-21,S05,P041,18,0
2025-10-21,S05,P054,84,0
2025-10-21,S05,P057,323,0
2025-10-21,S05,P066,7,0
2025-10-21,S05,P074,97,0
2025-10-21,S05,P076,42,0
2025-10-21,S05,P082,26,31
2025-10-21,S05,P088,227,0
2025-10-21,S05,P099,0,0
2025-10-21,S05,P100,93,0
2025-10-21,S05,P112,218,0
2025-10-21,S05,P116,45,0
2025-10-21,S06,P024,43,0
2025-10-21,S06,P025,84,0
2025-10-21,S06,P037,45,0
2025-10-21,S06,P041,12,0
2025-10-21,S06,P054,14,0
2025-10-21,S06,P057,25,0
2025-10-21,S06,P066,8,0
2025-10-21,S06,P074,18,0
2025-10-21,S06,P076,346,0
2025-10-21,S06,P082,6,0
2025-10-21,S06,P088,28,0
2025-10-21,S06,P099,0,0
2025-10-21,S06,P100,29,0
2025-10-21,S06,P112,8,0
2025-10-21,S06,P116,57,0
2025-10-21,S08,P024,67,0
2025-10-21,S08,P025,65,0
2025-10-21,S08,P037,3,0
2025-10-21,S08,P041,152,0
2025-10-21,S08,P054,62,0
2025-10-21,S08,P057,13,0
2025-10-21,S08,P066,25,28
2025-10-21,S08,P074,19,0
2025-10-21,S08,P076,0,0
2025-10-21,S08,P082,28,35
2025-10-21,S08,P088,263,0
2025-10-21,S08,P099,8,0
2025-10-21,S08,P100,87,0
2025-10-21,S08,P112,124,0
2025-10-21,S08,P116,438,0
2025-10-22,S01,P024,59,0
2025-10-22,S01,P025,83,0
2025-10-22,S01,P037,156,0
2025-10-22,S01,P041,9,0
2025-10-22,S01,P054,47,0
2025-10-22,S01,P057,0,0
2025-10-22,S01,P066,30,0
2025-10-22,S01,P074,42,0
2025-10-22,S01,P076,138,0
2025-10-22,S01,P082,0,0
2025-10-22,S01,P088,168,0
2025-10-22,S01,P099,18,0
2025-10-22,S01,P100,98,0
2025-10-22,S01,P112,268,0
2025-10-22,S01,P116,0,0
2025-10-22,S02,P024,44,49
2025-10-22,S02,P025,46,0
2025-10-22,S02,P037,112,0
2025-10-22,S02,P041,30,0
2025-10-22,S02,P054,58,0
2025-10-22,S02,P057,33,36
2025-10-22,S02,P066,27,15
2025-10-22,S02,P074,76,0
2025-10-22,S02,P076,49,0
2025-10-22,S02,P082,0,0
2025-10-22,S02,P088,129,0
2025-10-22,S02,P099,31,0
2025-10-22,S02,P100,79,0
2025-10-22,S02,P112,0,0
2025-10-22,S02,P116,11,0
2025-10-22,S05,P024,57,0
2025-10-22,S05,P025,102,0
2025-10-22,S05,P037,240,0
2025-10-22,S05,P041,15,0
2025-10-22,S05,P054,76,0
2025-10-22,S05,P057,315,0
2025-10-22,S05,P066,5,0
2025-10-22,S05,P074,94,0
2025-10-22,S05,P076,30,0
2025-10-22,S05,P082,22,0
2025-10-22,S05,P088,348,125
2025-10-22,S05,P099,0,0
2025-10-22,S05,P100,90,0
2025-10-22,S05,P112,212,0
2025-10-22,S05,P116,37,0
2025-10-22,S06,P024,41,0
2025-10-22,S06,P025,83,0
2025-10-22,S06,P037,43,0
2025-10-22,S06,P041,7,0
2025-10-22,S06,P054,11,0
2025-10-22,S06,P057,21,0
2025-10-22,S06,P066,6,0
2025-10-22,S06,P074,16,0
2025-10-22,S06,P076,337,0
2025-10-22,S06,P082,3,0
2025-10-22,S06,P088,26,0
2025-10-22,S06,P099,0,0
2025-10-22,S06,P100,23,0
2025-10-22,S06,P112,4,0
2025-10-22,S06,P116,54,0
2025-10-22,S08,P024,57,0
2025-10-22,S08,P025,65,0
2025-10-22,S08,P037,0,0
2025-10-22,S08,P041,146,0
2025-10-22,S08,P054,60,0
2025-10-22,S08,P057,1,0
2025-10-22,S08,P066,20,0
2025-10-22,S08,P074,13,0
2025-10-22,S08,P076,0,0
2025-10-22,S08,P082,24,0
2025-10-22,S08,P088,258,0
2025-10-22,S08,P099,0,0
2025-10-22,S08,P100,83,0
2025-10-22,S08,P112,117,0
2025-10-22,S08,P116,425,0
2025-10-23,S01,P024,50,0
2025-10-23,S01,P025,78,0
2025-10-23,S01,P037,149,0
2025-10-23,S01,P041,4,0
2025-10-23,S01,P054,45,0
2025-10-23,S01,P057,49,55
2025-10-23,S01,P066,23,0
2025-10-23,S01,P074,40,0
2025-10-23,S01,P076,122,0
2025-10-23,S01,P082,0,0
2025-10-23,S01,P088,163,0
2025-10-23,S01,P099,12,0
2025-10-23,S01,P100,91,0
2025-10-23,S01,P112,251,0
2025-10-23,S01,P116,95,100
2025-10-23,S02,P024,41,0
2025-10-23,S02,P025,43,0
2025-10-23,S02,P037,107,0
2025-10-23,S02,P041,28,0
2025-10-23,S02,P054,55,0
2025-10-23,S02,P057,29,0
2025-10-23,S02,P066,26,0
2025-10-23,S02,P074,75,0
2025-10-23,S02,P076,39,0
2025-10-23,S02,P082,0,0
2025-10-23,S02,P088,124,0
2025-10-23,S02,P099,27,0
2025-10-23,S02,P100,77,0
2025-10-23,S02,P112,0,0
2025-10-23,S02,P116,8,0
2025-10-23,S05,P024,37,0
2025-10-23,S05,P025,99,0
2025-10-23,S05,P037,234,0
2025-10-23,S05,P041,9,0
2025-10-23,S05,P054,72,0
2025-10-23,S05,P057,306,0
2025-10-23,S05,P066,4,0
2025-10-23,S05,P074,90,0
2025-10-23,S05,P076,13,0
2025-10-23,S05,P082,20,0
2025-10-23,S05,P088,340,0
2025-10-23,S05,P099,0,0
2025-10-23,S05,P100,89,0
2025-10-23,S05,P112,207,0
2025-10-23,S05,P116,27,0
2025-10-23,S06,P024,36,0
2025-10-23,S06,P025,81,0
2025-10-23,S06,P037,42,0
2025-10-23,S06,P041,4,0
2025-10-23,S06,P054,8,0
2025-10-23,S06,P057,16,0
2025-10-23,S06,P066,4,0
2025-10-23,S06,P074,15,0
2025-10-23,S06,P076,331,0
2025-10-23,S06,P082,1,0
2025-10-23,S06,P088,22,0
2025-10-23,S06,P099,0,0
2025-10-23,S06,P100,21,0
2025-10-23,S06,P112,96,100
2025-10-23,S06,P116,48,0
2025-10-23,S08,P024,47,0
2025-10-23,S08,P025,59,0
2025-10-23,S08,P037,53,60
2025-10-23,S08,P041,140,0
2025-10-23,S08,P054,56,0
2025-10-23,S08,P057,0,0
2025-10-23,S08,P066,19,0
2025-10-23,S08,P074,11,0
2025-10-23,S08,P076,0,0
2025-10-23,S08,P082,54,35
2025-10-23,S08,P088,254,0
2025-10-23,S08,P099,0,0
2025-10-23,S08,P100,82,0
2025-10-23,S08,P112,107,0
2025-10-23,S08,P116,419,0
2025-10-24,S01,P024,41,0
2025-10-24,S01,P025,76,0
2025-10-24,S01,P037,143,0
2025-10-24,S01,P041,0,0
2025-10-24,S01,P054,43,0
2025-10-24,S01,P057,40,0
2025-10-24,S01,P066,15,0
2025-10-24,S01,P074,36,0
2025-10-24,S01,P076,93,0
2025-10-24,S01,P082,0,0
2025-10-24,S01,P088,158,0
2025-10-24,S01,P099,9,0
2025-10-24,S01,P100,85,0
2025-10-24,S01,P112,241,0
2025-10-24,S01,P116,77,0
2025-10-24,S02,P024,37,0
2025-10-24,S02,P025,41,0
2025-10-24,S02,P037,103,0
2025-10-24,S02,P041,25,0
2025-10-24,S02,P054,55,0
2025-10-24,S02,P057,25,0
2025-10-24,S02,P066,22,0
2025-10-24,S02,P074,73,0
2025-10-24,S02,P076,20,0
2025-10-24,S02,P082,17,21
2025-10-24,S02,P088,122,0
2025-10-24,S02,P099,21,0
2025-10-24,S02,P100,70,0
2025-10-24,S02,P112,93,100
2025-10-24,S02,P116,3,0
2025-10-24,S05,P024,32,0
2025-10-24,S05,P025,94,0
2025-10-24,S05,P037,222,0
2025-10-24,S05,P041,1,0
2025-10-24,S05,P054,63,0
2025-10-24,S05,P057,295,0
2025-10-24,S05,P066,2,0
2025-10-24,S05,P074,177,90
2025-10-24,S05,P076,0,0
2025-10-24,S05,P082,13,0
2025-10-24,S05,P088,332,0
2025-10-24,S05,P099,0,0
2025-10-24,S05,P100,80,0
2025-10-24,S05,P112,194,0
2025-10-24,S05,P116,16,0
2025-10-24,S06,P024,30,0
2025-10-24,S06,P025,80,0
2025-10-24,S06,P037,39,0
2025-10-24,S06,P041,0,0
2025-10-24,S06,P054,5,0
2025-10-24,S06,P057,11,0
2025-10-24,S06,P066,2,0
2025-10-24,S06,P074,12,0
2025-10-24,S06,P076,318,0
2025-10-24,S06,P082,0,0
2025-10-24,S06,P088,19,0
2025-10-24,S06,P099,0,0
2025-10-24,S06,P100,16,0
2025-10-24,S06,P112,86,0
2025-10-24,S06,P116,44,0
2025-10-24,S08,P024,35,0
2025-10-24,S08,P025,56,0
2025-10-24,S08,P037,48,0
2025-10-24,S08,P041,229,93
2025-10-24,S08,P054,54,0
2025-10-24,S08,P057,0,0
2025-10-24,S08,P066,14,0
2025-10-24,S08,P074,6,0
2025-10-24,S08,P076,0,0
2025-10-24,S08,P082,50,0
2025-10-24,S08,P088,251,0
2025-10-24,S08,P099,0,0
2025-10-24,S08,P100,77,0
2025-10-24,S08,P112,256,158
2025-10-24,S08,P116,410,0
2025-10-25,S01,P024,27,0
2025-10-25,S01,P025,68,0
2025-10-25,S01,P037,137,0
2025-10-25,S01,P041,0,0
2025-10-25,S01,P054,36,0
2025-10-25,S01,P057,29,0
2025-10-25,S01,P066,8,0
2025-10-25,S01,P074,32,0
2025-10-25,S01,P076,66,0
2025-10-25,S01,P082,0,0
2025-10-25,S01,P088,150,0
2025-10-25,S01,P099,2,0
2025-10-25,S01,P100,77,0
2025-10-25,S01,P112,229,0
2025-10-25,S01,P116,63,0
2025-10-25,S02,P024,31,0
2025-10-25,S02,P025,36,0
2025-10-25,S02,P037,95,0
2025-10-25,S02,P041,22,0
2025-10-25,S02,P054,52,0
2025-10-25,S02,P057,19,0
2025-10-25,S02,P066,20,0
2025-10-25,S02,P074,71,0
2025-10-25,S02,P076,5,0
2025-10-25,S02,P082,11,0
2025-10-25,S02,P088,113,0
2025-10-25,S02,P099,17,0
2025-10-25,S02,P100,69,0
2025-10-25,S02,P112,90,0
2025-10-25,S02,P116,0,0
2025-10-25,S05,P024,9,0
2025-10-25,S05,P025,89,0
2025-10-25,S05,P037,217,0
2025-10-25,S05,P041,0,0
2025-10-25,S05,P054,57,0
2025-10-25,S05,P057,289,0
2025-10-25,S05,P066,0,0
2025-10-25,S05,P074,167,0
2025-10-25,S05,P076,0,0
2025-10-25,S05,P082,4,0
2025-10-25,S05,P088,327,0
2025-10-25,S05,P099,34,41
2025-10-25,S05,P100,79,0
2025-10-25,S05,P112,185,0
2025-10-25,S05,P116,6,0
2025-10-25,S06,P024,22,0
2025-10-25,S06,P025,78,0
2025-10-25,S06,P037,32,0
2025-10-25,S06,P041,0,0
2025-10-25,S06,P054,1,0
2025-10-25,S06,P057,0,0
2025-10-25,S06,P066,0,0
2025-10-25,S06,P074,9,0
2025-10-25,S06,P076,306,0
2025-10-25,S06,P082,0,0
2025-10-25,S06,P088,16,0
2025-10-25,S06,P099,0,0
2025-10-25,S06,P100,13,0
2025-10-25,S06,P112,83,0
2025-10-25,S06,P116,41,0
2025-10-25,S08,P024,24,0
2025-10-25,S08,P025,51,0
2025-10-25,S08,P037,39,0
2025-10-25,S08,P041,224,0
2025-10-25,S08,P054,49,0
2025-10-25,S08,P057,0,0
2025-10-25,S08,P066,8,0
2025-10-25,S08,P074,0,0
2025-10-25,S08,P076,0,0
2025-10-25,S08,P082,47,0
2025-10-25,S08,P088,244,0
2025-10-25,S08,P099,0,0
2025-10-25,S08,P100,72,0
2025-10-25,S08,P112,247,0
2025-10-25,S08,P116,386,0
2025-10-26,S01,P024,12,0
2025-10-26,S01,P025,65,0
2025-10-26,S01,P037,131,0
2025-10-26,S01,P041,0,0
2025-10-26,S01,P054,25,0
2025-10-26,S01,P057,17,0
2025-10-26,S01,P066,1,0
2025-10-26,S01,P074,28,0
2025-10-26,S01,P076,38,0
2025-10-26,S01,P082,0,0
2025-10-26,S01,P088,142,0
2025-10-26,S01,P099,0,0
2025-10-26,S01,P100,71,0
2025-10-26,S01,P112,213,0
2025-10-26,S01,P116,50,0
2025-10-26,S02,P024,23,0
2025-10-26,S02,P025,32,0
2025-10-26,S02,P037,91,0
2025-10-26,S02,P041,16,0
2025-10-26,S02,P054,51,0
2025-10-26,S02,P057,13,0
2025-10-26,S02,P066,16,0
2025-10-26,S02,P074,69,0
2025-10-26,S02,P076,0,0
2025-10-26,S02,P082,8,0
2025-10-26,S02,P088,109,0
2025-10-26,S02,P099,7,0
2025-10-26,S02,P100,62,0
2025-10-26,S02,P112,84,0
2025-10-26,S02,P116,0,0
2025-10-26,S05,P024,1,0
2025-10-26,S05,P025,87,0
2025-10-26,S05,P037,212,0
2025-10-26,S05,P041,0,0
2025-10-26,S05,P054,52,0
2025-10-26,S05,P057,280,0
2025-10-26,S05,P066,0,0
2025-10-26,S05,P074,164,0
2025-10-26,S05,P076,0,0
2025-10-26,S05,P082,0,0
2025-10-26,S05,P088,316,0
2025-10-26,S05,P099,29,0
2025-10-26,S05,P100,72,0
2025-10-26,S05,P112,171,0
2025-10-26,S05,P116,0,0
2025-10-26,S06,P024,12,0
2025-10-26,S06,P025,76,0
2025-10-26,S06,P037,27,0
2025-10-26,S06,P041,0,0
2025-10-26,S06,P054,0,0
2025-10-26,S06,P057,0,0
2025-10-26,S06,P066,0,0
2025-10-26,S06,P074,5,0
2025-10-26,S06,P076,516,220
2025-10-26,S06,P082,0,0
2025-10-26,S06,P088,11,0
2025-10-26,S06,P099,0,0
2025-10-26,S06,P100,10,0
2025-10-26,S06,P112,76,0
2025-10-26,S06,P116,36,0
2025-10-26,S08,P024,11,0
2025-10-26,S08,P025,46,0
2025-10-26,S08,P037,29,0
2025-10-26,S08,P041,220,0
2025-10-26,S08,P054,41,0
2025-10-26,S08,P057,0,0
2025-10-26,S08,P066,4,0
2025-10-26,S08,P074,41,48
2025-10-26,S08,P076,0,0
2025-10-26,S08,P082,45,0
2025-10-26,S08,P088,237,0
2025-10-26,S08,P099,0,0
2025-10-26,S08,P100,66,0
2025-10-26,S08,P112,235,0
2025-10-26,S08,P116,379,0
2025-10-27,S01,P024,2,0
2025-10-27,S01,P025,64,0
2025-10-27,S01,P037,124,0
2025-10-27,S01,P041,58,60
2025-10-27,S01,P054,21,0
2025-10-27,S01,P057,9,0
2025-10-27,S01,P066,0,0
2025-10-27,S01,P074,25,0
2025-10-27,S01,P076,14,0
2025-10-27,S01,P082,0,0
2025-10-27,S01,P088,134,0
2025-10-27,S01,P099,0,0
2025-10-27,S01,P100,65,0
2025-10-27,S01,P112,201,0
2025-10-27,S01,P116,44,0
2025-10-27,S02,P024,18,0
2025-10-27,S02,P025,26,0
2025-10-27,S02,P037,86,0
2025-10-27,S02,P041,12,0
2025-10-27,S02,P054,49,0
2025-10-27,S02,P057,9,0
2025-10-27,S02,P066,15,0
2025-10-27,S02,P074,69,0
2025-10-27,S02,P076,0,0
2025-10-27,S02,P082,7,0
2025-10-27,S02,P088,174,67
2025-10-27,S02,P099,3,0
2025-10-27,S02,P100,60,0
2025-10-27,S02,P112,82,0
2025-10-27,S02,P116,0,0
2025-10-27,S05,P024,0,0
2025-10-27,S05,P025,85,0
2025-10-27,S05,P037,205,0
2025-10-27,S05,P041,0,0
2025-10-27,S05,P054,51,0
2025-10-27,S05,P057,274,0
2025-10-27,S05,P066,0,0
2025-10-27,S05,P074,160,0
2025-10-27,S05,P076,0,0
2025-10-27,S05,P082,0,0
2025-10-27,S05,P088,312,0
2025-10-27,S05,P099,26,0
2025-10-27,S05,P100,71,0
2025-10-27,S05,P112,169,0
2025-10-27,S05,P116,0,0
2025-10-27,S06,P024,4,0
2025-10-27,S06,P025,75,0
2025-10-27,S06,P037,25,0
2025-10-27,S06,P041,0,0
2025-10-27,S06,P054,98,100
2025-10-27,S06,P057,0,0
2025-10-27,S06,P066,0,0
2025-10-27,S06,P074,52,48
2025-10-27,S06,P076,511,0
2025-10-27,S06,P082,0,0
2025-10-27,S06,P088,7,0
2025-10-27,S06,P099,36,36
2025-10-27,S06,P100,9,0
2025-10-27,S06,P112,70,0
2025-10-27,S06,P116,28,0
2025-10-27,S08,P024,3,0
2025-10-27,S08,P025,44,0
2025-10-27,S08,P037,24,0
2025-10-27,S08,P041,214,0
2025-10-27,S08,P054,38,0
2025-10-27,S08,P057,37,41
2025-10-27,S08,P066,0,0
2025-10-27,S08,P074,37,0
2025-10-27,S08,P076,0,0
2025-10-27,S08,P082,45,0
2025-10-27,S08,P088,233,0
2025-10-27,S08,P099,0,0
2025-10-27,S08,P100,62,0
2025-10-27,S08,P112,231,0
2025-10-27,S08,P116,370,0
2025-10-28,S01,P024,0,0
2025-10-28,S01,P025,60,0
2025-10-28,S01,P037,252,136
2025-10-28,S01,P041,57,0
2025-10-28,S01,P054,19,0
2025-10-28,S01,P057,4,0
2025-10-28,S01,P066,22,25
2025-10-28,S01,P074,24,0
2025-10-28,S01,P076,0,0
2025-10-28,S01,P082,0,0
2025-10-28,S01,P088,129,0
2025-10-28,S01,P099,0,0
2025-10-28,S01,P100,64,0
2025-10-28,S01,P112,196,0
2025-10-28,S01,P116,36,0
2025-10-28,S02,P024,7,0
2025-10-28,S02,P025,26,0
2025-10-28,S02,P037,81,0
2025-10-28,S02,P041,8,0
2025-10-28,S02,P054,49,0
2025-10-28,S02,P057,6,0
2025-10-28,S02,P066,12,0
2025-10-28,S02,P074,67,0
2025-10-28,S02,P076,0,0
2025-10-28,S02,P082,6,0
2025-10-28,S02,P088,171,0
2025-10-28,S02,P099,0,0
2025-10-28,S02,P100,60,0
2025-10-28,S02,P112,77,0
2025-10-28,S02,P116,0,0
2025-10-28,S05,P024,71,82
2025-10-28,S05,P025,80,0
2025-10-28,S05,P037,196,0
2025-10-28,S05,P041,56,60
2025-10-28,S05,P054,50,0
2025-10-28,S05,P057,264,0
2025-10-28,S05,P066,0,0
2025-10-28,S05,P074,157,0
2025-10-28,S05,P076,0,0
2025-10-28,S05,P082,29,31
2025-10-28,S05,P088,304,0
2025-10-28,S05,P099,20,0
2025-10-28,S05,P100,66,0
2025-10-28,S05,P112,164,0
2025-10-28,S05,P116,0,0
2025-10-28,S06,P024,0,0
2025-10-28,S06,P025,74,0
2025-10-28,S06,P037,22,0
2025-10-28,S06,P041,0,0
2025-10-28,S06,P054,96,0
2025-10-28,S06,P057,0,0
2025-10-28,S06,P066,0,0
2025-10-28,S06,P074,51,0
2025-10-28,S06,P076,495,0
2025-10-28,S06,P082,0,0
2025-10-28,S06,P088,29,24
2025-10-28,S06,P099,34,0
2025-10-28,S06,P100,7,0
2025-10-28,S06,P112,67,0
2025-10-28,S06,P116,26,0
2025-10-28,S08,P024,0,0
2025-10-28,S08,P025,39,0
2025-10-28,S08,P037,17,0
2025-10-28,S08,P041,211,0
2025-10-28,S08,P054,36,0
2025-10-28,S08,P057,35,0
2025-10-28,S08,P066,0,0
2025-10-28,S08,P074,36,0
2025-10-28,S08,P076,0,0
2025-10-28,S08,P082,40,0
2025-10-28,S08,P088,226,0
2025-10-28,S08,P099,36,42
2025-10-28,S08,P100,54,0
2025-10-28,S08,P112,226,0
2025-10-28,S08,P116,357,0
2025-10-29,S01,P024,53,68
2025-10-29,S01,P025,57,0
2025-10-29,S01,P037,247,0
2025-10-29,S01,P041,50,0
2025-10-29,S01,P054,116,100
2025-10-29,S01,P057,54,55
2025-10-29,S01,P066,19,0
2025-10-29,S01,P074,22,0
2025-10-29,S01,P076,0,0
2025-10-29,S01,P082,34,40
2025-10-29,S01,P088,124,0
2025-10-29,S01,P099,0,0
2025-10-29,S01,P100,63,0
2025-10-29,S01,P112,189,0
2025-10-29,S01,P116,31,0
2025-10-29,S02,P024,0,0
2025-10-29,S02,P025,25,0
2025-10-29,S02,P037,72,0
2025-10-29,S02,P041,8,0
2025-10-29,S02,P054,47,0
2025-10-29,S02,P057,2,0
2025-10-29,S02,P066,9,0
2025-10-29,S02,P074,64,0
2025-10-29,S02,P076,0,0
2025-10-29,S02,P082,1,0
2025-10-29,S02,P088,168,0
2025-10-29,S02,P099,0,0
2025-10-29,S02,P100,57,0
2025-10-29,S02,P112,71,0
2025-10-29,S02,P116,0,0
2025-10-29,S05,P024,61,0
2025-10-29,S05,P025,73,0
2025-10-29,S05,P037,193,0
2025-10-29,S05,P041,52,0
2025-10-29,S05,P054,48,0
2025-10-29,S05,P057,257,0
2025-10-29,S05,P066,0,0
2025-10-29,S05,P074,155,0
2025-10-29,S05,P076,102,127
2025-10-29,S05,P082,28,0
2025-10-29,S05,P088,294,0
2025-10-29,S05,P099,13,0
2025-10-29,S05,P100,64,0
2025-10-29,S05,P112,157,0
2025-10-29,S05,P116,0,0
2025-10-29,S06,P024,0,0
2025-10-29,S06,P025,73,0
2025-10-29,S06,P037,20,0
2025-10-29,S06,P041,0,0
2025-10-29,S06,P054,91,0
2025-10-29,S06,P057,0,0
2025-10-29,S06,P066,0,0
2025-10-29,S06,P074,48,0
2025-10-29,S06,P076,479,0
2025-10-29,S06,P082,0,0
2025-10-29,S06,P088,26,0
2025-10-29,S06,P099,32,0
2025-10-29,S06,P100,2,0
2025-10-29,S06,P112,64,0
2025-10-29,S06,P116,19,0
2025-10-29,S08,P024,0,0
2025-10-29,S08,P025,37,0
2025-10-29,S08,P037,12,0
2025-10-29,S08,P041,206,0
2025-10-29,S08,P054,32,0
2025-10-29,S08,P057,71,41
2025-10-29,S08,P066,0,0
2025-10-29,S08,P074,32,0
2025-10-29,S08,P076,158,175
2025-10-29,S08,P082,36,0
2025-10-29,S08,P088,223,0
2025-10-29,S08,P099,34,0
2025-10-29,S08,P100,51,0
2025-10-29,S08,P112,223,0
2025-10-29,S08,P116,352,0
2025-10-30,S01,P024,39,0
2025-10-30,S01,P025,52,0
2025-10-30,S01,P037,240,0
2025-10-30,S01,P041,45,0
2025-10-30,S01,P054,114,0
2025-10-30,S01,P057,44,0
2025-10-30,S01,P066,15,0
2025-10-30,S01,P074,21,0
2025-10-30,S01,P076,0,0
2025-10-30,S01,P082,33,0
2025-10-30,S01,P088,118,0
2025-10-30,S01,P099,36,42
2025-10-30,S01,P100,59,0
2025-10-30,S01,P112,180,0
2025-10-30,S01,P116,19,0
2025-10-30,S02,P024,0,0
2025-10-30,S02,P025,23,0
2025-10-30,S02,P037,67,0
2025-10-30,S02,P041,6,0
2025-10-30,S02,P054,44,0
2025-10-30,S02,P057,0,0
2025-10-30,S02,P066,3,0
2025-10-30,S02,P074,62,0
2025-10-30,S02,P076,73,79
2025-10-30,S02,P082,0,0
2025-10-30,S02,P088,167,0
2025-10-30,S02,P099,0,0
2025-10-30,S02,P100,54,0
2025-10-30,S02,P112,68,0
2025-10-30,S02,P116,91,100
2025-10-30,S05,P024,48,0
2025-10-30,S05,P025,69,0
2025-10-30,S05,P037,183,0
2025-10-30,S05,P041,48,0
2025-10-30,S05,P054,44,0
2025-10-30,S05,P057,249,0
2025-10-30,S05,P066,0,0
2025-10-30,S05,P074,153,0
2025-10-30,S05,P076,89,0
2025-10-30,S05,P082,26,0
2025-10-30,S05,P088,287,0
2025-10-30,S05,P099,7,0
2025-10-30,S05,P100,64,0
2025-10-30,S05,P112,152,0
2025-10-30,S05,P116,94,100
2025-10-30,S06,P024,0,0
2025-10-30,S06,P025,73,0
2025-10-30,S06,P037,16,0
2025-10-30,S06,P041,58,60
2025-10-30,S06,P054,90,0
2025-10-30,S06,P057,0,0
2025-10-30,S06,P066,16,17
2025-10-30,S06,P074,45,0
2025-10-30,S06,P076,474,0
2025-10-30,S06,P082,21,23
2025-10-30,S06,P088,21,0
2025-10-30,S06,P099,29,0
2025-10-30,S06,P100,0,0
2025-10-30,S06,P112,59,0
2025-10-30,S06,P116,16,0
2025-10-30,S08,P024,69,82
2025-10-30,S08,P025,31,0
2025-10-30,S08,P037,8,0
2025-10-30,S08,P041,203,0
2025-10-30,S08,P054,21,0
2025-10-30,S08,P057,66,0
2025-10-30,S08,P066,0,0
2025-10-30,S08,P074,27,0
2025-10-30,S08,P076,131,0
2025-10-30,S08,P082,68,35
2025-10-30,S08,P088,218,0
2025-10-30,S08,P099,29,0
2025-10-30,S08,P100,44,0
2025-10-30,S08,P112,219,0
2025-10-30,S08,P116,339,0
2025-10-31,S01,P024,31,0
2025-10-31,S01,P025,49,0
2025-10-31,S01,P037,229,0
2025-10-31,S01,P041,39,0
2025-10-31,S01,P054,112,0
2025-10-31,S01,P057,34,0
2025-10-31,S01,P066,13,0
2025-10-31,S01,P074,19,0
2025-10-31,S01,P076,0,0
2025-10-31,S01,P082,28,0
2025-10-31,S01,P088,115,0
2025-10-31,S01,P099,33,0
2025-10-31,S01,P100,55,0
2025-10-31,S01,P112,172,0
2025-10-31,S01,P116,9,0
2025-10-31,S02,P024,39,49
2025-10-31,S02,P025,21,0
2025-10-31,S02,P037,66,0
2025-10-31,S02,P041,3,0
2025-10-31,S02,P054,41,0
2025-10-31,S02,P057,0,0
2025-10-31,S02,P066,13,15
2025-10-31,S02,P074,60,0
2025-10-31,S02,P076,56,0
2025-10-31,S02,P082,0,0
2025-10-31,S02,P088,166,0
2025-10-31,S02,P099,33,36
2025-10-31,S02,P100,52,0
2025-10-31,S02,P112,62,0
2025-10-31,S02,P116,87,0
2025-10-31,S05,P024,29,0
2025-10-31,S05,P025,64,0
2025-10-31,S05,P037,178,0
2025-10-31,S05,P041,40,0
2025-10-31,S05,P054,40,0
2025-10-31,S05,P057,241,0
2025-10-31,S05,P066,0,0
2025-10-31,S05,P074,145,0
2025-10-31,S05,P076,67,0
2025-10-31,S05,P082,21,0
2025-10-31,S05,P088,281,0
2025-10-31,S05,P099,0,0
2025-10-31,S05,P100,60,0
2025-10-31,S05,P112,145,0
2025-10-31,S05,P116,84,0
2025-10-31,S06,P024,46,50
2025-10-31,S06,P025,69,0
2025-10-31,S06,P037,12,0
2025-10-31,S06,P041,54,0
2025-10-31,S06,P054,82,0
2025-10-31,S06,P057,0,0
2025-10-31,S06,P066,11,0
2025-10-31,S06,P074,42,0
2025-10-31,S06,P076,464,0
2025-10-31,S06,P082,13,0
2025-10-31,S06,P088,19,0
2025-10-31,S06,P099,25,0
2025-10-31,S06,P100,0,0
2025-10-31,S06,P112,53,0
2025-10-31,S06,P116,14,0
2025-10-31,S08,P024,60,0
2025-10-31,S08,P025,29,0
2025-10-31,S08,P037,0,0
2025-10-31,S08,P041,198,0
2025-10-31,S08,P054,14,0
2025-10-31,S08,P057,56,0
2025-10-31,S08,P066,0,0
2025-10-31,S08,P074,22,0
2025-10-31,S08,P076,112,0
2025-10-31,S08,P082,60,0
2025-10-31,S08,P088,211,0
2025-10-31,S08,P099,25,0
2025-10-31,S08,P100,39,0
2025-10-31,S08,P112,215,0
2025-10-31,S08,P116,326,0
2025-11-01,S01,P024,17,0
2025-11-01,S01,P025,45,0
2025-11-01,S01,P037,219,0
2025-11-01,S01,P041,31,0
2025-11-01,S01,P054,106,0
2025-11-01,S01,P057,24,0
2025-11-01,S01,P066,7,0
2025-11-01,S01,P074,13,0
2025-11-01,S01,P076,0,0
2025-11-01,S01,P082,19,0
2025-11-01,S01,P088,109,0
2025-11-01,S01,P099,26,0
2025-11-01,S01,P100,54,0
2025-11-01,S01,P112,321,158
2025-11-01,S01,P116,0,0
2025-11-01,S02,P024,28,0
2025-11-01,S02,P025,19,0
2025-11-01,S02,P037,62,0
2025-11-01,S02,P041,0,0
2025-11-01,S02,P054,37,0
2025-11-01,S02,P057,0,0
2025-11-01,S02,P066,9,0
2025-11-01,S02,P074,58,0
2025-11-01,S02,P076,41,0
2025-11-01,S02,P082,16,21
2025-11-01,S02,P088,162,0
2025-11-01,S02,P099,26,0
2025-11-01,S02,P100,46,0
2025-11-01,S02,P112,58,0
2025-11-01,S02,P116,80,0
2025-11-01,S05,P024,10,0
2025-11-01,S05,P025,62,0
2025-11-01,S05,P037,165,0
2025-11-01,S05,P041,33,0
2025-11-01,S05,P054,33,0
2025-11-01,S05,P057,238,0
2025-11-01,S05,P066,0,0
2025-11-01,S05,P074,135,0
2025-11-01,S05,P076,43,0
2025-11-01,S05,P082,16,0
2025-11-01,S05,P088,274,0
2025-11-01,S05,P099,0,0
2025-11-01,S05,P100,52,0
2025-11-01,S05,P112,137,0
2025-11-01,S05,P116,71,0
2025-11-01,S06,P024,32,0
2025-11-01,S06,P025,69,0
2025-11-01,S06,P037,5,0
2025-11-01,S06,P041,53,0
2025-11-01,S06,P054,76,0
2025-11-01,S06,P057,0,0
2025-11-01,S06,P066,9,0
2025-11-01,S06,P074,37,0
2025-11-01,S06,P076,446,0
2025-11-01,S06,P082,12,0
2025-11-01,S06,P088,14,0
2025-11-01,S06,P099,23,0
2025-11-01,S06,P100,100,100
2025-11-01,S06,P112,46,0
2025-11-01,S06,P116,5,0
2025-11-01,S08,P024,52,0
2025-11-01,S08,P025,22,0
2025-11-01,S08,P037,49,60
2025-11-01,S08,P041,191,0
2025-11-01,S08,P054,107,100
2025-11-01,S08,P057,44,0
2025-11-01,S08,P066,0,0
2025-11-01,S08,P074,16,0
2025-11-01,S08,P076,77,0
2025-11-01,S08,P082,55,0
2025-11-01,S08,P088,198,0
2025-11-01,S08,P099,14,0
2025-11-01,S08,P100,34,0
2025-11-01,S08,P112,207,0
2025-11-01,S08,P116,309,0
2025-11-02,S01,P024,8,0
2025-11-02,S01,P025,42,0
2025-11-02,S01,P037,212,0
2025-11-02,S01,P041,22,0
2025-11-02,S01,P054,100,0
2025-11-02,S01,P057,15,0
2025-11-02,S01,P066,3,0
2025-11-02,S01,P074,57,48
2025-11-02,S01,P076,0,0
2025-11-02,S01,P082,2,0
2025-11-02,S01,P088,100,0
2025-11-02,S01,P099,20,0
2025-11-02,S01,P100,49,0
2025-11-02,S01,P112,310,0
2025-11-02,S01,P116,0,0
2025-11-02,S02,P024,17,0
2025-11-02,S02,P025,18,0
2025-11-02,S02,P037,59,0
2025-11-02,S02,P041,0,0
2025-11-02,S02,P054,27,0
2025-11-02,S02,P057,0,0
2025-11-02,S02,P066,8,0
2025-11-02,S02,P074,53,0
2025-11-02,S02,P076,28,0
2025-11-02,S02,P082,12,0
2025-11-02,S02,P088,159,0
2025-11-02,S02,P099,22,0
2025-11-02,S02,P100,44,0
2025-11-02,S02,P112,52,0
2025-11-02,S02,P116,74,0
2025-11-02,S05,P024,0,0
2025-11-02,S05,P025,55,0
2025-11-02,S05,P037,154,0
2025-11-02,S05,P041,25,0
2025-11-02,S05,P054,27,0
2025-11-02,S05,P057,227,0
2025-11-02,S05,P066,19,22
2025-11-02,S05,P074,128,0
2025-11-02,S05,P076,16,0
2025-11-02,S05,P082,13,0
2025-11-02,S05,P088,266,0
2025-11-02,S05,P099,0,0
2025-11-02,S05,P100,46,0
2025-11-02,S05,P112,128,0
2025-11-02,S05,P116,59,0
2025-11-02,S06,P024,25,0
2025-11-02,S06,P025,67,0
2025-11-02,S06,P037,62,60
2025-11-02,S06,P041,49,0
2025-11-02,S06,P054,72,0
2025-11-02,S06,P057,0,0
2025-11-02,S06,P066,6,0
2025-11-02,S06,P074,34,0
2025-11-02,S06,P076,425,0
2025-11-02,S06,P082,9,0
2025-11-02,S06,P088,6,0
2025-11-02,S06,P099,19,0
2025-11-02,S06,P100,97,0
2025-11-02,S06,P112,37,0
2025-11-02,S06,P116,0,0
2025-11-02,S08,P024,35,0
2025-11-02,S08,P025,15,0
2025-11-02,S08,P037,45,0
2025-11-02,S08,P041,183,0
2025-11-02,S08,P054,103,0
2025-11-02,S08,P057,38,0
2025-11-02,S08,P066,0,0
2025-11-02,S08,P074,9,0
2025-11-02,S08,P076,46,0
2025-11-02,S08,P082,48,0
2025-11-02,S08,P088,187,0
2025-11-02,S08,P099,0,0
2025-11-02,S08,P100,31,0
2025-11-02,S08,P112,195,0
2025-11-02,S08,P116,300,0
2025-11-03,S01,P024,3,0
2025-11-03,S01,P025,40,0
2025-11-03,S01,P037,208,0
2025-11-03,S01,P041,15,0
2025-11-03,S01,P054,97,0
2025-11-03,S01,P057,8,0
2025-11-03,S01,P066,0,0
2025-11-03,S01,P074,55,0
2025-11-03,S01,P076,0,0
2025-11-03,S01,P082,0,0
2025-11-03,S01,P088,96,0
2025-11-03,S01,P099,14,0
2025-11-03,S01,P100,48,0
2025-11-03,S01,P112,307,0
2025-11-03,S01,P116,0,0
2025-11-03,S02,P024,13,0
2025-11-03,S02,P025,16,0
2025-11-03,S02,P037,54,0
2025-11-03,S02,P041,58,60
2025-11-03,S02,P054,24,0
2025-11-03,S02,P057,0,0
2025-11-03,S02,P066,5,0
2025-11-03,S02,P074,50,0
2025-11-03,S02,P076,18,0
2025-11-03,S02,P082,8,0
2025-11-03,S02,P088,157,0
2025-11-03,S02,P099,16,0
2025-11-03,S02,P100,43,0
2025-11-03,S02,P112,49,0
2025-11-03,S02,P116,69,0
2025-11-03,S05,P024,0,0
2025-11-03,S05,P025,55,0
2025-11-03,S05,P037,148,0
2025-11-03,S05,P041,24,0
2025-11-03,S05,P054,23,0
2025-11-03,S05,P057,220,0
2025-11-03,S05,P066,14,0
2025-11-03,S05,P074,125,0
2025-11-03,S05,P076,0,0
2025-11-03,S05,P082,7,0
2025-11-03,S05,P088,262,0
2025-11-03,S05,P099,0,0
2025-11-03,S05,P100,43,0
2025-11-03,S05,P112,125,0
2025-11-03,S05,P116,49,0
2025-11-03,S06,P024,20,0
2025-11-03,S06,P025,66,0
2025-11-03,S06,P037,57,0
2025-11-03,S06,P041,45,0
2025-11-03,S06,P054,71,0
2025-11-03,S06,P057,0,0
2025-11-03,S06,P066,3,0
2025-11-03,S06,P074,32,0
2025-11-03,S06,P076,413,0
2025-11-03,S06,P082,6,0
2025-11-03,S06,P088,4,0
2025-11-03,S06,P099,17,0
2025-11-03,S06,P100,93,0
2025-11-03,S06,P112,33,0
2025-11-03,S06,P116,0,0
2025-11-03,S08,P024,16,0
2025-11-03,S08,P025,11,0
2025-11-03,S08,P037,43,0
2025-11-03,S08,P041,179,0
2025-11-03,S08,P054,101,0
2025-11-03,S08,P057,34,0
2025-11-03,S08,P066,0,0
2025-11-03,S08,P074,50,48
2025-11-03,S08,P076,30,0
2025-11-03,S08,P082,45,0
2025-11-03,S08,P088,177,0
2025-11-03,S08,P099,0,0
2025-11-03,S08,P100,29,0
2025-11-03,S08,P112,188,0
2025-11-03,S08,P116,288,0
2025-11-04,S01,P024,60,68
2025-11-04,S01,P025,38,0
2025-11-04,S01,P037,202,0
2025-11-04,S01,P041,13,0
2025-11-04,S01,P054,94,0
2025-11-04,S01,P057,5,0
2025-11-04,S01,P066,0,0
2025-11-04,S01,P074,51,0
2025-11-04,S01,P076,0,0
2025-11-04,S01,P082,0,0
2025-11-04,S01,P088,191,98
2025-11-04,S01,P099,12,0
2025-11-04,S01,P100,43,0
2025-11-04,S01,P112,300,0
2025-11-04,S01,P116,0,0
2025-11-04,S02,P024,10,0
2025-11-04,S02,P025,16,0
2025-11-04,S02,P037,51,0
2025-11-04,S02,P041,55,0
2025-11-04,S02,P054,20,0
2025-11-04,S02,P057,0,0
2025-11-04,S02,P066,4,0
2025-11-04,S02,P074,48,0
2025-11-04,S02,P076,6,0
2025-11-04,S02,P082,7,0
2025-11-04,S02,P088,154,0
2025-11-04,S02,P099,14,0
2025-11-04,S02,P100,41,0
2025-11-04,S02,P112,47,0
2025-11-04,S02,P116,66,0
2025-11-04,S05,P024,72,82
2025-11-04,S05,P025,50,0
2025-11-04,S05,P037,282,140
2025-11-04,S05,P041,21,0
2025-11-04,S05,P054,22,0
2025-11-04,S05,P057,216,0
2025-11-04,S05,P066,13,0
2025-11-04,S05,P074,121,0
2025-11-04,S05,P076,0,0
2025-11-04,S05,P082,34,31
2025-11-04,S05,P088,257,0
2025-11-04,S05,P099,0,0
2025-11-04,S05,P100,39,0
2025-11-04,S05,P112,121,0
2025-11-04,S05,P116,44,0
2025-11-04,S06,P024,15,0
2025-11-04,S06,P025,65,0
2025-11-04,S06,P037,50,0
2025-11-04,S06,P041,40,0
2025-11-04,S06,P054,71,0
2025-11-04,S06,P057,0,0
2025-11-04,S06,P066,0,0
2025-11-04,S06,P074,31,0
2025-11-04,S06,P076,407,0
2025-11-04,S06,P082,24,23
2025-11-04,S06,P088,3,0
2025-11-04,S06,P099,14,0
2025-11-04,S06,P100,90,0
2025-11-04,S06,P112,28,0
2025-11-04,S06,P116,0,0
2025-11-04,S08,P024,11,0
2025-11-04,S08,P025,11,0
2025-11-04,S08,P037,38,0
2025-11-04,S08,P041,172,0
2025-11-04,S08,P054,101,0
2025-11-04,S08,P057,27,0
2025-11-04,S08,P066,21,28
2025-11-04,S08,P074,45,0
2025-11-04,S08,P076,2,0
2025-11-04,S08,P082,42,0
2025-11-04,S08,P088,171,0
2025-11-04,S08,P099,0,0
2025-11-04,S08,P100,21,0
2025-11-04,S08,P112,181,0
2025-11-04,S08,P116,284,0
2025-11-05,S01,P024,50,0
2025-11-05,S01,P025,36,0
2025-11-05,S01,P037,197,0
2025-11-05,S01,P041,6,0
2025-11-05,S01,P054,91,0
2025-11-05,S01,P057,52,55
2025-11-05,S01,P066,0,0
2025-11-05,S01,P074,50,0
2025-11-05,S01,P076,0,0
2025-11-05,S01,P082,0,0
2025-11-05,S01,P088,189,0
2025-11-05,S01,P099,9,0
2025-11-05,S01,P100,41,0
2025-11-05,S01,P112,294,0
2025-11-05,S01,P116,89,100
2025-11-05,S02,P024,2,0
2025-11-05,S02,P025,15,0
2025-11-05,S02,P037,128,78
2025-11-05,S02,P041,51,0
2025-11-05,S02,P054,18,0
2025-11-05,S02,P057,0,0
2025-11-05,S02,P066,3,0
2025-11-05,S02,P074,47,0
2025-11-05,S02,P076,0,0
2025-11-05,S02,P082,4,0
2025-11-05,S02,P088,152,0
2025-11-05,S02,P099,10,0
2025-11-05,S02,P100,39,0
2025-11-05,S02,P112,42,0
2025-11-05,S02,P116,64,0
2025-11-05,S05,P024,59,0
2025-11-05,S05,P025,49,0
2025-11-05,S05,P037,276,0
2025-11-05,S05,P041,15,0
2025-11-05,S05,P054,17,0
2025-11-05,S05,P057,205,0
2025-11-05,S05,P066,12,0
2025-11-05,S05,P074,118,0
2025-11-05,S05,P076,0,0
2025-11-05,S05,P082,28,0
2025-11-05,S05,P088,253,0
2025-11-05,S05,P099,32,41
2025-11-05,S05,P100,35,0
2025-11-05,S05,P112,114,0
2025-11-05,S05,P116,36,0
2025-11-05,S06,P024,6,0
2025-11-05,S06,P025,61,0
2025-11-05,S06,P037,48,0
2025-11-05,S06,P041,39,0
2025-11-05,S06,P054,69,0
2025-11-05,S06,P057,0,0
2025-11-05,S06,P066,0,0
2025-11-05,S06,P074,29,0
2025-11-05,S06,P076,394,0
2025-11-05,S06,P082,21,0
2025-11-05,S06,P088,2,0
2025-11-05,S06,P099,11,0
2025-11-05,S06,P100,88,0
2025-11-05,S06,P112,26,0
2025-11-05,S06,P116,94,100
2025-11-05,S08,P024,0,0
2025-11-05,S08,P025,6,0
2025-11-05,S08,P037,31,0
2025-11-05,S08,P041,167,0
2025-11-05,S08,P054,95,0
2025-11-05,S08,P057,19,0
2025-11-05,S08,P066,14,0
2025-11-05,S08,P074,40,0
2025-11-05,S08,P076,0,0
2025-11-05,S08,P082,34,0
2025-11-05,S08,P088,167,0
2025-11-05,S08,P099,0,0
2025-11-05,S08,P100,14,0
2025-11-05,S08,P112,175,0
2025-11-05,S08,P116,276,0
2025-11-06,S01,P024,46,0
2025-11-06,S01,P025,33,0
2025-11-06,S01,P037,190,0
2025-11-06,S01,P041,3,0
2025-11-06,S01,P054,84,0
2025-11-06,S01,P057,48,0
2025-11-06,S01,P066,0,0
2025-11-06,S01,P074,47,0
2025-11-06,S01,P076,160,176
2025-11-06,S01,P082,0,0
2025-11-06,S01,P088,185,0
2025-11-06,S01,P099,4,0
2025-11-06,S01,P100,38,0
2025-11-06,S01,P112,287,0
2025-11-06,S01,P116,83,0
2025-11-06,S02,P024,48,49
2025-11-06,S02,P025,14,0
2025-11-06,S02,P037,126,0
2025-11-06,S02,P041,48,0
2025-11-06,S02,P054,16,0
2025-11-06,S02,P057,0,0
2025-11-06,S02,P066,2,0
2025-11-06,S02,P074,43,0
2025-11-06,S02,P076,0,0
2025-11-06,S02,P082,2,0
2025-11-06,S02,P088,147,0
2025-11-06,S02,P099,7,0
2025-11-06,S02,P100,37,0
2025-11-06,S02,P112,39,0
2025-11-06,S02,P116,60,0
2025-11-06,S05,P024,51,0
2025-11-06,S05,P025,44,0
2025-11-06,S05,P037,270,0
2025-11-06,S05,P041,12,0
2025-11-06,S05,P054,16,0
2025-11-06,S05,P057,200,0
2025-11-06,S05,P066,7,0
2025-11-06,S05,P074,113,0
2025-11-06,S05,P076,0,0
2025-11-06,S05,P082,25,0
2025-11-06,S05,P088,250,0
2025-11-06,S05,P099,27,0
2025-11-06,S05,P100,32,0
2025-11-06,S05,P112,112,0
2025-11-06,S05,P116,27,0
2025-11-06,S06,P024,1,0
2025-11-06,S06,P025,58,0
2025-11-06,S06,P037,41,0
2025-11-06,S06,P041,37,0
2025-11-06,S06,P054,68,0
2025-11-06,S06,P057,0,0
2025-11-06,S06,P066,0,0
2025-11-06,S06,P074,25,0
2025-11-06,S06,P076,386,0
2025-11-06,S06,P082,21,0
2025-11-06,S06,P088,21,24
2025-11-06,S06,P099,11,0
2025-11-06,S06,P100,88,0
2025-11-06,S06,P112,24,0
2025-11-06,S06,P116,92,0
2025-11-06,S08,P024,0,0
2025-11-06,S08,P025,4,0
2025-11-06,S08,P037,25,0
2025-11-06,S08,P041,166,0
2025-11-06,S08,P054,94,0
2025-11-06,S08,P057,16,0
2025-11-06,S08,P066,13,0
2025-11-06,S08,P074,37,0
2025-11-06,S08,P076,0,0
2025-11-06,S08,P082,30,0
2025-11-06,S08,P088,162,0
2025-11-06,S08,P099,0,0
2025-11-06,S08,P100,113,100
2025-11-06,S08,P112,169,0
2025-11-06,S08,P116,481,213
2025-11-07,S01,P024,38,0
2025-11-07,S01,P025,32,0
2025-11-07,S01,P037,188,0
2025-11-07,S01,P041,0,0
2025-11-07,S01,P054,77,0
2025-11-07,S01,P057,39,0
2025-11-07,S01,P066,23,25
2025-11-07,S01,P074,41,0
2025-11-07,S01,P076,124,0
2025-11-07,S01,P082,0,0
2025-11-07,S01,P088,182,0
2025-11-07,S01,P099,0,0
2025-11-07,S01,P100,29,0
2025-11-07,S01,P112,279,0
2025-11-07,S01,P116,75,0
2025-11-07,S02,P024,44,0
2025-11-07,S02,P025,13,0
2025-11-07,S02,P037,122,0
2025-11-07,S02,P041,45,0
2025-11-07,S02,P054,15,0
2025-11-07,S02,P057,0,0
2025-11-07,S02,P066,17,15
2025-11-07,S02,P074,43,0
2025-11-07,S02,P076,0,0
2025-11-07,S02,P082,0,0
2025-11-07,S02,P088,145,0
2025-11-07,S02,P099,39,36
2025-11-07,S02,P100,36,0
2025-11-07,S02,P112,37,0
2025-11-07,S02,P116,59,0
2025-11-07,S05,P024,34,0
2025-11-07,S05,P025,42,0
2025-11-07,S05,P037,258,0
2025-11-07,S05,P041,8,0
2025-11-07,S05,P054,11,0
2025-11-07,S05,P057,351,160
2025-11-07,S05,P066,4,0
2025-11-07,S05,P074,110,0
2025-11-07,S05,P076,0,0
2025-11-07,S05,P082,25,0
2025-11-07,S05,P088,247,0
2025-11-07,S05,P099,16,0
2025-11-07,S05,P100,30,0
2025-11-07,S05,P112,102,0
2025-11-07,S05,P116,21,0
2025-11-07,S06,P024,0,0
2025-11-07,S06,P025,55,0
2025-11-07,S06,P037,36,0
2025-11-07,S06,P041,35,0
2025-11-07,S06,P054,67,0
2025-11-07,S06,P057,0,0
2025-11-07,S06,P066,0,0
2025-11-07,S06,P074,24,0
2025-11-07,S06,P076,374,0
2025-11-07,S06,P082,20,0
2025-11-07,S06,P088,19,0
2025-11-07,S06,P099,10,0
2025-11-07,S06,P100,88,0
2025-11-07,S06,P112,20,0
2025-11-07,S06,P116,87,0
2025-11-07,S08,P024,0,0
2025-11-07,S08,P025,1,0
2025-11-07,S08,P037,22,0
2025-11-07,S08,P041,163,0
2025-11-07,S08,P054,92,0
2025-11-07,S08,P057,12,0
2025-11-07,S08,P066,8,0
2025-11-07,S08,P074,35,0
2025-11-07,S08,P076,0,0
2025-11-07,S08,P082,23,0
2025-11-07,S08,P088,156,0
2025-11-07,S08,P099,0,0
2025-11-07,S08,P100,111,0
2025-11-07,S08,P112,161,0
2025-11-07,S08,P116,473,0
2025-11-08,S01,P024,28,0
2025-11-08,S01,P025,28,0
2025-11-08,S01,P037,183,0
2025-11-08,S01,P041,0,0
2025-11-08,S01,P054,70,0
2025-11-08,S01,P057,30,0
2025-11-08,S01,P066,43,25
2025-11-08,S01,P074,41,0
2025-11-08,S01,P076,100,0
2025-11-08,S01,P082,0,0
2025-11-08,S01,P088,177,0
2025-11-08,S01,P099,0,0
2025-11-08,S01,P100,25,0
2025-11-08,S01,P112,271,0
2025-11-08,S01,P116,63,0
2025-11-08,S02,P024,37,0
2025-11-08,S02,P025,11,0
2025-11-08,S02,P037,120,0
2025-11-08,S02,P041,40,0
2025-11-08,S02,P054,14,0
2025-11-08,S02,P057,0,0
2025-11-08,S02,P066,16,0
2025-11-08,S02,P074,42,0
2025-11-08,S02,P076,0,0
2025-11-08,S02,P082,0,0
2025-11-08,S02,P088,143,0
2025-11-08,S02,P099,37,0
2025-11-08,S02,P100,31,0
2025-11-08,S02,P112,30,0
2025-11-08,S02,P116,58,0
2025-11-08,S05,P024,13,0
2025-11-08,S05,P025,40,0
2025-11-08,S05,P037,252,0
2025-11-08,S05,P041,0,0
2025-11-08,S05,P054,110,100
2025-11-08,S05,P057,345,0
2025-11-08,S05,P066,2,0
2025-11-08,S05,P074,103,0
2025-11-08,S05,P076,0,0
2025-11-08,S05,P082,20,0
2025-11-08,S05,P088,238,0
2025-11-08,S05,P099,9,0
2025-11-08,S05,P100,27,0
2025-11-08,S05,P112,93,0
2025-11-08,S05,P116,12,0
2025-11-08,S06,P024,0,0
2025-11-08,S06,P025,54,0
2025-11-08,S06,P037,33,0
2025-11-08,S06,P041,30,0
2025-11-08,S06,P054,67,0
2025-11-08,S06,P057,30,36
2025-11-08,S06,P066,0,0
2025-11-08,S06,P074,21,0
2025-11-08,S06,P076,365,0
2025-11-08,S06,P082,18,0
2025-11-08,S06,P088,11,0
2025-11-08,S06,P099,7,0
2025-11-08,S06,P100,86,0
2025-11-08,S06,P112,12,0
2025-11-08,S06,P116,85,0
2025-11-08,S08,P024,69,82
2025-11-08,S08,P025,0,0
2025-11-08,S08,P037,15,0
2025-11-08,S08,P041,159,0
2025-11-08,S08,P054,88,0
2025-11-08,S08,P057,6,0
2025-11-08,S08,P066,3,0
2025-11-08,S08,P074,31,0
2025-11-08,S08,P076,0,0
2025-11-08,S08,P082,16,0
2025-11-08,S08,P088,250,101
2025-11-08,S08,P099,0,0
2025-11-08,S08,P100,104,0
2025-11-08,S08,P112,155,0
2025-11-08,S08,P116,468,0
2025-11-09,S01,P024,17,0
2025-11-09,S01,P025,25,0
2025-11-09,S01,P037,172,0
2025-11-09,S01,P041,0,0
2025-11-09,S01,P054,62,0
2025-11-09,S01,P057,26,0
2025-11-09,S01,P066,40,0
2025-11-09,S01,P074,36,0
2025-11-09,S01,P076,75,0
2025-11-09,S01,P082,0,0
2025-11-09,S01,P088,166,0
2025-11-09,S01,P099,0,0
2025-11-09,S01,P100,22,0
2025-11-09,S01,P112,263,0
2025-11-09,S01,P116,50,0
2025-11-09,S02,P024,31,0
2025-11-09,S02,P025,8,0
2025-11-09,S02,P037,119,0
2025-11-09,S02,P041,36,0
2025-11-09,S02,P054,11,0
2025-11-09,S02,P057,0,0
2025-11-09,S02,P066,15,0
2025-11-09,S02,P074,41,0
2025-11-09,S02,P076,71,79
2025-11-09,S02,P082,0,0
2025-11-09,S02,P088,136,0
2025-11-09,S02,P099,32,0
2025-11-09,S02,P100,26,0
2025-11-09,S02,P112,27,0
2025-11-09,S02,P116,53,0
2025-11-09,S05,P024,5,0
2025-11-09,S05,P025,35,0
2025-11-09,S05,P037,244,0
2025-11-09,S05,P041,0,0
2025-11-09,S05,P054,101,0
2025-11-09,S05,P057,335,0
2025-11-09,S05,P066,0,0
2025-11-09,S05,P074,95,0
2025-11-09,S05,P076,104,127
2025-11-09,S05,P082,12,0
2025-11-09,S05,P088,228,0
2025-11-09,S05,P099,0,0
2025-11-09,S05,P100,19,0
2025-11-09,S05,P112,84,0
2025-11-09,S05,P116,4,0
2025-11-09,S06,P024,0,0
2025-11-09,S06,P025,54,0
2025-11-09,S06,P037,32,0
2025-11-09,S06,P041,30,0
2025-11-09,S06,P054,66,0
2025-11-09,S06,P057,27,0
2025-11-09,S06,P066,0,0
2025-11-09,S06,P074,19,0
2025-11-09,S06,P076,353,0
2025-11-09,S06,P082,16,0
2025-11-09,S06,P088,9,0
2025-11-09,S06,P099,4,0
2025-11-09,S06,P100,84,0
2025-11-09,S06,P112,7,0
2025-11-09,S06,P116,79,0
2025-11-09,S08,P024,54,0
2025-11-09,S08,P025,0,0
2025-11-09,S08,P037,9,0
2025-11-09,S08,P041,153,0
2025-11-09,S08,P054,82,0
2025-11-09,S08,P057,3,0
2025-11-09,S08,P066,1,0
2025-11-09,S08,P074,27,0
2025-11-09,S08,P076,0,0
2025-11-09,S08,P082,9,0
2025-11-09,S08,P088,247,0
2025-11-09,S08,P099,0,0
2025-11-09,S08,P100,95,0
2025-11-09,S08,P112,148,0
2025-11-09,S08,P116,448,0
2025-11-10,S01,P024,11,0
2025-11-10,S01,P025,120,100
2025-11-10,S01,P037,167,0
2025-11-10,S01,P041,0,0
2025-11-10,S01,P054,61,0
2025-11-10,S01,P057,24,0
2025-11-10,S01,P066,36,0
2025-11-10,S01,P074,30,0
2025-11-10,S01,P076,49,0
2025-11-10,S01,P082,0,0
2025-11-10,S01,P088,162,0
2025-11-10,S01,P099,0,0
2025-11-10,S01,P100,19,0
2025-11-10,S01,P112,260,0
2025-11-10,S01,P116,42,0
2025-11-10,S02,P024,25,0
2025-11-10,S02,P025,106,100
2025-11-10,S02,P037,118,0
2025-11-10,S02,P041,35,0
2025-11-10,S02,P054,7,0
2025-11-10,S02,P057,0,0
2025-11-10,S02,P066,14,0
2025-11-10,S02,P074,89,48
2025-11-10,S02,P076,63,0
2025-11-10,S02,P082,0,0
2025-11-10,S02,P088,133,0
2025-11-10,S02,P099,30,0
2025-11-10,S02,P100,22,0
2025-11-10,S02,P112,21,0
2025-11-10,S02,P116,48,0
2025-11-10,S05,P024,0,0
2025-11-10,S05,P025,35,0
2025-11-10,S05,P037,239,0
2025-11-10,S05,P041,0,0
2025-11-10,S05,P054,97,0
2025-11-10,S05,P057,329,0
2025-11-10,S05,P066,0,0
2025-11-10,S05,P074,94,0
2025-11-10,S05,P076,90,0
2025-11-10,S05,P082,10,0
2025-11-10,S05,P088,225,0
2025-11-10,S05,P099,0,0
2025-11-10,S05,P100,15,0
2025-11-10,S05,P112,81,0
2025-11-10,S05,P116,0,0
2025-11-10,S06,P024,44,50
2025-11-10,S06,P025,54,0
2025-11-10,S06,P037,29,0
2025-11-10,S06,P041,27,0
2025-11-10,S06,P054,63,0
2025-11-10,S06,P057,25,0
2025-11-10,S06,P066,0,0
2025-11-10,S06,P074,17,0
2025-11-10,S06,P076,342,0
2025-11-10,S06,P082,15,0
2025-11-10,S06,P088,5,0
2025-11-10,S06,P099,4,0
2025-11-10,S06,P100,84,0
2025-11-10,S06,P112,104,100
2025-11-10,S06,P116,78,0
2025-11-10,S08,P024,50,0
2025-11-10,S08,P025,100,100
2025-11-10,S08,P037,7,0
2025-11-10,S08,P041,152,0
2025-11-10,S08,P054,78,0
2025-11-10,S08,P057,0,0
2025-11-10,S08,P066,0,0
2025-11-10,S08,P074,21,0
2025-11-10,S08,P076,151,175
2025-11-10,S08,P082,3,0
2025-11-10,S08,P088,242,0
2025-11-10,S08,P099,40,42
2025-11-10,S08,P100,92,0
2025-11-10,S08,P112,143,0
2025-11-10,S08,P116,436,0
2025-11-11,S01,P024,74,68
2025-11-11,S01,P025,118,0
2025-11-11,S01,P037,160,0
2025-11-11,S01,P041,0,0
2025-11-11,S01,P054,55,0
2025-11-11,S01,P057,73,55
2025-11-11,S01,P066,33,0
2025-11-11,S01,P074,28,0
2025-11-11,S01,P076,40,0
2025-11-11,S01,P082,0,0
2025-11-11,S01,P088,159,0
2025-11-11,S01,P099,38,42
2025-11-11,S01,P100,15,0
2025-11-11,S01,P112,254,0
2025-11-11,S01,P116,39,0
2025-11-11,S02,P024,24,0
2025-11-11,S02,P025,103,0
2025-11-11,S02,P037,116,0
2025-11-11,S02,P041,34,0
2025-11-11,S02,P054,106,100
2025-11-11,S02,P057,36,36
2025-11-11,S02,P066,27,15
2025-11-11,S02,P074,88,0
2025-11-11,S02,P076,55,0
2025-11-11,S02,P082,20,21
2025-11-11,S02,P088,130,0
2025-11-11,S02,P099,28,0
2025-11-11,S02,P100,22,0
2025-11-11,S02,P112,19,0
2025-11-11,S02,P116,42,0
2025-11-11,S05,P024,0,0
2025-11-11,S05,P025,35,0
2025-11-11,S05,P037,235,0
2025-11-11,S05,P041,0,0
2025-11-11,S05,P054,92,0
2025-11-11,S05,P057,322,0
2025-11-11,S05,P066,0,0
2025-11-11,S05,P074,181,90
2025-11-11,S05,P076,73,0
2025-11-11,S05,P082,4,0
2025-11-11,S05,P088,345,125
2025-11-11,S05,P099,0,0
2025-11-11,S05,P100,14,0
2025-11-11,S05,P112,73,0
2025-11-11,S05,P116,0,0
2025-11-11,S06,P024,37,0
2025-11-11,S06,P025,52,0
2025-11-11,S06,P037,27,0
2025-11-11,S06,P041,25,0
2025-11-11,S06,P054,60,0
2025-11-11,S06,P057,19,0
2025-11-11,S06,P066,0,0
2025-11-11,S06,P074,17,0
2025-11-11,S06,P076,335,0
2025-11-11,S06,P082,13,0
2025-11-11,S06,P088,3,0
2025-11-11,S06,P099,1,0
2025-11-11,S06,P100,83,0
2025-11-11,S06,P112,97,0
2025-11-11,S06,P116,74,0
2025-11-11,S08,P024,43,0
2025-11-11,S08,P025,98,0
2025-11-11,S08,P037,0,0
2025-11-11,S08,P041,146,0
2025-11-11,S08,P054,74,0
2025-11-11,S08,P057,0,0
2025-11-11,S08,P066,0,0
2025-11-11,S08,P074,16,0
2025-11-11,S08,P076,132,0
2025-11-11,S08,P082,0,0
2025-11-11,S08,P088,238,0
2025-11-11,S08,P099,37,0
2025-11-11,S08,P100,85,0
2025-11-11,S08,P112,138,0
2025-11-11,S08,P116,433,0
2025-11-12,S01,P024,62,0
2025-11-12,S01,P025,117,0
2025-11-12,S01,P037,155,0
2025-11-12,S01,P041,0,0
2025-11-12,S01,P054,50,0
2025-11-12,S01,P057,69,0
2025-11-12,S01,P066,32,0
2025-11-12,S01,P074,23,0
2025-11-12,S01,P076,19,0
2025-11-12,S01,P082,0,0
2025-11-12,S01,P088,156,0
2025-11-12,S01,P099,33,0
2025-11-12,S01,P100,12,0
2025-11-12,S01,P112,249,0
2025-11-12,S01,P116,31,0
2025-11-12,S02,P024,14,0
2025-11-12,S02,P025,101,0
2025-11-12,S02,P037,115,0
2025-11-12,S02,P041,31,0
2025-11-12,S02,P054,105,0
2025-11-12,S02,P057,33,0
2025-11-12,S02,P066,24,0
2025-11-12,S02,P074,88,0
2025-11-12,S02,P076,46,0
2025-11-12,S02,P082,19,0
2025-11-12,S02,P088,127,0
2025-11-12,S02,P099,27,0
2025-11-12,S02,P100,21,0
2025-11-12,S02,P112,16,0
2025-11-12,S02,P116,40,0
2025-11-12,S05,P024,69,82
2025-11-12,S05,P025,33,0
2025-11-12,S05,P037,230,0
2025-11-12,S05,P041,56,60
2025-11-12,S05,P054,90,0
2025-11-12,S05,P057,317,0
2025-11-12,S05,P066,0,0
2025-11-12,S05,P074,178,0
2025-11-12,S05,P076,58,0
2025-11-12,S05,P082,2,0
2025-11-12,S05,P088,342,0
2025-11-12,S05,P099,0,0
2025-11-12,S05,P100,12,0
2025-11-12,S05,P112,205,136
2025-11-12,S05,P116,0,0
2025-11-12,S06,P024,35,0
2025-11-12,S06,P025,51,0
2025-11-12,S06,P037,23,0
2025-11-12,S06,P041,23,0
2025-11-12,S06,P054,60,0
2025-11-12,S06,P057,14,0
2025-11-12,S06,P066,0,0
2025-11-12,S06,P074,17,0
2025-11-12,S06,P076,324,0
2025-11-12,S06,P082,7,0
2025-11-12,S06,P088,1,0
2025-11-12,S06,P099,0,0
2025-11-12,S06,P100,83,0
2025-11-12,S06,P112,94,0
2025-11-12,S06,P116,73,0
2025-11-12,S08,P024,25,0
2025-11-12,S08,P025,96,0
2025-11-12,S08,P037,0,0
2025-11-12,S08,P041,237,93
2025-11-12,S08,P054,71,0
2025-11-12,S08,P057,0,0
2025-11-12,S08,P066,0,0
2025-11-12,S08,P074,62,48
2025-11-12,S08,P076,114,0
2025-11-12,S08,P082,0,0
2025-11-12,S08,P088,235,0
2025-11-12,S08,P099,32,0
2025-11-12,S08,P100,80,0
2025-11-12,S08,P112,134,0
2025-11-12,S08,P116,423,0
2025-11-13,S01,P024,54,0
2025-11-13,S01,P025,115,0
2025-11-13,S01,P037,146,0
2025-11-13,S01,P041,0,0
2025-11-13,S01,P054,46,0
2025-11-13,S01,P057,66,0
2025-11-13,S01,P066,55,25
2025-11-13,S01,P074,22,0
2025-11-13,S01,P076,0,0
2025-11-13,S01,P082,35,40
2025-11-13,S01,P088,156,0
2025-11-13,S01,P099,27,0
2025-11-13,S01,P100,9,0
2025-11-13,S01,P112,241,0
2025-11-13,S01,P116,22,0
2025-11-13,S02,P024,9,0
2025-11-13,S02,P025,99,0
2025-11-13,S02,P037,113,0
2025-11-13,S02,P041,25,0
2025-11-13,S02,P054,105,0
2025-11-13,S02,P057,30,0
2025-11-13,S02,P066,22,0
2025-11-13,S02,P074,88,0
2025-11-13,S02,P076,41,0
2025-11-13,S02,P082,16,0
2025-11-13,S02,P088,126,0
2025-11-13,S02,P099,24,0
2025-11-13,S02,P100,20,0
2025-11-13,S02,P112,12,0
2025-11-13,S02,P116,34,0
2025-11-13,S05,P024,63,0
2025-11-13,S05,P025,32,0
2025-11-13,S05,P037,227,0
2025-11-13,S05,P041,49,0
2025-11-13,S05,P054,86,0
2025-11-13,S05,P057,315,0
2025-11-13,S05,P066,0,0
2025-11-13,S05,P074,175,0
2025-11-13,S05,P076,41,0
2025-11-13,S05,P082,31,31
2025-11-13,S05,P088,339,0
2025-11-13,S05,P099,0,0
2025-11-13,S05,P100,12,0
2025-11-13,S05,P112,202,0
2025-11-13,S05,P116,0,0
2025-11-13,S06,P024,27,0
2025-11-13,S06,P025,51,0
2025-11-13,S06,P037,21,0
2025-11-13,S06,P041,22,0
2025-11-13,S06,P054,59,0
2025-11-13,S06,P057,12,0
2025-11-13,S06,P066,0,0
2025-11-13,S06,P074,15,0
2025-11-13,S06,P076,320,0
2025-11-13,S06,P082,5,0
2025-11-13,S06,P088,0,0
2025-11-13,S06,P099,0,0
2025-11-13,S06,P100,81,0
2025-11-13,S06,P112,91,0
2025-11-13,S06,P116,72,0
2025-11-13,S08,P024,18,0
2025-11-13,S08,P025,94,0
2025-11-13,S08,P037,0,0
2025-11-13,S08,P041,233,0
2025-11-13,S08,P054,69,0
2025-11-13,S08,P057,0,0
2025-11-13,S08,P066,0,0
2025-11-13,S08,P074,61,0
2025-11-13,S08,P076,97,0
2025-11-13,S08,P082,0,0
2025-11-13,S08,P088,231,0
2025-11-13,S08,P099,27,0
2025-11-13,S08,P100,80,0
2025-11-13,S08,P112,286,158
2025-11-13,S08,P116,413,0
2025-11-14,S01,P024,51,0
2025-11-14,S01,P025,112,0
2025-11-14,S01,P037,142,0
2025-11-14,S01,P041,0,0
2025-11-14,S01,P054,46,0
2025-11-14,S01,P057,59,0
2025-11-14,S01,P066,50,0
2025-11-14,S01,P074,20,0
2025-11-14,S01,P076,0,0
2025-11-14,S01,P082,30,0
2025-11-14,S01,P088,154,0
2025-11-14,S01,P099,16,0
2025-11-14,S01,P100,7,0
2025-11-14,S01,P112,238,0
2025-11-14,S01,P116,10,0
2025-11-14,S02,P024,3,0
2025-11-14,S02,P025,97,0
2025-11-14,S02,P037,112,0
2025-11-14,S02,P041,22,0
2025-11-14,S02,P054,103,0
2025-11-14,S02,P057,25,0
2025-11-14,S02,P066,19,0
2025-11-14,S02,P074,87,0
2025-11-14,S02,P076,29,0
2025-11-14,S02,P082,9,0
2025-11-14,S02,P088,122,0
2025-11-14,S02,P099,23,0
2025-11-14,S02,P100,17,0
2025-11-14,S02,P112,3,0
2025-11-14,S02,P116,30,0
2025-11-14,S05,P024,53,0
2025-11-14,S05,P025,30,0
2025-11-14,S05,P037,220,0
2025-11-14,S05,P041,41,0
2025-11-14,S05,P054,85,0
2025-11-14,S05,P057,310,0
2025-11-14,S05,P066,19,22
2025-11-14,S05,P074,171,0
2025-11-14,S05,P076,25,0
2025-11-14,S05,P082,28,0
2025-11-14,S05,P088,330,0
2025-11-14,S05,P099,0,0
2025-11-14,S05,P100,6,0
2025-11-14,S05,P112,196,0
2025-11-14,S05,P116,0,0
2025-11-14,S06,P024,21,0
2025-11-14,S06,P025,50,0
2025-11-14,S06,P037,16,0
2025-11-14,S06,P041,19,0
2025-11-14,S06,P054,-57,0
2025-11-14,S06,P057,10,0
2025-11-14,S06,P066,0,0
2025-11-14,S06,P074,60,48
2025-11-14,S06,P076,530,220
2025-11-14,S06,P082,4,0
2025-11-14,S06,P088,0,0
2025-11-14,S06,P099,0,0
2025-11-14,S06,P100,80,0
2025-11-14,S06,P112,90,0
2025-11-14,S06,P116,71,0
2025-11-14,S08,P024,6,0
2025-11-14,S08,P025,88,0
2025-11-14,S08,P037,55,60
2025-11-14,S08,P041,228,0
2025-11-14,S08,P054,66,0
2025-11-14,S08,P057,0,0
2025-11-14,S08,P066,0,0
2025-11-14,S08,P074,56,0
2025-11-14,S08,P076,78,0
2025-11-14,S08,P082,0,0
2025-11-14,S08,P088,226,0
2025-11-14,S08,P099,25,0
2025-11-14,S08,P100,80,0
2025-11-14,S08,P112,283,0
2025-11-14,S08,P116,404,0
2025-11-15,S01,P024,45,0
2025-11-15,S01,P025,109,0
2025-11-15,S01,P037,132,0
2025-11-15,S01,P041,56,60
2025-11-15,S01,P054,36,0
2025-11-15,S01,P057,48,0
2025-11-15,S01,P066,43,0
2025-11-15,S01,P074,18,0
2025-11-15,S01,P076,0,0
2025-11-15,S01,P082,24,0
2025-11-15,S01,P088,149,0
2025-11-15,S01,P099,11,0
2025-11-15,S01,P100,105,100
2025-11-15,S01,P112,230,0
2025-11-15,S01,P116,4,0
2025-11-15,S02,P024,40,49
2025-11-15,S02,P025,93,0
2025-11-15,S02,P037,109,0
2025-11-15,S02,P041,16,0
2025-11-15,S02,P054,99,0
2025-11-15,S02,P057,18,0
2025-11-15,S02,P066,18,0
2025-11-15,S02,P074,85,0
2025-11-15,S02,P076,18,0
2025-11-15,S02,P082,6,0
2025-11-15,S02,P088,181,67
2025-11-15,S02,P099,18,0
2025-11-15,S02,P100,16,0
2025-11-15,S02,P112,1,0
2025-11-15,S02,P116,25,0
2025-11-15,S05,P024,40,0
2025-11-15,S05,P025,28,0
2025-11-15,S05,P037,215,0
2025-11-15,S05,P041,34,0
2025-11-15,S05,P054,81,0
2025-11-15,S05,P057,297,0
2025-11-15,S05,P066,16,0
2025-11-15,S05,P074,168,0
2025-11-15,S05,P076,6,0
2025-11-15,S05,P082,25,0
2025-11-15,S05,P088,322,0
2025-11-15,S05,P099,0,0
2025-11-15,S05,P100,0,0
2025-11-15,S05,P112,189,0
2025-11-15,S05,P116,0,0
2025-11-15,S06,P024,13,0
2025-11-15,S06,P025,48,0
2025-11-15,S06,P037,14,0
2025-11-15,S06,P041,16,0
2025-11-15,S06,P054,54,0
2025-11-15,S06,P057,4,0
2025-11-15,S06,P066,0,0
2025-11-15,S06,P074,57,0
2025-11-15,S06,P076,521,0
2025-11-15,S06,P082,2,0
2025-11-15,S06,P088,0,0
2025-11-15,S06,P099,0,0
2025-11-15,S06,P100,77,0
2025-11-15,S06,P112,85,0
2025-11-15,S06,P116,67,0
2025-11-15,S08,P024,0,0
2025-11-15,S08,P025,84,0
2025-11-15,S08,P037,46,0
2025-11-15,S08,P041,227,0
2025-11-15,S08,P054,64,0
2025-11-15,S08,P057,35,41
2025-11-15,S08,P066,0,0
2025-11-15,S08,P074,51,0
2025-11-15,S08,P076,45,0
2025-11-15,S08,P082,0,0
2025-11-15,S08,P088,223,0
2025-11-15,S08,P099,19,0
2025-11-15,S08,P100,67,0
2025-11-15,S08,P112,270,0
2025-11-15,S08,P116,398,0
2025-11-16,S01,P024,35,0
2025-11-16,S01,P025,105,0
2025-11-16,S01,P037,122,0
2025-11-16,S01,P041,50,0
2025-11-16,S01,P054,33,0
2025-11-16,S01,P057,37,0
2025-11-16,S01,P066,43,0
2025-11-16,S01,P074,13,0
2025-11-16,S01,P076,0,0
2025-11-16,S01,P082,23,0
2025-11-16,S01,P088,142,0
2025-11-16,S01,P099,5,0
2025-11-16,S01,P100,102,0
2025-11-16,S01,P112,221,0
2025-11-16,S01,P116,0,0
2025-11-16,S02,P024,34,0
2025-11-16,S02,P025,92,0
2025-11-16,S02,P037,107,0
2025-11-16,S02,P041,12,0
2025-11-16,S02,P054,97,0
2025-11-16,S02,P057,9,0
2025-11-16,S02,P066,14,0
2025-11-16,S02,P074,84,0
2025-11-16,S02,P076,7,0
2025-11-16,S02,P082,3,0
2025-11-16,S02,P088,176,0
2025-11-16,S02,P099,15,0
2025-11-16,S02,P100,11,0
2025-11-16,S02,P112,0,0
2025-11-16,S02,P116,20,0
2025-11-16,S05,P024,29,0
2025-11-16,S05,P025,23,0
2025-11-16,S05,P037,209,0
2025-11-16,S05,P041,26,0
2025-11-16,S05,P054,79,0
2025-11-16,S05,P057,288,0
2025-11-16,S05,P066,14,0
2025-11-16,S05,P074,164,0
2025-11-16,S05,P076,0,0
2025-11-16,S05,P082,19,0
2025-11-16,S05,P088,316,0
2025-11-16,S05,P099,0,0
2025-11-16,S05,P100,0,0
2025-11-16,S05,P112,181,0
2025-11-16,S05,P116,0,0
2025-11-16,S06,P024,9,0
2025-11-16,S06,P025,45,0
2025-11-16,S06,P037,11,0
2025-11-16,S06,P041,11,0
2025-11-16,S06,P054,54,0
2025-11-16,S06,P057,0,0
2025-11-16,S06,P066,0,0
2025-11-16,S06,P074,55,0
2025-11-16,S06,P076,505,0
2025-11-16,S06,P082,0,0
2025-11-16,S06,P088,22,24
2025-11-16,S06,P099,0,0
2025-11-16,S06,P100,76,0
2025-11-16,S06,P112,82,0
2025-11-16,S06,P116,65,0
2025-11-16,S08,P024,0,0
2025-11-16,S08,P025,80,0
2025-11-16,S08,P037,35,0
2025-11-16,S08,P041,221,0
2025-11-16,S08,P054,59,0
2025-11-16,S08,P057,30,0
2025-11-16,S08,P066,0,0
2025-11-16,S08,P074,47,0
2025-11-16,S08,P076,22,0
2025-11-16,S08,P082,69,70
2025-11-16,S08,P088,219,0
2025-11-16,S08,P099,7,0
2025-11-16,S08,P100,64,0
2025-11-16,S08,P112,258,0
2025-11-16,S08,P116,386,0
2025-11-17,S01,P024,29,0
2025-11-17,S01,P025,100,0
2025-11-17,S01,P037,254,136
2025-11-17,S01,P041,49,0
2025-11-17,S01,P054,26,0
2025-11-17,S01,P057,33,0
2025-11-17,S01,P066,41,0
2025-11-17,S01,P074,12,0
2025-11-17,S01,P076,157,176
2025-11-17,S01,P082,21,0
2025-11-17,S01,P088,136,0
2025-11-17,S01,P099,0,0
2025-11-17,S01,P100,100,0
2025-11-17,S01,P112,215,0
2025-11-17,S01,P116,0,0
2025-11-17,S02,P024,29,0
2025-11-17,S02,P025,91,0
2025-11-17,S02,P037,101,0
2025-11-17,S02,P041,10,0
2025-11-17,S02,P054,95,0
2025-11-17,S02,P057,8,0
2025-11-17,S02,P066,13,0
2025-11-17,S02,P074,82,0
2025-11-17,S02,P076,1,0
2025-11-17,S02,P082,1,0
2025-11-17,S02,P088,171,0
2025-11-17,S02,P099,13,0
2025-11-17,S02,P100,10,0
2025-11-17,S02,P112,0,0
2025-11-17,S02,P116,17,0
2025-11-17,S05,P024,23,0
2025-11-17,S05,P025,22,0
2025-11-17,S05,P037,206,0
2025-11-17,S05,P041,23,0
2025-11-17,S05,P054,74,0
2025-11-17,S05,P057,284,0
2025-11-17,S05,P066,11,0
2025-11-17,S05,P074,160,0
2025-11-17,S05,P076,0,0
2025-11-17,S05,P082,15,0
2025-11-17,S05,P088,310,0
2025-11-17,S05,P099,0,0
2025-11-17,S05,P100,97,100
2025-11-17,S05,P112,176,0
2025-11-17,S05,P116,0,0
2025-11-17,S06,P024,5,0
2025-11-17,S06,P025,45,0
2025-11-17,S06,P037,67,60
2025-11-17,S06,P041,9,0
2025-11-17,S06,P054,53,0
2025-11-17,S06,P057,0,0
2025-11-17,S06,P066,16,17
2025-11-17,S06,P074,54,0
2025-11-17,S06,P076,497,0
2025-11-17,S06,P082,21,23
2025-11-17,S06,P088,45,24
2025-11-17,S06,P099,0,0
2025-11-17,S06,P100,73,0
2025-11-17,S06,P112,79,0
2025-11-17,S06,P116,63,0
2025-11-17,S08,P024,69,82
2025-11-17,S08,P025,77,0
2025-11-17,S08,P037,30,0
2025-11-17,S08,P041,217,0
2025-11-17,S08,P054,56,0
2025-11-17,S08,P057,70,41
2025-11-17,S08,P066,0,0
2025-11-17,S08,P074,43,0
2025-11-17,S08,P076,10,0
2025-11-17,S08,P082,56,0
2025-11-17,S08,P088,218,0
2025-11-17,S08,P099,5,0
2025-11-17,S08,P100,61,0
2025-11-17,S08,P112,250,0
2025-11-17,S08,P116,379,0
2025-11-18,S01,P024,24,0
2025-11-18,S01,P025,96,0
2025-11-18,S01,P037,252,0
2025-11-18,S01,P041,48,0
2025-11-18,S01,P054,23,0
2025-11-18,S01,P057,29,0
2025-11-18,S01,P066,40,0
2025-11-18,S01,P074,57,48
2025-11-18,S01,P076,140,0
2025-11-18,S01,P082,16,0
2025-11-18,S01,P088,132,0
2025-11-18,S01,P099,0,0
2025-11-18,S01,P100,99,0
2025-11-18,S01,P112,211,0
2025-11-18,S01,P116,0,0
2025-11-18,S02,P024,21,0
2025-11-18,S02,P025,91,0
2025-11-18,S02,P037,100,0
2025-11-18,S02,P041,8,0
2025-11-18,S02,P054,94,0
2025-11-18,S02,P057,5,0
2025-11-18,S02,P066,10,0
2025-11-18,S02,P074,81,0
2025-11-18,S02,P076,0,0
2025-11-18,S02,P082,0,0
2025-11-18,S02,P088,168,0
2025-11-18,S02,P099,46,36
2025-11-18,S02,P100,8,0
2025-11-18,S02,P112,0,0
2025-11-18,S02,P116,14,0
2025-11-18,S05,P024,19,0
2025-11-18,S05,P025,20,0
2025-11-18,S05,P037,199,0
2025-11-18,S05,P041,17,0
2025-11-18,S05,P054,70,0
2025-11-18,S05,P057,280,0
2025-11-18,S05,P066,8,0
2025-11-18,S05,P074,157,0
2025-11-18,S05,P076,0,0
2025-11-18,S05,P082,12,0
2025-11-18,S05,P088,305,0
2025-11-18,S05,P099,0,0
2025-11-18,S05,P100,92,0
2025-11-18,S05,P112,171,0
2025-11-18,S05,P116,0,0
2025-11-18,S06,P024,1,0
2025-11-18,S06,P025,44,0
2025-11-18,S06,P037,63,0
2025-11-18,S06,P041,8,0
2025-11-18,S06,P054,48,0
2025-11-18,S06,P057,0,0
2025-11-18,S06,P066,13,0
2025-11-18,S06,P074,53,0
2025-11-18,S06,P076,489,0
2025-11-18,S06,P082,21,0
2025-11-18,S06,P088,42,0
2025-11-18,S06,P099,0,0
2025-11-18,S06,P100,70,0
2025-11-18,S06,P112,77,0
2025-11-18,S06,P116,62,0
2025-11-18,S08,P024,61,0
2025-11-18,S08,P025,75,0
2025-11-18,S08,P037,28,0
2025-11-18,S08,P041,213,0
2025-11-18,S08,P054,51,0
2025-11-18,S08,P057,67,0
2025-11-18,S08,P066,26,28
2025-11-18,S08,P074,38,0
2025-11-18,S08,P076,0,0
2025-11-18,S08,P082,52,0
2025-11-18,S08,P088,211,0
2025-11-18,S08,P099,0,0
2025-11-18,S08,P100,57,0
2025-11-18,S08,P112,248,0
2025-11-18,S08,P116,368,0
2025-11-19,S01,P024,16,0
2025-11-19,S01,P025,93,0
2025-11-19,S01,P037,246,0
2025-11-19,S01,P041,47,0
2025-11-19,S01,P054,22,0
2025-11-19,S01,P057,24,0
2025-11-19,S01,P066,34,0
2025-11-19,S01,P074,54,0
2025-11-19,S01,P076,123,0
2025-11-19,S01,P082,14,0
2025-11-19,S01,P088,131,0
2025-11-19,S01,P099,0,0
2025-11-19,S01,P100,96,0
2025-11-19,S01,P112,211,0
2025-11-19,S01,P116,92,100
2025-11-19,S02,P024,16,0
2025-11-19,S02,P025,91,0
2025-11-19,S02,P037,95,0
2025-11-19,S02,P041,5,0
2025-11-19,S02,P054,93,0
2025-11-19,S02,P057,3,0
2025-11-19,S02,P066,8,0
2025-11-19,S02,P074,80,0
2025-11-19,S02,P076,71,79
2025-11-19,S02,P082,0,0
2025-11-19,S02,P088,166,0
2025-11-19,S02,P099,41,0
2025-11-19,S02,P100,4,0
2025-11-19,S02,P112,0,0
2025-11-19,S02,P116,7,0
2025-11-19,S05,P024,14,0
2025-11-19,S05,P025,120,100
2025-11-19,S05,P037,192,0
2025-11-19,S05,P041,12,0
2025-11-19,S05,P054,67,0
2025-11-19,S05,P057,275,0
2025-11-19,S05,P066,8,0
2025-11-19,S05,P074,152,0
2025-11-19,S05,P076,0,0
2025-11-19,S05,P082,42,31
2025-11-19,S05,P088,300,0
2025-11-19,S05,P099,0,0
2025-11-19,S05,P100,89,0
2025-11-19,S05,P112,167,0
2025-11-19,S05,P116,97,100
2025-11-19,S06,P024,0,0
2025-11-19,S06,P025,44,0
2025-11-19,S06,P037,62,0
2025-11-19,S06,P041,4,0
2025-11-19,S06,P054,47,0
2025-11-19,S06,P057,0,0
2025-11-19,S06,P066,10,0
2025-11-19,S06,P074,49,0
2025-11-19,S06,P076,483,0
2025-11-19,S06,P082,16,0
2025-11-19,S06,P088,41,0
2025-11-19,S06,P099,0,0
2025-11-19,S06,P100,69,0
2025-11-19,S06,P112,75,0
2025-11-19,S06,P116,59,0
2025-11-19,S08,P024,56,0
2025-11-19,S08,P025,72,0
2025-11-19,S08,P037,26,0
2025-11-19,S08,P041,210,0
2025-11-19,S08,P054,48,0
2025-11-19,S08,P057,67,0
2025-11-19,S08,P066,24,0
2025-11-19,S08,P074,35,0
2025-11-19,S08,P076,0,0
2025-11-19,S08,P082,45,0
2025-11-19,S08,P088,209,0
2025-11-19,S08,P099,0,0
2025-11-19,S08,P100,54,0
2025-11-19,S08,P112,238,0
2025-11-19,S08,P116,367,0
2025-11-20,S01,P024,77,68
2025-11-20,S01,P025,93,0
2025-11-20,S01,P037,240,0
2025-11-20,S01,P041,44,0
2025-11-20,S01,P054,113,100
2025-11-20,S01,P057,75,55
2025-11-20,S01,P066,33,0
2025-11-20,S01,P074,50,0
2025-11-20,S01,P076,109,0
2025-11-20,S01,P082,10,0
2025-11-20,S01,P088,127,0
2025-11-20,S01,P099,0,0
2025-11-20,S01,P100,92,0
2025-11-20,S01,P112,203,0
2025-11-20,S01,P116,80,0
2025-11-20,S02,P024,7,0
2025-11-20,S02,P025,90,0
2025-11-20,S02,P037,91,0
2025-11-20,S02,P041,3,0
2025-11-20,S02,P054,90,0
2025-11-20,S02,P057,1,0
2025-11-20,S02,P066,22,15
2025-11-20,S02,P074,78,0
2025-11-20,S02,P076,64,0
2025-11-20,S02,P082,17,21
2025-11-20,S02,P088,161,0
2025-11-20,S02,P099,38,0
2025-11-20,S02,P100,2,0
2025-11-20,S02,P112,96,100
2025-11-20,S02,P116,3,0
2025-11-20,S05,P024,89,82
2025-11-20,S05,P025,116,0
2025-11-20,S05,P037,190,0
2025-11-20,S05,P041,8,0
2025-11-20,S05,P054,65,0
2025-11-20,S05,P057,273,0
2025-11-20,S05,P066,4,0
2025-11-20,S05,P074,149,0
2025-11-20,S05,P076,0,0
2025-11-20,S05,P082,39,0
2025-11-20,S05,P088,296,0
2025-11-20,S05,P099,0,0
2025-11-20,S05,P100,86,0
2025-11-20,S05,P112,158,0
2025-11-20,S05,P116,92,0
2025-11-20,S06,P024,46,50
2025-11-20,S06,P025,44,0
2025-11-20,S06,P037,59,0
2025-11-20,S06,P041,0,0
2025-11-20,S06,P054,46,0
2025-11-20,S06,P057,0,0
2025-11-20,S06,P066,9,0
2025-11-20,S06,P074,46,0
2025-11-20,S06,P076,474,0
2025-11-20,S06,P082,14,0
2025-11-20,S06,P088,35,0
2025-11-20,S06,P099,31,36
2025-11-20,S06,P100,69,0
2025-11-20,S06,P112,73,0
2025-11-20,S06,P116,57,0
2025-11-20,S08,P024,49,0
2025-11-20,S08,P025,69,0
2025-11-20,S08,P037,21,0
2025-11-20,S08,P041,208,0
2025-11-20,S08,P054,44,0
2025-11-20,S08,P057,63,0
2025-11-20,S08,P066,20,0
2025-11-20,S08,P074,33,0
2025-11-20,S08,P076,0,0
2025-11-20,S08,P082,41,0
2025-11-20,S08,P088,207,0
2025-11-20,S08,P099,0,0
2025-11-20,S08,P100,51,0
2025-11-20,S08,P112,233,0
2025-11-20,S08,P116,358,0
2025-11-21,S01,P024,70,0
2025-11-21,S01,P025,90,0
2025-11-21,S01,P037,230,0
2025-11-21,S01,P041,37,0
2025-11-21,S01,P054,111,0
2025-11-21,S01,P057,68,0
2025-11-21,S01,P066,30,0
2025-11-21,S01,P074,44,0
2025-11-21,S01,P076,96,0
2025-11-21,S01,P082,6,0
2025-11-21,S01,P088,120,0
2025-11-21,S01,P099,0,0
2025-11-21,S01,P100,82,0
2025-11-21,S01,P112,356,158
2025-11-21,S01,P116,70,0
2025-11-21,S02,P024,4,0
2025-11-21,S02,P025,90,0
2025-11-21,S02,P037,89,0
2025-11-21,S02,P041,0,0
2025-11-21,S02,P054,85,0
2025-11-21,S02,P057,0,0
2025-11-21,S02,P066,21,0
2025-11-21,S02,P074,76,0
2025-11-21,S02,P076,47,0
2025-11-21,S02,P082,16,0
2025-11-21,S02,P088,156,0
2025-11-21,S02,P099,35,0
2025-11-21,S02,P100,1,0
2025-11-21,S02,P112,91,0
2025-11-21,S02,P116,0,0
2025-11-21,S05,P024,78,0
2025-11-21,S05,P025,114,0
2025-11-21,S05,P037,186,0
2025-11-21,S05,P041,7,0
2025-11-21,S05,P054,58,0
2025-11-21,S05,P057,269,0
2025-11-21,S05,P066,3,0
2025-11-21,S05,P074,145,0
2025-11-21,S05,P076,116,127
2025-11-21,S05,P082,34,0
2025-11-21,S05,P088,290,0
2025-11-21,S05,P099,0,0
2025-11-21,S05,P100,83,0
2025-11-21,S05,P112,151,0
2025-11-21,S05,P116,82,0
2025-11-21,S06,P024,41,0
2025-11-21,S06,P025,44,0
2025-11-21,S06,P037,58,0
2025-11-21,S06,P041,0,0
2025-11-21,S06,P054,41,0
2025-11-21,S06,P057,0,0
2025-11-21,S06,P066,9,0
2025-11-21,S06,P074,46,0
2025-11-21,S06,P076,461,0
2025-11-21,S06,P082,13,0
2025-11-21,S06,P088,32,0
2025-11-21,S06,P099,25,0
2025-11-21,S06,P100,67,0
2025-11-21,S06,P112,70,0
2025-11-21,S06,P116,51,0
2025-11-21,S08,P024,41,0
2025-11-21,S08,P025,66,0
2025-11-21,S08,P037,17,0
2025-11-21,S08,P041,201,0
2025-11-21,S08,P054,39,0
2025-11-21,S08,P057,57,0
2025-11-21,S08,P066,18,0
2025-11-21,S08,P074,28,0
2025-11-21,S08,P076,0,0
2025-11-21,S08,P082,37,0
2025-11-21,S08,P088,202,0
2025-11-21,S08,P099,0,0
2025-11-21,S08,P100,45,0
2025-11-21,S08,P112,228,0
2025-11-21,S08,P116,349,0
2025-11-22,S01,P024,55,0
2025-11-22,S01,P025,89,0
2025-11-22,S01,P037,224,0
2025-11-22,S01,P041,27,0
2025-11-22,S01,P054,108,0
2025-11-22,S01,P057,63,0
2025-11-22,S01,P066,27,0
2025-11-22,S01,P074,42,0
2025-11-22,S01,P076,56,0
2025-11-22,S01,P082,0,0
2025-11-22,S01,P088,114,0
2025-11-22,S01,P099,0,0
2025-11-22,S01,P100,78,0
2025-11-22,S01,P112,353,0
2025-11-22,S01,P116,63,0
2025-11-22,S02,P024,43,49
2025-11-22,S02,P025,87,0
2025-11-22,S02,P037,88,0
2025-11-22,S02,P041,0,0
2025-11-22,S02,P054,79,0
2025-11-22,S02,P057,0,0
2025-11-22,S02,P066,20,0
2025-11-22,S02,P074,73,0
2025-11-22,S02,P076,39,0
2025-11-22,S02,P082,15,0
2025-11-22,S02,P088,154,0
2025-11-22,S02,P099,29,0
2025-11-22,S02,P100,96,100
2025-11-22,S02,P112,82,0
2025-11-22,S02,P116,0,0
2025-11-22,S05,P024,66,0
2025-11-22,S05,P025,112,0
2025-11-22,S05,P037,181,0
2025-11-22,S05,P041,0,0
2025-11-22,S05,P054,49,0
2025-11-22,S05,P057,257,0
2025-11-22,S05,P066,0,0
2025-11-22,S05,P074,138,0
2025-11-22,S05,P076,99,0
2025-11-22,S05,P082,27,0
2025-11-22,S05,P088,282,0
2025-11-22,S05,P099,35,41
2025-11-22,S05,P100,77,0
2025-11-22,S05,P112,139,0
2025-11-22,S05,P116,76,0
2025-11-22,S06,P024,35,0
2025-11-22,S06,P025,44,0
2025-11-22,S06,P037,50,0
2025-11-22,S06,P041,0,0
2025-11-22,S06,P054,36,0
2025-11-22,S06,P057,28,36
2025-11-22,S06,P066,7,0
2025-11-22,S06,P074,42,0
2025-11-22,S06,P076,454,0
2025-11-22,S06,P082,6,0
2025-11-22,S06,P088,28,0
2025-11-22,S06,P099,20,0
2025-11-22,S06,P100,65,0
2025-11-22,S06,P112,67,0
2025-11-22,S06,P116,46,0
2025-11-22,S08,P024,21,0
2025-11-22,S08,P025,65,0
2025-11-22,S08,P037,11,0
2025-11-22,S08,P041,194,0
2025-11-22,S08,P054,32,0
2025-11-22,S08,P057,48,0
2025-11-22,S08,P066,18,0
2025-11-22,S08,P074,21,0
2025-11-22,S08,P076,0,0
2025-11-22,S08,P082,68,35
2025-11-22,S08,P088,193,0
2025-11-22,S08,P099,0,0
2025-11-22,S08,P100,37,0
2025-11-22,S08,P112,215,0
2025-11-22,S08,P116,340,0
2025-11-23,S01,P024,46,0
2025-11-23,S01,P025,86,0
2025-11-23,S01,P037,218,0
2025-11-23,S01,P041,19,0
2025-11-23,S01,P054,105,0
2025-11-23,S01,P057,52,0
2025-11-23,S01,P066,25,0
2025-11-23,S01,P074,36,0
2025-11-23,S01,P076,28,0
2025-11-23,S01,P082,0,0
2025-11-23,S01,P088,107,0
2025-11-23,S01,P099,32,42
2025-11-23,S01,P100,76,0
2025-11-23,S01,P112,345,0
2025-11-23,S01,P116,54,0
2025-11-23,S02,P024,39,0
2025-11-23,S02,P025,85,0
2025-11-23,S02,P037,86,0
2025-11-23,S02,P041,57,60
2025-11-23,S02,P054,72,0
2025-11-23,S02,P057,0,0
2025-11-23,S02,P066,18,0
2025-11-23,S02,P074,71,0
2025-11-23,S02,P076,31,0
2025-11-23,S02,P082,14,0
2025-11-23,S02,P088,150,0
2025-11-23,S02,P099,27,0
2025-11-23,S02,P100,94,0
2025-11-23,S02,P112,76,0
2025-11-23,S02,P116,0,0
2025-11-23,S05,P024,54,0
2025-11-23,S05,P025,108,0
2025-11-23,S05,P037,176,0
2025-11-23,S05,P041,0,0
2025-11-23,S05,P054,44,0
2025-11-23,S05,P057,248,0
2025-11-23,S05,P066,0,0
2025-11-23,S05,P074,132,0
2025-11-23,S05,P076,87,0
2025-11-23,S05,P082,22,0
2025-11-23,S05,P088,275,0
2025-11-23,S05,P099,25,0
2025-11-23,S05,P100,72,0
2025-11-23,S05,P112,133,0
2025-11-23,S05,P116,62,0
2025-11-23,S06,P024,24,0
2025-11-23,S06,P025,43,0
2025-11-23,S06,P037,49,0
2025-11-23,S06,P041,0,0
2025-11-23,S06,P054,35,0
2025-11-23,S06,P057,22,0
2025-11-23,S06,P066,1,0
2025-11-23,S06,P074,38,0
2025-11-23,S06,P076,444,0
2025-11-23,S06,P082,4,0
2025-11-23,S06,P088,26,0
2025-11-23,S06,P099,10,0
2025-11-23,S06,P100,62,0
2025-11-23,S06,P112,65,0
2025-11-23,S06,P116,39,0
2025-11-23,S08,P024,6,0
2025-11-23,S08,P025,62,0
2025-11-23,S08,P037,64,60
2025-11-23,S08,P041,191,0
2025-11-23,S08,P054,26,0
2025-11-23,S08,P057,42,0
2025-11-23,S08,P066,12,0
2025-11-23,S08,P074,15,0
2025-11-23,S08,P076,156,175
2025-11-23,S08,P082,64,0
2025-11-23,S08,P088,187,0
2025-11-23,S08,P099,0,0
2025-11-23,S08,P100,36,0
2025-11-23,S08,P112,208,0
2025-11-23,S08,P116,329,0
2025-11-24,S01,P024,35,0
2025-11-24,S01,P025,-85,0
2025-11-24,S01,P037,213,0
2025-11-24,S01,P041,10,0
2025-11-24,S01,P054,104,0
2025-11-24,S01,P057,48,0
2025-11-24,S01,P066,24,0
2025-11-24,S01,P074,36,0
2025-11-24,S01,P076,15,0
2025-11-24,S01,P082,0,0
2025-11-24,S01,P088,105,0
2025-11-24,S01,P099,27,0
2025-11-24,S01,P100,73,0
2025-11-24,S01,P112,336,0
2025-11-24,S01,P116,50,0
2025-11-24,S02,P024,33,0
2025-11-24,S02,P025,84,0
2025-11-24,S02,P037,84,0
2025-11-24,S02,P041,52,0
2025-11-24,S02,P054,68,0
2025-11-24,S02,P057,0,0
2025-11-24,S02,P066,18,0
2025-11-24,S02,P074,70,0
2025-11-24,S02,P076,26,0
2025-11-24,S02,P082,10,0
2025-11-24,S02,P088,148,0
2025-11-24,S02,P099,25,0
2025-11-24,S02,P100,92,0
2025-11-24,S02,P112,76,0
2025-11-24,S02,P116,94,100
2025-11-24,S05,P024,49,0
2025-11-24,S05,P025,105,0
2025-11-24,S05,P037,169,0
2025-11-24,S05,P041,0,0
2025-11-24,S05,P054,38,0
2025-11-24,S05,P057,244,0
2025-11-24,S05,P066,0,0
2025-11-24,S05,P074,130,0
2025-11-24,S05,P076,73,0
2025-11-24,S05,P082,16,0
2025-11-24,S05,P088,273,0
2025-11-24,S05,P099,20,0
2025-11-24,S05,P100,69,0
2025-11-24,S05,P112,128,0
2025-11-24,S05,P116,59,0
2025-11-24,S06,P024,20,0
2025-11-24,S06,P025,42,0
2025-11-24,S06,P037,47,0
2025-11-24,S06,P041,0,0
2025-11-24,S06,P054,33,0
2025-11-24,S06,P057,17,0
2025-11-24,S06,P066,1,0
2025-11-24,S06,P074,38,0
2025-11-24,S06,P076,429,0
2025-11-24,S06,P082,2,0
2025-11-24,S06,P088,25,0
2025-11-24,S06,P099,7,0
2025-11-24,S06,P100,60,0
2025-11-24,S06,P112,65,0
2025-11-24,S06,P116,35,0
2025-11-24,S08,P024,0,0
2025-11-24,S08,P025,59,0
2025-11-24,S08,P037,59,0
2025-11-24,S08,P041,189,0
2025-11-24,S08,P054,24,0
2025-11-24,S08,P057,38,0
2025-11-24,S08,P066,8,0
2025-11-24,S08,P074,12,0
2025-11-24,S08,P076,140,0
2025-11-24,S08,P082,58,0
2025-11-24,S08,P088,182,0
2025-11-24,S08,P099,33,42
2025-11-24,S08,P100,35,0
2025-11-24,S08,P112,202,0
2025-11-24,S08,P116,322,0
2025-11-25,S01,P024,27,0
2025-11-25,S01,P025,81,0
2025-11-25,S01,P037,206,0
2025-11-25,S01,P041,7,0
2025-11-25,S01,P054,97,0
2025-11-25,S01,P057,42,0
2025-11-25,S01,P066,46,25
2025-11-25,S01,P074,32,0
2025-11-25,S01,P076,2,0
2025-11-25,S01,P082,0,0
2025-11-25,S01,P088,199,98
2025-11-25,S01,P099,18,0
2025-11-25,S01,P100,72,0
2025-11-25,S01,P112,330,0
2025-11-25,S01,P116,44,0
2025-11-25,S02,P024,30,0
2025-11-25,S02,P025,84,0
2025-11-25,S02,P037,82,0
2025-11-25,S02,P041,51,0
2025-11-25,S02,P054,68,0
2025-11-25,S02,P057,32,36
2025-11-25,S02,P066,16,0
2025-11-25,S02,P074,69,0
2025-11-25,S02,P076,16,0
2025-11-25,S02,P082,7,0
2025-11-25,S02,P088,147,0
2025-11-25,S02,P099,22,0
2025-11-25,S02,P100,91,0
2025-11-25,S02,P112,74,0
2025-11-25,S02,P116,90,0
2025-11-25,S05,P024,39,0
2025-11-25,S05,P025,104,0
2025-11-25,S05,P037,163,0
2025-11-25,S05,P041,0,0
2025-11-25,S05,P054,31,0
2025-11-25,S05,P057,240,0
2025-11-25,S05,P066,0,0
2025-11-25,S05,P074,125,0
2025-11-25,S05,P076,54,0
2025-11-25,S05,P082,13,0
2025-11-25,S05,P088,267,0
2025-11-25,S05,P099,17,0
2025-11-25,S05,P100,67,0
2025-11-25,S05,P112,124,0
2025-11-25,S05,P116,54,0
2025-11-25,S06,P024,14,0
2025-11-25,S06,P025,39,0
2025-11-25,S06,P037,41,0
2025-11-25,S06,P041,53,60
2025-11-25,S06,P054,32,0
2025-11-25,S06,P057,14,0
2025-11-25,S06,P066,1,0
2025-11-25,S06,P074,35,0
2025-11-25,S06,P076,416,0
2025-11-25,S06,P082,0,0
2025-11-25,S06,P088,19,0
2025-11-25,S06,P099,6,0
2025-11-25,S06,P100,59,0
2025-11-25,S06,P112,62,0
2025-11-25,S06,P116,30,0
2025-11-25,S08,P024,0,0
2025-11-25,S08,P025,58,0
2025-11-25,S08,P037,55,0
2025-11-25,S08,P041,188,0
2025-11-25,S08,P054,18,0
2025-11-25,S08,P057,35,0
2025-11-25,S08,P066,3,0
2025-11-25,S08,P074,10,0
2025-11-25,S08,P076,126,0
2025-11-25,S08,P082,55,0
2025-11-25,S08,P088,282,101
2025-11-25,S08,P099,28,0
2025-11-25,S08,P100,30,0
2025-11-25,S08,P112,197,0
2025-11-25,S08,P116,317,0
2025-11-26,S01,P024,24,0
2025-11-26,S01,P025,79,0
2025-11-26,S01,P037,199,0
2025-11-26,S01,P041,4,0
2025-11-26,S01,P054,95,0
2025-11-26,S01,P057,34,0
2025-11-26,S01,P066,45,0
2025-11-26,S01,P074,29,0
2025-11-26,S01,P076,0,0
2025-11-26,S01,P082,0,0
2025-11-26,S01,P088,197,0
2025-11-26,S01,P099,16,0
2025-11-26,S01,P100,69,0
2025-11-26,S01,P112,324,0
2025-11-26,S01,P116,36,0
2025-11-26,S02,P024,29,0
2025-11-26,S02,P025,83,0
2025-11-26,S02,P037,78,0
2025-11-26,S02,P041,48,0
2025-11-26,S02,P054,66,0
2025-11-26,S02,P057,30,0
2025-11-26,S02,P066,14,0
2025-11-26,S02,P074,69,0
2025-11-26,S02,P076,7,0
2025-11-26,S02,P082,5,0
2025-11-26,S02,P088,143,0
2025-11-26,S02,P099,20,0
2025-11-26,S02,P100,88,0
2025-11-26,S02,P112,69,0
2025-11-26,S02,P116,84,0
2025-11-26,S05,P024,28,0
2025-11-26,S05,P025,101,0
2025-11-26,S05,P037,298,140
2025-11-26,S05,P041,58,60
2025-11-26,S05,P054,27,0
2025-11-26,S05,P057,234,0
2025-11-26,S05,P066,22,22
2025-11-26,S05,P074,122,0
2025-11-26,S05,P076,35,0
2025-11-26,S05,P082,13,0
2025-11-26,S05,P088,263,0
2025-11-26,S05,P099,7,0
2025-11-26,S05,P100,63,0
2025-11-26,S05,P112,116,0
2025-11-26,S05,P116,48,0
2025-11-26,S06,P024,12,0
2025-11-26,S06,P025,39,0
2025-11-26,S06,P037,38,0
2025-11-26,S06,P041,52,0
2025-11-26,S06,P054,32,0
2025-11-26,S06,P057,13,0
2025-11-26,S06,P066,0,0
2025-11-26,S06,P074,35,0
2025-11-26,S06,P076,404,0
2025-11-26,S06,P082,0,0
2025-11-26,S06,P088,16,0
2025-11-26,S06,P099,6,0
2025-11-26,S06,P100,58,0
2025-11-26,S06,P112,58,0
2025-11-26,S06,P116,21,0
2025-11-26,S08,P024,0,0
2025-11-26,S08,P025,54,0
2025-11-26,S08,P037,50,0
2025-11-26,S08,P041,182,0
2025-11-26,S08,P054,12,0
2025-11-26,S08,P057,30,0
2025-11-26,S08,P066,0,0
2025-11-26,S08,P074,6,0
2025-11-26,S08,P076,96,0
2025-11-26,S08,P082,52,0
2025-11-26,S08,P088,278,0
2025-11-26,S08,P099,19,0
2025-11-26,S08,P100,29,0
2025-11-26,S08,P112,190,0
2025-11-26,S08,P116,309,0
2025-11-27,S01,P024,21,0
2025-11-27,S01,P025,78,0
2025-11-27,S01,P037,195,0
2025-11-27,S01,P041,0,0
2025-11-27,S01,P054,89,0
2025-11-27,S01,P057,25,0
2025-11-27,S01,P066,41,0
2025-11-27,S01,P074,25,0
2025-11-27,S01,P076,0,0
2025-11-27,S01,P082,37,40
2025-11-27,S01,P088,194,0
2025-11-27,S01,P099,9,0
2025-11-27,S01,P100,68,0
2025-11-27,S01,P112,313,0
2025-11-27,S01,P116,28,0
2025-11-27,S02,P024,23,0
2025-11-27,S02,P025,83,0
2025-11-27,S02,P037,75,0
2025-11-27,S02,P041,45,0
2025-11-27,S02,P054,65,0
2025-11-27,S02,P057,27,0
2025-11-27,S02,P066,27,15
2025-11-27,S02,P074,66,0
2025-11-27,S02,P076,0,0
2025-11-27,S02,P082,4,0
2025-11-27,S02,P088,141,0
2025-11-27,S02,P099,16,0
2025-11-27,S02,P100,86,0
2025-11-27,S02,P112,69,0
2025-11-27,S02,P116,80,0
2025-11-27,S05,P024,20,0
2025-11-27,S05,P025,98,0
2025-11-27,S05,P037,292,0
2025-11-27,S05,P041,52,0
2025-11-27,S05,P054,24,0
2025-11-27,S05,P057,228,0
2025-11-27,S05,P066,20,0
2025-11-27,S05,P074,117,0
2025-11-27,S05,P076,24,0
2025-11-27,S05,P082,8,0
2025-11-27,S05,P088,257,0
2025-11-27,S05,P099,0,0
2025-11-27,S05,P100,59,0
2025-11-27,S05,P112,112,0
2025-11-27,S05,P116,44,0
2025-11-27,S06,P024,8,0
2025-11-27,S06,P025,39,0
2025-11-27,S06,P037,37,0
2025-11-27,S06,P041,50,0
2025-11-27,S06,P054,31,0
2025-11-27,S06,P057,11,0
2025-11-27,S06,P066,0,0
2025-11-27,S06,P074,32,0
2025-11-27,S06,P076,393,0
2025-11-27,S06,P082,0,0
2025-11-27,S06,P088,14,0
2025-11-27,S06,P099,3,0
2025-11-27,S06,P100,55,0
2025-11-27,S06,P112,53,0
2025-11-27,S06,P116,13,0
2025-11-27,S08,P024,75,82
2025-11-27,S08,P025,51,0
2025-11-27,S08,P037,45,0
2025-11-27,S08,P041,179,0
2025-11-27,S08,P054,9,0
2025-11-27,S08,P057,24,0
2025-11-27,S08,P066,0,0
2025-11-27,S08,P074,6,0
2025-11-27,S08,P076,77,0
2025-11-27,S08,P082,50,0
2025-11-27,S08,P088,275,0
2025-11-27,S08,P099,16,0
2025-11-27,S08,P100,27,0
2025-11-27,S08,P112,186,0
2025-11-27,S08,P116,302,0
2025-11-28,S01,P024,85,68
2025-11-28,S01,P025,76,0
2025-11-28,S01,P037,194,0
2025-11-28,S01,P041,0,0
2025-11-28,S01,P054,82,0
2025-11-28,S01,P057,18,0
2025-11-28,S01,P066,36,0
2025-11-28,S01,P074,21,0
2025-11-28,S01,P076,0,0
2025-11-28,S01,P082,33,0
2025-11-28,S01,P088,189,0
2025-11-28,S01,P099,3,0
2025-11-28,S01,P100,63,0
2025-11-28,S01,P112,308,0
2025-11-28,S01,P116,22,0
2025-11-28,S02,P024,18,0
2025-11-28,S02,P025,81,0
2025-11-28,S02,P037,71,0
2025-11-28,S02,P041,41,0
2025-11-28,S02,P054,63,0
2025-11-28,S02,P057,25,0
2025-11-28,S02,P066,26,0
2025-11-28,S02,P074,64,0
2025-11-28,S02,P076,0,0
2025-11-28,S02,P082,2,0
2025-11-28,S02,P088,138,0
2025-11-28,S02,P099,14,0
2025-11-28,S02,P100,85,0
2025-11-28,S02,P112,68,0
2025-11-28,S02,P116,73,0
2025-11-28,S05,P024,3,0
2025-11-28,S05,P025,97,0
2025-11-28,S05,P037,286,0
2025-11-28,S05,P041,47,0
2025-11-28,S05,P054,20,0
2025-11-28,S05,P057,220,0
2025-11-28,S05,P066,18,0
2025-11-28,S05,P074,111,0
2025-11-28,S05,P076,10,0
2025-11-28,S05,P082,4,0
2025-11-28,S05,P088,252,0
2025-11-28,S05,P099,0,0
2025-11-28,S05,P100,50,0
2025-11-28,S05,P112,243,136
2025-11-28,S05,P116,36,0
2025-11-28,S06,P024,3,0
2025-11-28,S06,P025,37,0
2025-11-28,S06,P037,35,0
2025-11-28,S06,P041,44,0
2025-11-28,S06,P054,30,0
2025-11-28,S06,P057,10,0
2025-11-28,S06,P066,0,0
2025-11-28,S06,P074,28,0
2025-11-28,S06,P076,379,0
2025-11-28,S06,P082,0,0
2025-11-28,S06,P088,12,0
2025-11-28,S06,P099,1,0
2025-11-28,S06,P100,55,0
2025-11-28,S06,P112,45,0
2025-11-28,S06,P116,9,0
2025-11-28,S08,P024,62,0
2025-11-28,S08,P025,47,0
2025-11-28,S08,P037,40,0
2025-11-28,S08,P041,174,0
2025-11-28,S08,P054,4,0
2025-11-28,S08,P057,20,0
2025-11-28,S08,P066,0,0
2025-11-28,S08,P074,3,0
2025-11-28,S08,P076,54,0
2025-11-28,S08,P082,47,0
2025-11-28,S08,P088,273,0
2025-11-28,S08,P099,14,0
2025-11-28,S08,P100,27,0
2025-11-28,S08,P112,184,0
2025-11-28,S08,P116,505,213
2025-11-29,S01,P024,77,0
2025-11-29,S01,P025,73,0
2025-11-29,S01,P037,187,0
2025-11-29,S01,P041,0,0
2025-11-29,S01,P054,71,0
2025-11-29,S01,P057,64,55
2025-11-29,S01,P066,30,0
2025-11-29,S01,P074,14,0
2025-11-29,S01,P076,152,176
2025-11-29,S01,P082,24,0
2025-11-29,S01,P088,185,0
2025-11-29,S01,P099,0,0
2025-11-29,S01,P100,55,0
2025-11-29,S01,P112,303,0
2025-11-29,S01,P116,14,0
2025-11-29,S02,P024,8,0
2025-11-29,S02,P025,81,0
2025-11-29,S02,P037,68,0
2025-11-29,S02,P041,38,0
2025-11-29,S02,P054,59,0
2025-11-29,S02,P057,17,0
2025-11-29,S02,P066,26,0
2025-11-29,S02,P074,63,0
2025-11-29,S02,P076,64,79
2025-11-29,S02,P082,2,0
2025-11-29,S02,P088,135,0
2025-11-29,S02,P099,10,0
2025-11-29,S02,P100,82,0
2025-11-29,S02,P112,60,0
2025-11-29,S02,P116,70,0
2025-11-29,S05,P024,0,0
2025-11-29,S05,P025,93,0
2025-11-29,S05,P037,275,0
2025-11-29,S05,P041,43,0
2025-11-29,S05,P054,16,0
2025-11-29,S05,P057,210,0
2025-11-29,S05,P066,11,0
2025-11-29,S05,P074,106,0
2025-11-29,S05,P076,0,0
2025-11-29,S05,P082,2,0
2025-11-29,S05,P088,243,0
2025-11-29,S05,P099,0,0
2025-11-29,S05,P100,46,0
2025-11-29,S05,P112,232,0
2025-11-29,S05,P116,23,0
2025-11-29,S06,P024,0,0
2025-11-29,S06,P025,35,0
2025-11-29,S06,P037,29,0
2025-11-29,S06,P041,40,0
2025-11-29,S06,P054,30,0
2025-11-29,S06,P057,3,0
2025-11-29,S06,P066,0,0
2025-11-29,S06,P074,24,0
2025-11-29,S06,P076,370,0
2025-11-29,S06,P082,0,0
2025-11-29,S06,P088,34,24
2025-11-29,S06,P099,0,0
2025-11-29,S06,P100,53,0
2025-11-29,S06,P112,42,0
2025-11-29,S06,P116,3,0
2025-11-29,S08,P024,52,0
2025-11-29,S08,P025,43,0
2025-11-29,S08,P037,32,0
2025-11-29,S08,P041,172,0
2025-11-29,S08,P054,0,0
2025-11-29,S08,P057,16,0
2025-11-29,S08,P066,0,0
2025-11-29,S08,P074,0,0
2025-11-29,S08,P076,26,0
2025-11-29,S08,P082,42,0
2025-11-29,S08,P088,271,0
2025-11-29,S08,P099,9,0
2025-11-29,S08,P100,125,100
2025-11-29,S08,P112,174,0
2025-11-29,S08,P116,491,0
2025-11-30,S01,P024,67,0
2025-11-30,S01,P025,70,0
2025-11-30,S01,P037,177,0
2025-11-30,S01,P041,0,0
2025-11-30,S01,P054,65,0
2025-11-30,S01,P057,58,0
2025-11-30,S01,P066,24,0
2025-11-30,S01,P074,12,0
2025-11-30,S01,P076,131,0
2025-11-30,S01,P082,16,0
2025-11-30,S01,P088,178,0
2025-11-30,S01,P099,0,0
2025-11-30,S01,P100,50,0
2025-11-30,S01,P112,293,0
2025-11-30,S01,P116,0,0
2025-11-30,S02,P024,1,0
2025-11-30,S02,P025,78,0
2025-11-30,S02,P037,65,0
2025-11-30,S02,P041,36,0
2025-11-30,S02,P054,57,0
2025-11-30,S02,P057,11,0
2025-11-30,S02,P066,22,0
2025-11-30,S02,P074,61,0
2025-11-30,S02,P076,54,0
2025-11-30,S02,P082,22,21
2025-11-30,S02,P088,131,0
2025-11-30,S02,P099,2,0
2025-11-30,S02,P100,80,0
2025-11-30,S02,P112,50,0
2025-11-30,S02,P116,65,0
2025-11-30,S05,P024,72,82
2025-11-30,S05,P025,91,0
2025-11-30,S05,P037,272,0
2025-11-30,S05,P041,39,0
2025-11-30,S05,P054,13,0
2025-11-30,S05,P057,198,0
2025-11-30,S05,P066,9,0
2025-11-30,S05,P074,105,0
2025-11-30,S05,P076,0,0
2025-11-30,S05,P082,0,0
2025-11-30,S05,P088,241,0
2025-11-30,S05,P099,0,0
2025-11-30,S05,P100,44,0
2025-11-30,S05,P112,229,0
2025-11-30,S05,P116,16,0
2025-11-30,S06,P024,43,50
2025-11-30,S06,P025,35,0
2025-11-30,S06,P037,26,0
2025-11-30,S06,P041,37,0
2025-11-30,S06,P054,28,0
2025-11-30,S06,P057,0,0
2025-11-30,S06,P066,0,0
2025-11-30,S06,P074,19,0
2025-11-30,S06,P076,357,0
2025-11-30,S06,P082,0,0
2025-11-30,S06,P088,31,0
2025-11-30,S06,P099,0,0
2025-11-30,S06,P100,50,0
2025-11-30,S06,P112,28,0
2025-11-30,S06,P116,0,0
2025-11-30,S08,P024,42,0
2025-11-30,S08,P025,41,0
2025-11-30,S08,P037,21,0
2025-11-30,S08,P041,168,0
2025-11-30,S08,P054,0,0
2025-11-30,S08,P057,10,0
2025-11-30,S08,P066,0,0
2025-11-30,S08,P074,43,48
2025-11-30,S08,P076,0,0
2025-11-30,S08,P082,36,0
2025-11-30,S08,P088,266,0
2025-11-30,S08,P099,5,0
2025-11-30,S08,P100,123,0
2025-11-30,S08,P112,163,0
2025-11-30,S08,P116,482,0
2025-12-01,S01,P024,63,0
2025-12-01,S01,P025,68,0
2025-12-01,S01,P037,174,0
2025-12-01,S01,P041,53,60
2025-12-01,S01,P054,64,0
2025-12-01,S01,P057,50,0
2025-12-01,S01,P066,21,0
2025-12-01,S01,P074,10,0
2025-12-01,S01,P076,112,0
2025-12-01,S01,P082,12,0
2025-12-01,S01,P088,177,0
2025-12-01,S01,P099,0,0
2025-12-01,S01,P100,44,0
2025-12-01,S01,P112,288,0
2025-12-01,S01,P116,0,0
2025-12-01,S02,P024,38,49
2025-12-01,S02,P025,75,0
2025-12-01,S02,P037,62,0
2025-12-01,S02,P041,33,0
2025-12-01,S02,P054,55,0
2025-12-01,S02,P057,5,0
2025-12-01,S02,P066,20,0
2025-12-01,S02,P074,60,0
2025-12-01,S02,P076,47,0
2025-12-01,S02,P082,21,0
2025-12-01,S02,P088,130,0
2025-12-01,S02,P099,0,0
2025-12-01,S02,P100,80,0
2025-12-01,S02,P112,48,0
2025-12-01,S02,P116,60,0
2025-12-01,S05,P024,62,0
2025-12-01,S05,P025,85,0
2025-12-01,S05,P037,268,0
2025-12-01,S05,P041,36,0
2025-12-01,S05,P054,11,0
2025-12-01,S05,P057,193,0
2025-12-01,S05,P066,8,0
2025-12-01,S05,P074,98,0
2025-12-01,S05,P076,0,0
2025-12-01,S05,P082,0,0
2025-12-01,S05,P088,236,0
2025-12-01,S05,P099,0,0
2025-12-01,S05,P100,42,0
2025-12-01,S05,P112,224,0
2025-12-01,S05,P116,7,0
2025-12-01,S06,P024,39,0
2025-12-01,S06,P025,34,0
2025-12-01,S06,P037,22,0
2025-12-01,S06,P041,35,0
2025-12-01,S06,P054,26,0
2025-12-01,S06,P057,0,0
2025-12-01,S06,P066,0,0
2025-12-01,S06,P074,18,0
2025-12-01,S06,P076,345,0
2025-12-01,S06,P082,0,0
2025-12-01,S06,P088,31,0
2025-12-01,S06,P099,0,0
2025-12-01,S06,P100,48,0
2025-12-01,S06,P112,26,0
2025-12-01,S06,P116,0,0
2025-12-01,S08,P024,26,0
2025-12-01,S08,P025,39,0
2025-12-01,S08,P037,19,0
2025-12-01,S08,P041,165,0
2025-12-01,S08,P054,0,0
2025-12-01,S08,P057,8,0
2025-12-01,S08,P066,0,0
2025-12-01,S08,P074,40,0
2025-12-01,S08,P076,0,0
2025-12-01,S08,P082,32,0
2025-12-01,S08,P088,260,0
2025-12-01,S08,P099,0,0
2025-12-01,S08,P100,119,0
2025-12-01,S08,P112,157,0
2025-12-01,S08,P116,476,0
2025-12-02,S01,P024,55,0
2025-12-02,S01,P025,65,0
2025-12-02,S01,P037,170,0
2025-12-02,S01,P041,50,0
2025-12-02,S01,P054,64,0
2025-12-02,S01,P057,47,0
2025-12-02,S01,P066,18,0
2025-12-02,S01,P074,9,0
2025-12-02,S01,P076,100,0
2025-12-02,S01,P082,10,0
2025-12-02,S01,P088,173,0
2025-12-02,S01,P099,0,0
2025-12-02,S01,P100,41,0
2025-12-02,S01,P112,283,0
2025-12-02,S01,P116,0,0
2025-12-02,S02,P024,35,0
2025-12-02,S02,P025,75,0
2025-12-02,S02,P037,58,0
2025-12-02,S02,P041,29,0
2025-12-02,S02,P054,51,0
2025-12-02,S02,P057,2,0
2025-12-02,S02,P066,17,0
2025-12-02,S02,P074,56,0
2025-12-02,S02,P076,40,0
2025-12-02,S02,P082,20,0
2025-12-02,S02,P088,128,0
2025-12-02,S02,P099,0,0
2025-12-02,S02,P100,79,0
2025-12-02,S02,P112,46,0
2025-12-02,S02,P116,57,0
2025-12-02,S05,P024,57,0
2025-12-02,S05,P025,82,0
2025-12-02,S05,P037,263,0
2025-12-02,S05,P041,32,0
2025-12-02,S05,P054,107,100
2025-12-02,S05,P057,345,160
2025-12-02,S05,P066,6,0
2025-12-02,S05,P074,96,0
2025-12-02,S05,P076,0,0
2025-12-02,S05,P082,0,0
2025-12-02,S05,P088,233,0
2025-12-02,S05,P099,0,0
2025-12-02,S05,P100,37,0
2025-12-02,S05,P112,222,0
2025-12-02,S05,P116,0,0
2025-12-02,S06,P024,36,0
2025-12-02,S06,P025,33,0
2025-12-02,S06,P037,21,0
2025-12-02,S06,P041,34,0
2025-12-02,S06,P054,24,0
2025-12-02,S06,P057,0,0
2025-12-02,S06,P066,0,0
2025-12-02,S06,P074,17,0
2025-12-02,S06,P076,334,0
2025-12-02,S06,P082,0,0
2025-12-02,S06,P088,29,0
2025-12-02,S06,P099,0,0
2025-12-02,S06,P100,44,0
2025-12-02,S06,P112,24,0
2025-12-02,S06,P116,0,0
2025-12-02,S08,P024,16,0
2025-12-02,S08,P025,39,0
2025-12-02,S08,P037,17,0
2025-12-02,S08,P041,162,0
2025-12-02,S08,P054,0,0
2025-12-02,S08,P057,1,0
2025-12-02,S08,P066,0,0
2025-12-02,S08,P074,40,0
2025-12-02,S08,P076,0,0
2025-12-02,S08,P082,64,35
2025-12-02,S08,P088,254,0
2025-12-02,S08,P099,0,0
2025-12-02,S08,P100,114,0
2025-12-02,S08,P112,152,0
2025-12-02,S08,P116,471,0
2025-12-03,S01,P024,50,0
2025-12-03,S01,P025,58,0
2025-12-03,S01,P037,163,0
2025-12-03,S01,P041,48,0
2025-12-03,S01,P054,60,0
2025-12-03,S01,P057,42,0
2025-12-03,S01,P066,43,25
2025-12-03,S01,P074,56,48
2025-12-03,S01,P076,84,0
2025-12-03,S01,P082,8,0
2025-12-03,S01,P088,170,0
2025-12-03,S01,P099,0,0
2025-12-03,S01,P100,41,0
2025-12-03,S01,P112,277,0
2025-12-03,S01,P116,0,0
2025-12-03,S02,P024,27,0
2025-12-03,S02,P025,73,0
2025-12-03,S02,P037,58,0
2025-12-03,S02,P041,27,0
2025-12-03,S02,P054,50,0
2025-12-03,S02,P057,1,0
2025-12-03,S02,P066,15,0
2025-12-03,S02,P074,56,0
2025-12-03,S02,P076,35,0
2025-12-03,S02,P082,18,0
2025-12-03,S02,P088,191,67
2025-12-03,S02,P099,0,0
2025-12-03,S02,P100,73,0
2025-12-03,S02,P112,45,0
2025-12-03,S02,P116,55,0
2025-12-03,S05,P024,50,0
2025-12-03,S05,P025,80,0
2025-12-03,S05,P037,260,0
2025-12-03,S05,P041,26,0
2025-12-03,S05,P054,102,0
2025-12-03,S05,P057,342,0
2025-12-03,S05,P066,4,0
2025-12-03,S05,P074,185,90
2025-12-03,S05,P076,0,0
2025-12-03,S05,P082,0,0
2025-12-03,S05,P088,228,0
2025-12-03,S05,P099,0,0
2025-12-03,S05,P100,36,0
2025-12-03,S05,P112,214,0
2025-12-03,S05,P116,0,0
2025-12-03,S06,P024,32,0
2025-12-03,S06,P025,32,0
2025-12-03,S06,P037,20,0
2025-12-03,S06,P041,28,0
2025-12-03,S06,P054,24,0
2025-12-03,S06,P057,0,0
2025-12-03,S06,P066,0,0
2025-12-03,S06,P074,15,0
2025-12-03,S06,P076,324,0
2025-12-03,S06,P082,0,0
2025-12-03,S06,P088,26,0
2025-12-03,S06,P099,0,0
2025-12-03,S06,P100,42,0
2025-12-03,S06,P112,22,0
2025-12-03,S06,P116,98,100
2025-12-03,S08,P024,11,0
2025-12-03,S08,P025,35,0
2025-12-03,S08,P037,14,0
2025-12-03,S08,P041,158,0
2025-12-03,S08,P054,96,100
2025-12-03,S08,P057,0,0
2025-12-03,S08,P066,0,0
2025-12-03,S08,P074,38,0
2025-12-03,S08,P076,0,0
2025-12-03,S08,P082,59,0
2025-12-03,S08,P088,250,0
2025-12-03,S08,P099,0,0
2025-12-03,S08,P100,112,0
2025-12-03,S08,P112,142,0
2025-12-03,S08,P116,468,0
2025-12-04,S01,P024,37,0
2025-12-04,S01,P025,56,0
2025-12-04,S01,P037,158,0
2025-12-04,S01,P041,41,0
2025-12-04,S01,P054,55,0
2025-12-04,S01,P057,31,0
2025-12-04,S01,P066,42,0
2025-12-04,S01,P074,53,0
2025-12-04,S01,P076,58,0
2025-12-04,S01,P082,4,0
2025-12-04,S01,P088,162,0
2025-12-04,S01,P099,36,42
2025-12-04,S01,P100,34,0
2025-12-04,S01,P112,272,0
2025-12-04,S01,P116,92,100
2025-12-04,S02,P024,23,0
2025-12-04,S02,P025,72,0
2025-12-04,S02,P037,128,78
2025-12-04,S02,P041,23,0
2025-12-04,S02,P054,45,0
2025-12-04,S02,P057,0,0
2025-12-04,S02,P066,14,0
2025-12-04,S02,P074,55,0
2025-12-04,S02,P076,26,0
2025-12-04,S02,P082,15,0
2025-12-04,S02,P088,189,0
2025-12-04,S02,P099,32,36
2025-12-04,S02,P100,69,0
2025-12-04,S02,P112,40,0
2025-12-04,S02,P116,49,0
2025-12-04,S05,P024,41,0
2025-12-04,S05,P025,79,0
2025-12-04,S05,P037,253,0
2025-12-04,S05,P041,20,0
2025-12-04,S05,P054,96,0
2025-12-04,S05,P057,336,0
2025-12-04,S05,P066,3,0
2025-12-04,S05,P074,184,0
2025-12-04,S05,P076,0,0
2025-12-04,S05,P082,0,0
2025-12-04,S05,P088,351,125
2025-12-04,S05,P099,0,0
2025-12-04,S05,P100,32,0
2025-12-04,S05,P112,209,0
2025-12-04,S05,P116,0,0
2025-12-04,S06,P024,26,0
2025-12-04,S06,P025,29,0
2025-12-04,S06,P037,15,0
2025-12-04,S06,P041,26,0
2025-12-04,S06,P054,23,0
2025-12-04,S06,P057,0,0
2025-12-04,S06,P066,0,0
2025-12-04,S06,P074,15,0
2025-12-04,S06,P076,314,0
2025-12-04,S06,P082,0,0
2025-12-04,S06,P088,25,0
2025-12-04,S06,P099,31,36
2025-12-04,S06,P100,40,0
2025-12-04,S06,P112,17,0
2025-12-04,S06,P116,97,0
2025-12-04,S08,P024,0,0
2025-12-04,S08,P025,31,0
2025-12-04,S08,P037,9,0
2025-12-04,S08,P041,156,0
2025-12-04,S08,P054,87,0
2025-12-04,S08,P057,0,0
2025-12-04,S08,P066,25,28
2025-12-04,S08,P074,36,0
2025-12-04,S08,P076,0,0
2025-12-04,S08,P082,54,0
2025-12-04,S08,P088,243,0
2025-12-04,S08,P099,0,0
2025-12-04,S08,P100,109,0
2025-12-04,S08,P112,140,0
2025-12-04,S08,P116,461,0
2025-12-05,S01,P024,31,0
2025-12-05,S01,P025,54,0
2025-12-05,S01,P037,156,0
2025-12-05,S01,P041,39,0
2025-12-05,S01,P054,51,0
2025-12-05,S01,P057,26,0
2025-12-05,S01,P066,39,0
2025-12-05,S01,P074,-53,0
2025-12-05,S01,P076,41,0
2025-12-05,S01,P082,0,0
2025-12-05,S01,P088,158,0
2025-12-05,S01,P099,34,0
2025-12-05,S01,P100,31,0
2025-12-05,S01,P112,264,0
2025-12-05,S01,P116,83,0
2025-12-05,S02,P024,18,0
2025-12-05,S02,P025,66,0
2025-12-05,S02,P037,123,0
2025-12-05,S02,P041,22,0
2025-12-05,S02,P054,44,0
2025-12-05,S02,P057,0,0
2025-12-05,S02,P066,12,0
2025-12-05,S02,P074,53,0
2025-12-05,S02,P076,14,0
2025-12-05,S02,P082,12,0
2025-12-05,S02,P088,188,0
2025-12-05,S02,P099,29,0
2025-12-05,S02,P100,67,0
2025-12-05,S02,P112,37,0
2025-12-05,S02,P116,49,0
2025-12-05,S05,P024,27,0
2025-12-05,S05,P025,78,0
2025-12-05,S05,P037,243,0
2025-12-05,S05,P041,13,0
2025-12-05,S05,P054,91,0
2025-12-05,S05,P057,327,0
2025-12-05,S05,P066,2,0
2025-12-05,S05,P074,179,0
2025-12-05,S05,P076,0,0
2025-12-05,S05,P082,0,0
2025-12-05,S05,P088,347,0
2025-12-05,S05,P099,0,0
2025-12-05,S05,P100,30,0
2025-12-05,S05,P112,201,0
2025-12-05,S05,P116,0,0
2025-12-05,S06,P024,20,0
2025-12-05,S06,P025,27,0
2025-12-05,S06,P037,12,0
2025-12-05,S06,P041,23,0
2025-12-05,S06,P054,19,0
2025-12-05,S06,P057,31,36
2025-12-05,S06,P066,0,0
2025-12-05,S06,P074,8,0
2025-12-05,S06,P076,304,0
2025-12-05,S06,P082,19,23
2025-12-05,S06,P088,22,0
2025-12-05,S06,P099,28,0
2025-12-05,S06,P100,39,0
2025-12-05,S06,P112,15,0
2025-12-05,S06,P116,91,0
2025-12-05,S08,P024,0,0
2025-12-05,S08,P025,29,0
2025-12-05,S08,P037,62,60
2025-12-05,S08,P041,153,0
2025-12-05,S08,P054,80,0
2025-12-05,S08,P057,0,0
2025-12-05,S08,P066,24,0
2025-12-05,S08,P074,34,0
2025-12-05,S08,P076,0,0
2025-12-05,S08,P082,51,0
2025-12-05,S08,P088,234,0
2025-12-05,S08,P099,0,0
2025-12-05,S08,P100,105,0
2025-12-05,S08,P112,136,0
2025-12-05,S08,P116,455,0
2025-12-06,S01,P024,20,0
2025-12-06,S01,P025,53,0
2025-12-06,S01,P037,152,0
2025-12-06,S01,P041,33,0
2025-12-06,S01,P054,45,0
2025-12-06,S01,P057,15,0
2025-12-06,S01,P066,33,0
2025-12-06,S01,P074,46,0
2025-12-06,S01,P076,13,0
2025-12-06,S01,P082,0,0
2025-12-06,S01,P088,151,0
2025-12-06,S01,P099,28,0
2025-12-06,S01,P100,28,0
2025-12-06,S01,P112,262,0
2025-12-06,S01,P116,73,0
2025-12-06,S02,P024,13,0
2025-12-06,S02,P025,63,0
2025-12-06,S02,P037,117,0
2025-12-06,S02,P041,20,0
2025-12-06,S02,P054,42,0
2025-12-06,S02,P057,0,0
2025-12-06,S02,P066,9,0
2025-12-06,S02,P074,51,0
2025-12-06,S02,P076,0,0
2025-12-06,S02,P082,9,0
2025-12-06,S02,P088,184,0
2025-12-06,S02,P099,24,0
2025-12-06,S02,P100,66,0
2025-12-06,S02,P112,34,0
2025-12-06,S02,P116,45,0
2025-12-06,S05,P024,14,0
2025-12-06,S05,P025,75,0
2025-12-06,S05,P037,229,0
2025-12-06,S05,P041,4,0
2025-12-06,S05,P054,90,0
2025-12-06,S05,P057,321,0
2025-12-06,S05,P066,0,0
2025-12-06,S05,P074,177,0
2025-12-06,S05,P076,0,0
2025-12-06,S05,P082,26,31
2025-12-06,S05,P088,338,0
2025-12-06,S05,P099,0,0
2025-12-06,S05,P100,29,0
2025-12-06,S05,P112,194,0
2025-12-06,S05,P116,95,100
2025-12-06,S06,P024,14,0
2025-12-06,S06,P025,25,0
2025-12-06,S06,P037,68,60
2025-12-06,S06,P041,20,0
2025-12-06,S06,P054,15,0
2025-12-06,S06,P057,24,0
2025-12-06,S06,P066,16,17
2025-12-06,S06,P074,2,0
2025-12-06,S06,P076,289,0
2025-12-06,S06,P082,41,23
2025-12-06,S06,P088,18,0
2025-12-06,S06,P099,28,0
2025-12-06,S06,P100,34,0
2025-12-06,S06,P112,6,0
2025-12-06,S06,P116,83,0
2025-12-06,S08,P024,0,0
2025-12-06,S08,P025,26,0
2025-12-06,S08,P037,58,0
2025-12-06,S08,P041,239,93
2025-12-06,S08,P054,73,0
2025-12-06,S08,P057,31,41
2025-12-06,S08,P066,-20,0
2025-12-06,S08,P074,29,0
2025-12-06,S08,P076,157,175
2025-12-06,S08,P082,47,0
2025-12-06,S08,P088,230,0
2025-12-06,S08,P099,32,42
2025-12-06,S08,P100,102,0
2025-12-06,S08,P112,129,0
2025-12-06,S08,P116,444,0
2025-12-07,S01,P024,13,0
2025-12-07,S01,P025,49,0
2025-12-07,S01,P037,145,0
2025-12-07,S01,P041,24,0
2025-12-07,S01,P054,40,0
2025-12-07,S01,P057,0,0
2025-12-07,S01,P066,32,0
2025-12-07,S01,P074,42,0
2025-12-07,S01,P076,0,0
2025-12-07,S01,P082,0,0
2025-12-07,S01,P088,144,0
2025-12-07,S01,P099,25,0
2025-12-07,S01,P100,23,0
2025-12-07,S01,P112,256,0
2025-12-07,S01,P116,65,0
2025-12-07,S02,P024,6,0
2025-12-07,S02,P025,61,0
2025-12-07,S02,P037,116,0
2025-12-07,S02,P041,17,0
2025-12-07,S02,P054,39,0
2025-12-07,S02,P057,0,0
2025-12-07,S02,P066,22,15
2025-12-07,S02,P074,48,0
2025-12-07,S02,P076,0,0
2025-12-07,S02,P082,9,0
2025-12-07,S02,P088,180,0
2025-12-07,S02,P099,21,0
2025-12-07,S02,P100,64,0
2025-12-07,S02,P112,26,0
2025-12-07,S02,P116,34,0
2025-12-07,S05,P024,6,0
2025-12-07,S05,P025,72,0
2025-12-07,S05,P037,221,0
2025-12-07,S05,P041,0,0
2025-12-07,S05,P054,84,0
2025-12-07,S05,P057,314,0
2025-12-07,S05,P066,0,0
2025-12-07,S05,P074,166,0
2025-12-07,S05,P076,0,0
2025-12-07,S05,P082,23,0
2025-12-07,S05,P088,328,0
2025-12-07,S05,P099,0,0
2025-12-07,S05,P100,26,0
2025-12-07,S05,P112,185,0
2025-12-07,S05,P116,88,0
2025-12-07,S06,P024,8,0
2025-12-07,S06,P025,19,0
2025-12-07,S06,P037,62,0
2025-12-07,S06,P041,17,0
2025-12-07,S06,P054,13,0
2025-12-07,S06,P057,21,0
2025-12-07,S06,P066,13,0
2025-12-07,S06,P074,47,48
2025-12-07,S06,P076,279,0
2025-12-07,S06,P082,36,0
2025-12-07,S06,P088,15,0
2025-12-07,S06,P099,25,0
2025-12-07,S06,P100,33,0
2025-12-07,S06,P112,103,100
2025-12-07,S06,P116,80,0
2025-12-07,S08,P024,70,82
2025-12-07,S08,P025,25,0
2025-12-07,S08,P037,51,0
2025-12-07,S08,P041,233,0
2025-12-07,S08,P054,70,0
2025-12-07,S08,P057,24,0
2025-12-07,S08,P066,14,0
2025-12-07,S08,P074,25,0
2025-12-07,S08,P076,135,0
2025-12-07,S08,P082,39,0
2025-12-07,S08,P088,224,0
2025-12-07,S08,P099,30,0
2025-12-07,S08,P100,96,0
2025-12-07,S08,P112,276,158
2025-12-07,S08,P116,433,0
2025-12-08,S01,P024,5,0
2025-12-08,S01,P025,47,0
2025-12-08,S01,P037,140,0
2025-12-08,S01,P041,20,0
2025-12-08,S01,P054,38,0
2025-12-08,S01,P057,54,55
2025-12-08,S01,P066,29,0
2025-12-08,S01,P074,38,0
2025-12-08,S01,P076,0,0
2025-12-08,S01,P082,0,0
2025-12-08,S01,P088,142,0
2025-12-08,S01,P099,19,0
2025-12-08,S01,P100,20,0
2025-12-08,S01,P112,247,0
2025-12-08,S01,P116,62,0
2025-12-08,S02,P024,45,49
2025-12-08,S02,P025,59,0
2025-12-08,S02,P037,110,0
2025-12-08,S02,P041,12,0
2025-12-08,S02,P054,37,0
2025-12-08,S02,P057,0,0
2025-12-08,S02,P066,19,0
2025-12-08,S02,P074,46,0
2025-12-08,S02,P076,68,79
2025-12-08,S02,P082,5,0
2025-12-08,S02,P088,177,0
2025-12-08,S02,P099,20,0
2025-12-08,S02,P100,62,0
2025-12-08,S02,P112,22,0
2025-12-08,S02,P116,30,0
2025-12-08,S05,P024,0,0
2025-12-08,S05,P025,69,0
2025-12-08,S05,P037,217,0
2025-12-08,S05,P041,0,0
2025-12-08,S05,P054,83,0
2025-12-08,S05,P057,310,0
2025-12-08,S05,P066,0,0
2025-12-08,S05,P074,163,0
2025-12-08,S05,P076,0,0
2025-12-08,S05,P082,19,0
2025-12-08,S05,P088,324,0
2025-12-08,S05,P099,0,0
2025-12-08,S05,P100,25,0
2025-12-08,S05,P112,178,0
2025-12-08,S05,P116,81,0
2025-12-08,S06,P024,2,0
2025-12-08,S06,P025,19,0
2025-12-08,S06,P037,58,0
2025-12-08,S06,P041,16,0
2025-12-08,S06,P054,13,0
2025-12-08,S06,P057,17,0
2025-12-08,S06,P066,12,0
2025-12-08,S06,P074,46,0
2025-12-08,S06,P076,269,0
2025-12-08,S06,P082,32,0
2025-12-08,S06,P088,11,0
2025-12-08,S06,P099,23,0
2025-12-08,S06,P100,31,0
2025-12-08,S06,P112,98,0
2025-12-08,S06,P116,77,0
2025-12-08,S08,P024,63,0
2025-12-08,S08,P025,24,0
2025-12-08,S08,P037,48,0
2025-12-08,S08,P041,231,0
2025-12-08,S08,P054,67,0
2025-12-08,S08,P057,65,41
2025-12-08,S08,P066,12,0
2025-12-08,S08,P074,22,0
2025-12-08,S08,P076,117,0
2025-12-08,S08,P082,35,0
2025-12-08,S08,P088,223,0
2025-12-08,S08,P099,28,0
2025-12-08,S08,P100,94,0
2025-12-08,S08,P112,268,0
2025-12-08,S08,P116,429,0
2025-12-09,S01,P024,69,68
2025-12-09,S01,P025,47,0
2025-12-09,S01,P037,274,136
2025-12-09,S01,P041,19,0
2025-12-09,S01,P054,35,0
2025-12-09,S01,P057,47,0
2025-12-09,S01,P066,26,0
2025-12-09,S01,P074,37,0
2025-12-09,S01,P076,0,0
2025-12-09,S01,P082,0,0
2025-12-09,S01,P088,134,0
2025-12-09,S01,P099,13,0
2025-12-09,S01,P100,16,0
2025-12-09,S01,P112,242,0
2025-12-09,S01,P116,54,0
2025-12-09,S02,P024,38,0
2025-12-09,S02,P025,57,0
2025-12-09,S02,P037,106,0
2025-12-09,S02,P041,7,0
2025-12-09,S02,P054,36,0
2025-12-09,S02,P057,34,36
2025-12-09,S02,P066,17,0
2025-12-09,S02,P074,45,0
2025-12-09,S02,P076,54,0
2025-12-09,S02,P082,4,0
2025-12-09,S02,P088,177,0
2025-12-09,S02,P099,19,0
2025-12-09,S02,P100,62,0
2025-12-09,S02,P112,20,0
2025-12-09,S02,P116,26,0
2025-12-09,S05,P024,75,82
2025-12-09,S05,P025,65,0
2025-12-09,S05,P037,214,0
2025-12-09,S05,P041,0,0
2025-12-09,S05,P054,81,0
2025-12-09,S05,P057,307,0
2025-12-09,S05,P066,0,0
2025-12-09,S05,P074,157,0
2025-12-09,S05,P076,0,0
2025-12-09,S05,P082,17,0
2025-12-09,S05,P088,323,0
2025-12-09,S05,P099,0,0
2025-12-09,S05,P100,22,0
2025-12-09,S05,P112,177,0
2025-12-09,S05,P116,72,0
2025-12-09,S06,P024,0,0
2025-12-09,S06,P025,18,0
2025-12-09,S06,P037,54,0
2025-12-09,S06,P041,13,0
2025-12-09,S06,P054,12,0
2025-12-09,S06,P057,14,0
2025-12-09,S06,P066,11,0
2025-12-09,S06,P074,46,0
2025-12-09,S06,P076,260,0
2025-12-09,S06,P082,30,0
2025-12-09,S06,P088,7,0
2025-12-09,S06,P099,23,0
2025-12-09,S06,P100,30,0
2025-12-09,S06,P112,97,0
2025-12-09,S06,P116,73,0
2025-12-09,S08,P024,60,0
2025-12-09,S08,P025,20,0
2025-12-09,S08,P037,47,0
2025-12-09,S08,P041,228,0
2025-12-09,S08,P054,62,0
2025-12-09,S08,P057,61,0
2025-12-09,S08,P066,10,0
2025-12-09,S08,P074,20,0
2025-12-09,S08,P076,108,0
2025-12-09,S08,P082,31,0
2025-12-09,S08,P088,219,0
2025-12-09,S08,P099,22,0
2025-12-09,S08,P100,92,0
2025-12-09,S08,P112,264,0
2025-12-09,S08,P116,420,0
2025-12-10,S01,P024,61,0
2025-12-10,S01,P025,47,0
2025-12-10,S01,P037,268,0
2025-12-10,S01,P041,18,0
2025-12-10,S01,P054,32,0
2025-12-10,S01,P057,43,0
2025-12-10,S01,P066,23,0
2025-12-10,S01,P074,35,0
2025-12-10,S01,P076,0,0
2025-12-10,S01,P082,0,0
2025-12-10,S01,P088,128,0
2025-12-10,S01,P099,8,0
2025-12-10,S01,P100,15,0
2025-12-10,S01,P112,233,0
2025-12-10,S01,P116,49,0
2025-12-10,S02,P024,31,0
2025-12-10,S02,P025,53,0
2025-12-10,S02,P037,100,0
2025-12-10,S02,P041,0,0
2025-12-10,S02,P054,33,0
2025-12-10,S02,P057,29,0
2025-12-10,S02,P066,15,0
2025-12-10,S02,P074,44,0
2025-12-10,S02,P076,43,0
2025-12-10,S02,P082,2,0
2025-12-10,S02,P088,173,0
2025-12-10,S02,P099,15,0
2025-12-10,S02,P100,61,0
2025-12-10,S02,P112,18,0
2025-12-10,S02,P116,21,0
2025-12-10,S05,P024,70,0
2025-12-10,S05,P025,64,0
2025-12-10,S05,P037,209,0
2025-12-10,S05,P041,0,0
2025-12-10,S05,P054,79,0
2025-12-10,S05,P057,304,0
2025-12-10,S05,P066,0,0
2025-12-10,S05,P074,156,0
2025-12-10,S05,P076,0,0
2025-12-10,S05,P082,14,0
2025-12-10,S05,P088,318,0
2025-12-10,S05,P099,0,0
2025-12-10,S05,P100,20,0
2025-12-10,S05,P112,170,0
2025-12-10,S05,P116,64,0
2025-12-10,S06,P024,0,0
2025-12-10,S06,P025,17,0
2025-12-10,S06,P037,50,0
2025-12-10,S06,P041,11,0
2025-12-10,S06,P054,11,0
2025-12-10,S06,P057,11,0
2025-12-10,S06,P066,8,0
2025-12-10,S06,P074,46,0
2025-12-10,S06,P076,472,220
2025-12-10,S06,P082,29,0
2025-12-10,S06,P088,4,0
2025-12-10,S06,P099,20,0
2025-12-10,S06,P100,29,0
2025-12-10,S06,P112,94,0
2025-12-10,S06,P116,70,0
2025-12-10,S08,P024,51,0
2025-12-10,S08,P025,15,0
2025-12-10,S08,P037,43,0
2025-12-10,S08,P041,226,0
2025-12-10,S08,P054,57,0
2025-12-10,S08,P057,58,0
2025-12-10,S08,P066,8,0
2025-12-10,S08,P074,14,0
2025-12-10,S08,P076,92,0
2025-12-10,S08,P082,28,0
2025-12-10,S08,P088,214,0
2025-12-10,S08,P099,15,0
2025-12-10,S08,P100,86,0
2025-12-10,S08,P112,258,0
2025-12-10,S08,P116,408,0
2025-12-11,S01,P024,53,0
2025-12-11,S01,P025,44,0
2025-12-11,S01,P037,262,0
2025-12-11,S01,P041,14,0
2025-12-11,S01,P054,31,0
2025-12-11,S01,P057,38,0
2025-12-11,S01,P066,41,25
2025-12-11,S01,P074,32,0
2025-12-11,S01,P076,155,176
2025-12-11,S01,P082,0,0
2025-12-11,S01,P088,120,0
2025-12-11,S01,P099,3,0
2025-12-11,S01,P100,10,0
2025-12-11,S01,P112,230,0
2025-12-11,S01,P116,43,0
2025-12-11,S02,P024,23,0
2025-12-11,S02,P025,53,0
2025-12-11,S02,P037,98,0
2025-12-11,S02,P041,0,0
2025-12-11,S02,P054,31,0
2025-12-11,S02,P057,25,0
2025-12-11,S02,P066,15,0
2025-12-11,S02,P074,42,0
2025-12-11,S02,P076,35,0
2025-12-11,S02,P082,0,0
2025-12-11,S02,P088,171,0
2025-12-11,S02,P099,12,0
2025-12-11,S02,P100,57,0
2025-12-11,S02,P112,12,0
2025-12-11,S02,P116,15,0
2025-12-11,S05,P024,62,0
2025-12-11,S05,P025,60,0
2025-12-11,S05,P037,202,0
2025-12-11,S05,P041,0,0
2025-12-11,S05,P054,75,0
2025-12-11,S05,P057,302,0
2025-12-11,S05,P066,0,0
2025-12-11,S05,P074,153,0
2025-12-11,S05,P076,117,127
2025-12-11,S05,P082,11,0
2025-12-11,S05,P088,312,0
2025-12-11,S05,P099,35,41
2025-12-11,S05,P100,15,0
2025-12-11,S05,P112,165,0
2025-12-11,S05,P116,61,0
2025-12-11,S06,P024,48,50
2025-12-11,S06,P025,15,0
2025-12-11,S06,P037,50,0
2025-12-11,S06,P041,7,0
2025-12-11,S06,P054,11,0
2025-12-11,S06,P057,8,0
2025-12-11,S06,P066,7,0
2025-12-11,S06,P074,42,0
2025-12-11,S06,P076,462,0
2025-12-11,S06,P082,28,0
2025-12-11,S06,P088,4,0
2025-12-11,S06,P099,17,0
2025-12-11,S06,P100,27,0
2025-12-11,S06,P112,89,0
2025-12-11,S06,P116,64,0
2025-12-11,S08,P024,41,0
2025-12-11,S08,P025,13,0
2025-12-11,S08,P037,39,0
2025-12-11,S08,P041,218,0
2025-12-11,S08,P054,55,0
2025-12-11,S08,P057,52,0
2025-12-11,S08,P066,7,0
2025-12-11,S08,P074,9,0
2025-12-11,S08,P076,71,0
2025-12-11,S08,P082,26,0
2025-12-11,S08,P088,213,0
2025-12-11,S08,P099,14,0
2025-12-11,S08,P100,82,0
2025-12-11,S08,P112,250,0
2025-12-11,S08,P116,397,0
2025-12-12,S01,P024,49,0
2025-12-12,S01,P025,40,0
2025-12-12,S01,P037,255,0
2025-12-12,S01,P041,9,0
2025-12-12,S01,P054,130,100
2025-12-12,S01,P057,30,0
2025-12-12,S01,P066,38,0
2025-12-12,S01,P074,30,0
2025-12-12,S01,P076,136,0
2025-12-12,S01,P082,36,40
2025-12-12,S01,P088,118,0
2025-12-12,S01,P099,0,0
2025-12-12,S01,P100,9,0
2025-12-12,S01,P112,226,0
2025-12-12,S01,P116,36,0
2025-12-12,S02,P024,20,0
2025-12-12,S02,P025,51,0
2025-12-12,S02,P037,96,0
2025-12-12,S02,P041,0,0
2025-12-12,S02,P054,29,0
2025-12-12,S02,P057,17,0
2025-12-12,S02,P066,12,0
2025-12-12,S02,P074,36,0
2025-12-12,S02,P076,17,0
2025-12-12,S02,P082,0,0
2025-12-12,S02,P088,167,0
2025-12-12,S02,P099,10,0
2025-12-12,S02,P100,55,0
2025-12-12,S02,P112,5,0
2025-12-12,S02,P116,8,0
2025-12-12,S05,P024,46,0
2025-12-12,S05,P025,59,0
2025-12-12,S05,P037,198,0
2025-12-12,S05,P041,52,60
2025-12-12,S05,P054,70,0
2025-12-12,S05,P057,297,0
2025-12-12,S05,P066,0,0
2025-12-12,S05,P074,147,0
2025-12-12,S05,P076,98,0
2025-12-12,S05,P082,8,0
2025-12-12,S05,P088,306,0
2025-12-12,S05,P099,32,0
2025-12-12,S05,P100,13,0
2025-12-12,S05,P112,155,0
2025-12-12,S05,P116,52,0
2025-12-12,S06,P024,41,0
2025-12-12,S06,P025,15,0
2025-12-12,S06,P037,48,0
2025-12-12,S06,P041,6,0
2025-12-12,S06,P054,11,0
2025-12-12,S06,P057,3,0
2025-12-12,S06,P066,6,0
2025-12-12,S06,P074,37,0
2025-12-12,S06,P076,457,0
2025-12-12,S06,P082,25,0
2025-12-12,S06,P088,0,0
2025-12-12,S06,P099,14,0
2025-12-12,S06,P100,27,0
2025-12-12,S06,P112,86,0
2025-12-12,S06,P116,60,0
2025-12-12,S08,P024,28,0
2025-12-12,S08,P025,10,0
2025-12-12,S08,P037,31,0
2025-12-12,S08,P041,215,0
2025-12-12,S08,P054,47,0
2025-12-12,S08,P057,47,0
2025-12-12,S08,P066,3,0
2025-12-12,S08,P074,4,0
2025-12-12,S08,P076,44,0
2025-12-12,S08,P082,58,35
2025-12-12,S08,P088,210,0
2025-12-12,S08,P099,9,0
2025-12-12,S08,P100,79,0
2025-12-12,S08,P112,241,0
2025-12-12,S08,P116,392,0
2025-12-13,S01,P024,34,0
2025-12-13,S01,P025,39,0
2025-12-13,S01,P037,247,0
2025-12-13,S01,P041,0,0
2025-12-13,S01,P054,117,0
2025-12-13,S01,P057,23,0
2025-12-13,S01,P066,32,0
2025-12-13,S01,P074,24,0
2025-12-13,S01,P076,116,0
2025-12-13,S01,P082,29,0
2025-12-13,S01,P088,113,0
2025-12-13,S01,P099,0,0
2025-12-13,S01,P100,6,0
2025-12-13,S01,P112,222,0
2025-12-13,S01,P116,27,0
2025-12-13,S02,P024,15,0
2025-12-13,S02,P025,50,0
2025-12-13,S02,P037,92,0
2025-12-13,S02,P041,0,0
2025-12-13,S02,P054,28,0
2025-12-13,S02,P057,13,0
2025-12-13,S02,P066,10,0
2025-12-13,S02,P074,82,48
2025-12-13,S02,P076,9,0
2025-12-13,S02,P082,0,0
2025-12-13,S02,P088,164,0
2025-12-13,S02,P099,8,0
2025-12-13,S02,P100,53,0
2025-12-13,S02,P112,1,0
2025-12-13,S02,P116,4,0
2025-12-13,S05,P024,34,0
2025-12-13,S05,P025,58,0
2025-12-13,S05,P037,188,0
2025-12-13,S05,P041,42,0
2025-12-13,S05,P054,66,0
2025-12-13,S05,P057,291,0
2025-12-13,S05,P066,0,0
2025-12-13,S05,P074,139,0
2025-12-13,S05,P076,77,0
2025-12-13,S05,P082,35,31
2025-12-13,S05,P088,299,0
2025-12-13,S05,P099,20,0
2025-12-13,S05,P100,10,0
2025-12-13,S05,P112,149,0
2025-12-13,S05,P116,47,0
2025-12-13,S06,P024,33,0
2025-12-13,S06,P025,14,0
2025-12-13,S06,P037,45,0
2025-12-13,S06,P041,5,0
2025-12-13,S06,P054,9,0
2025-12-13,S06,P057,0,0
2025-12-13,S06,P066,3,0
2025-12-13,S06,P074,33,0
2025-12-13,S06,P076,447,0
2025-12-13,S06,P082,23,0
2025-12-13,S06,P088,0,0
2025-12-13,S06,P099,9,0
2025-12-13,S06,P100,26,0
2025-12-13,S06,P112,80,0
2025-12-13,S06,P116,52,0
2025-12-13,S08,P024,21,0
2025-12-13,S08,P025,5,0
2025-12-13,S08,P037,18,0
2025-12-13,S08,P041,210,0
2025-12-13,S08,P054,39,0
2025-12-13,S08,P057,42,0
2025-12-13,S08,P066,0,0
2025-12-13,S08,P074,3,0
2025-12-13,S08,P076,15,0
2025-12-13,S08,P082,56,0
2025-12-13,S08,P088,205,0
2025-12-13,S08,P099,1,0
2025-12-13,S08,P100,79,0
2025-12-13,S08,P112,233,0
2025-12-13,S08,P116,380,0
2025-12-14,S01,P024,24,0
2025-12-14,S01,P025,35,0
2025-12-14,S01,P037,239,0
2025-12-14,S01,P041,0,0
2025-12-14,S01,P054,110,0
2025-12-14,S01,P057,19,0
2025-12-14,S01,P066,23,0
2025-12-14,S01,P074,22,0
2025-12-14,S01,P076,70,0
2025-12-14,S01,P082,24,0
2025-12-14,S01,P088,110,0
2025-12-14,S01,P099,0,0
2025-12-14,S01,P100,102,100
2025-12-14,S01,P112,218,0
2025-12-14,S01,P116,12,0
2025-12-14,S02,P024,7,0
2025-12-14,S02,P025,48,0
2025-12-14,S02,P037,89,0
2025-12-14,S02,P041,0,0
2025-12-14,S02,P054,27,0
2025-12-14,S02,P057,13,0
2025-12-14,S02,P066,23,15
2025-12-14,S02,P074,80,0
2025-12-14,S02,P076,0,0
2025-12-14,S02,P082,0,0
2025-12-14,S02,P088,159,0
2025-12-14,S02,P099,7,0
2025-12-14,S02,P100,51,0
2025-12-14,S02,P112,0,0
2025-12-14,S02,P116,0,0
2025-12-14,S05,P024,25,0
2025-12-14,S05,P025,56,0
2025-12-14,S05,P037,177,0
2025-12-14,S05,P041,38,0
2025-12-14,S05,P054,62,0
2025-12-14,S05,P057,285,0
2025-12-14,S05,P066,0,0
2025-12-14,S05,P074,134,0
2025-12-14,S05,P076,50,0
2025-12-14,S05,P082,33,0
2025-12-14,S05,P088,296,0
2025-12-14,S05,P099,17,0
2025-12-14,S05,P100,7,0
2025-12-14,S05,P112,143,0
2025-12-14,S05,P116,42,0
2025-12-14,S06,P024,26,0
2025-12-14,S06,P025,14,0
2025-12-14,S06,P037,43,0
2025-12-14,S06,P041,1,0
2025-12-14,S06,P054,106,100
2025-12-14,S06,P057,0,0
2025-12-14,S06,P066,0,0
2025-12-14,S06,P074,31,0
2025-12-14,S06,P076,431,0
2025-12-14,S06,P082,19,0
2025-12-14,S06,P088,0,0
2025-12-14,S06,P099,5,0
2025-12-14,S06,P100,24,0
2025-12-14,S06,P112,75,0
2025-12-14,S06,P116,43,0
2025-12-14,S08,P024,8,0
2025-12-14,S08,P025,3,0
2025-12-14,S08,P037,9,0
2025-12-14,S08,P041,202,0
2025-12-14,S08,P054,34,0
2025-12-14,S08,P057,36,0
2025-12-14,S08,P066,0,0
2025-12-14,S08,P074,2,0
2025-12-14,S08,P076,0,0
2025-12-14,S08,P082,50,0
2025-12-14,S08,P088,201,0
2025-12-14,S08,P099,0,0
2025-12-14,S08,P100,77,0
2025-12-14,S08,P112,223,0
2025-12-14,S08,P116,367,0
2025-12-15,S01,P024,16,0
2025-12-15,S01,P025,32,0
2025-12-15,S01,P037,238,0
2025-12-15,S01,P041,57,60
2025-12-15,S01,P054,106,0
2025-12-15,S01,P057,13,0
2025-12-15,S01,P066,20,0
2025-12-15,S01,P074,19,0
2025-12-15,S01,P076,56,0
2025-12-15,S01,P082,21,0
2025-12-15,S01,P088,106,0
2025-12-15,S01,P099,0,0
2025-12-15,S01,P100,102,0
2025-12-15,S01,P112,214,0
2025-12-15,S01,P116,5,0
2025-12-15,S02,P024,3,0
2025-12-15,S02,P025,48,0
2025-12-15,S02,P037,87,0
2025-12-15,S02,P041,59,60
2025-12-15,S02,P054,27,0
2025-12-15,S02,P057,10,0
2025-12-15,S02,P066,21,0
2025-12-15,S02,P074,79,0
2025-12-15,S02,P076,0,0
2025-12-15,S02,P082,0,0
2025-12-15,S02,P088,156,0
2025-12-15,S02,P099,41,36
2025-12-15,S02,P100,51,0
2025-12-15,S02,P112,0,0
2025-12-15,S02,P116,0,0
2025-12-15,S05,P024,19,0
2025-12-15,S05,P025,56,0
2025-12-15,S05,P037,175,0
2025-12-15,S05,P041,32,0
2025-12-15,S05,P054,60,0
2025-12-15,S05,P057,279,0
2025-12-15,S05,P066,0,0
2025-12-15,S05,P074,131,0
2025-12-15,S05,P076,41,0
2025-12-15,S05,P082,29,0
2025-12-15,S05,P088,291,0
2025-12-15,S05,P099,13,0
2025-12-15,S05,P100,4,0
2025-12-15,S05,P112,137,0
2025-12-15,S05,P116,38,0
2025-12-15,S06,P024,22,0
2025-12-15,S06,P025,13,0
2025-12-15,S06,P037,41,0
2025-12-15,S06,P041,0,0
2025-12-15,S06,P054,104,0
2025-12-15,S06,P057,0,0
2025-12-15,S06,P066,0,0
2025-12-15,S06,P074,30,0
2025-12-15,S06,P076,421,0
2025-12-15,S06,P082,12,0
2025-12-15,S06,P088,22,24
2025-12-15,S06,P099,0,0
2025-12-15,S06,P100,22,0
2025-12-15,S06,P112,67,0
2025-12-15,S06,P116,41,0
2025-12-15,S08,P024,0,0
2025-12-15,S08,P025,1,0
2025-12-15,S08,P037,4,0
2025-12-15,S08,P041,194,0
2025-12-15,S08,P054,31,0
2025-12-15,S08,P057,34,0
2025-12-15,S08,P066,0,0
2025-12-15,S08,P074,0,0
2025-12-15,S08,P076,0,0
2025-12-15,S08,P082,45,0
2025-12-15,S08,P088,193,0
2025-12-15,S08,P099,0,0
2025-12-15,S08,P100,73,0
2025-12-15,S08,P112,220,0
2025-12-15,S08,P116,359,0
2025-12-16,S01,P024,10,0
2025-12-16,S01,P025,30,0
2025-12-16,S01,P037,234,0
2025-12-16,S01,P041,53,0
2025-12-16,S01,P054,102,0
2025-12-16,S01,P057,58,55
2025-12-16,S01,P066,16,0
2025-12-16,S01,P074,13,0
2025-12-16,S01,P076,44,0
2025-12-16,S01,P082,18,0
2025-12-16,S01,P088,105,0
2025-12-16,S01,P099,41,42
2025-12-16,S01,P100,100,0
2025-12-16,S01,P112,210,0
2025-12-16,S01,P116,0,0
2025-12-16,S02,P024,44,49
2025-12-16,S02,P025,47,0
2025-12-16,S02,P037,84,0
2025-12-16,S02,P041,56,0
2025-12-16,S02,P054,25,0
2025-12-16,S02,P057,5,0
2025-12-16,S02,P066,19,0
2025-12-16,S02,P074,75,0
2025-12-16,S02,P076,0,0
2025-12-16,S02,P082,0,0
2025-12-16,S02,P088,153,0
2025-12-16,S02,P099,37,0
2025-12-16,S02,P100,51,0
2025-12-16,S02,P112,0,0
2025-12-16,S02,P116,0,0
2025-12-16,S05,P024,13,0
2025-12-16,S05,P025,55,0
2025-12-16,S05,P037,171,0
2025-12-16,S05,P041,30,0
2025-12-16,S05,P054,58,0
2025-12-16,S05,P057,276,0
2025-12-16,S05,P066,20,22
2025-12-16,S05,P074,129,0
2025-12-16,S05,P076,30,0
2025-12-16,S05,P082,26,0
2025-12-16,S05,P088,288,0
2025-12-16,S05,P099,7,0
2025-12-16,S05,P100,1,0
2025-12-16,S05,P112,136,0
2025-12-16,S05,P116,30,0
2025-12-16,S06,P024,19,0
2025-12-16,S06,P025,9,0
2025-12-16,S06,P037,40,0
2025-12-16,S06,P041,0,0
2025-12-16,S06,P054,104,0
2025-12-16,S06,P057,0,0
2025-12-16,S06,P066,0,0
2025-12-16,S06,P074,28,0
2025-12-16,S06,P076,413,0
2025-12-16,S06,P082,6,0
2025-12-16,S06,P088,22,0
2025-12-16,S06,P099,0,0
2025-12-16,S06,P100,22,0
2025-12-16,S06,P112,64,0
2025-12-16,S06,P116,36,0
2025-12-16,S08,P024,0,0
2025-12-16,S08,P025,0,0
2025-12-16,S08,P037,1,0
2025-12-16,S08,P041,192,0
2025-12-16,S08,P054,27,0
2025-12-16,S08,P057,34,0
2025-12-16,S08,P066,0,0
2025-12-16,S08,P074,46,48
2025-12-16,S08,P076,0,0
2025-12-16,S08,P082,42,0
2025-12-16,S08,P088,191,0
2025-12-16,S08,P099,0,0
2025-12-16,S08,P100,69,0
2025-12-16,S08,P112,217,0
2025-12-16,S08,P116,349,0
2025-12-17,S01,P024,0,0
2025-12-17,S01,P025,30,0
2025-12-17,S01,P037,228,0
2025-12-17,S01,P041,51,0
2025-12-17,S01,P054,99,0
2025-12-17,S01,P057,56,0
2025-12-17,S01,P066,14,0
2025-12-17,S01,P074,10,0
2025-12-17,S01,P076,27,0
2025-12-17,S01,P082,15,0
2025-12-17,S01,P088,100,0
2025-12-17,S01,P099,35,0
2025-12-17,S01,P100,98,0
2025-12-17,S01,P112,363,158
2025-12-17,S01,P116,0,0
2025-12-17,S02,P024,41,0
2025-12-17,S02,P025,45,0
2025-12-17,S02,P037,81,0
2025-12-17,S02,P041,56,0
2025-12-17,S02,P054,24,0
2025-12-17,S02,P057,4,0
2025-12-17,S02,P066,19,0
2025-12-17,S02,P074,72,0
2025-12-17,S02,P076,0,0
2025-12-17,S02,P082,0,0
2025-12-17,S02,P088,151,0
2025-12-17,S02,P099,33,0
2025-12-17,S02,P100,49,0
2025-12-17,S02,P112,0,0
2025-12-17,S02,P116,0,0
2025-12-17,S05,P024,85,82
2025-12-17,S05,P025,54,0
2025-12-17,S05,P037,166,0
2025-12-17,S05,P041,27,0
2025-12-17,S05,P054,53,0
2025-12-17,S05,P057,269,0
2025-12-17,S05,P066,19,0
2025-12-17,S05,P074,126,0
2025-12-17,S05,P076,19,0
2025-12-17,S05,P082,24,0
2025-12-17,S05,P088,284,0
2025-12-17,S05,P099,5,0
2025-12-17,S05,P100,98,100
2025-12-17,S05,P112,128,0
2025-12-17,S05,P116,19,0
2025-12-17,S06,P024,16,0
2025-12-17,S06,P025,9,0
2025-12-17,S06,P037,37,0
2025-12-17,S06,P041,0,0
2025-12-17,S06,P054,101,0
2025-12-17,S06,P057,0,0
2025-12-17,S06,P066,0,0
2025-12-17,S06,P074,27,0
2025-12-17,S06,P076,403,0
2025-12-17,S06,P082,4,0
2025-12-17,S06,P088,21,0
2025-12-17,S06,P099,0,0
2025-12-17,S06,P100,20,0
2025-12-17,S06,P112,62,0
2025-12-17,S06,P116,32,0
2025-12-17,S08,P024,0,0
2025-12-17,S08,P025,95,100
2025-12-17,S08,P037,54,60
2025-12-17,S08,P041,190,0
2025-12-17,S08,P054,22,0
2025-12-17,S08,P057,31,0
2025-12-17,S08,P066,0,0
2025-12-17,S08,P074,43,0
2025-12-17,S08,P076,0,0
2025-12-17,S08,P082,39,0
2025-12-17,S08,P088,186,0
2025-12-17,S08,P099,0,0
2025-12-17,S08,P100,67,0
2025-12-17,S08,P112,210,0
2025-12-17,S08,P116,343,0
2025-12-18,S01,P024,66,68
2025-12-18,S01,P025,127,100
2025-12-18,S01,P037,225,0
2025-12-18,S01,P041,48,0
2025-12-18,S01,P054,97,0
2025-12-18,S01,P057,49,0
2025-12-18,S01,P066,13,0
2025-12-18,S01,P074,4,0
2025-12-18,S01,P076,16,0
2025-12-18,S01,P082,11,0
2025-12-18,S01,P088,93,0
2025-12-18,S01,P099,32,0
2025-12-18,S01,P100,94,0
2025-12-18,S01,P112,355,0
2025-12-18,S01,P116,0,0
2025-12-18,S02,P024,36,0
2025-12-18,S02,P025,41,0
2025-12-18,S02,P037,78,0
2025-12-18,S02,P041,52,0
2025-12-18,S02,P054,24,0
2025-12-18,S02,P057,0,0
2025-12-18,S02,P066,17,0
2025-12-18,S02,P074,71,0
2025-12-18,S02,P076,0,0
2025-12-18,S02,P082,0,0
2025-12-18,S02,P088,148,0
2025-12-18,S02,P099,32,0
2025-12-18,S02,P100,47,0
2025-12-18,S02,P112,0,0
2025-12-18,S02,P116,99,100
2025-12-18,S05,P024,76,0
2025-12-18,S05,P025,53,0
2025-12-18,S05,P037,161,0
2025-12-18,S05,P041,24,0
2025-12-18,S05,P054,43,0
2025-12-18,S05,P057,265,0
2025-12-18,S05,P066,16,0
2025-12-18,S05,P074,122,0
2025-12-18,S05,P076,0,0
2025-12-18,S05,P082,17,0
2025-12-18,S05,P088,274,0
2025-12-18,S05,P099,1,0
2025-12-18,S05,P100,91,0
2025-12-18,S05,P112,126,0
2025-12-18,S05,P116,11,0
2025-12-18,S06,P024,8,0
2025-12-18,S06,P025,107,100
2025-12-18,S06,P037,34,0
2025-12-18,S06,P041,0,0
2025-12-18,S06,P054,98,0
2025-12-18,S06,P057,0,0
2025-12-18,S06,P066,0,0
2025-12-18,S06,P074,25,0
2025-12-18,S06,P076,394,0
2025-12-18,S06,P082,2,0
2025-12-18,S06,P088,16,0
2025-12-18,S06,P099,0,0
2025-12-18,S06,P100,16,0
2025-12-18,S06,P112,54,0
2025-12-18,S06,P116,29,0
2025-12-18,S08,P024,73,82
2025-12-18,S08,P025,93,0
2025-12-18,S08,P037,47,0
2025-12-18,S08,P041,185,0
2025-12-18,S08,P054,16,0
2025-12-18,S08,P057,27,0
2025-12-18,S08,P066,23,28
2025-12-18,S08,P074,41,0
2025-12-18,S08,P076,0,0
2025-12-18,S08,P082,33,0
2025-12-18,S08,P088,283,101
2025-12-18,S08,P099,0,0
2025-12-18,S08,P100,62,0
2025-12-18,S08,P112,204,0
2025-12-18,S08,P116,332,0
2025-12-19,S01,P024,57,0
2025-12-19,S01,P025,126,0
2025-12-19,S01,P037,219,0
2025-12-19,S01,P041,46,0
2025-12-19,S01,P054,91,0
2025-12-19,S01,P057,41,0
2025-12-19,S01,P066,7,0
2025-12-19,S01,P074,47,48
2025-12-19,S01,P076,0,0
2025-12-19,S01,P082,7,0
2025-12-19,S01,P088,89,0
2025-12-19,S01,P099,24,0
2025-12-19,S01,P100,91,0
2025-12-19,S01,P112,346,0
2025-12-19,S01,P116,0,0
2025-12-19,S02,P024,27,0
2025-12-19,S02,P025,39,0
2025-12-19,S02,P037,72,0
2025-12-19,S02,P041,50,0
2025-12-19,S02,P054,20,0
2025-12-19,S02,P057,0,0
2025-12-19,S02,P066,15,0
2025-12-19,S02,P074,70,0
2025-12-19,S02,P076,0,0
2025-12-19,S02,P082,0,0
2025-12-19,S02,P088,146,0
2025-12-19,S02,P099,28,0
2025-12-19,S02,P100,46,0
2025-12-19,S02,P112,0,0
2025-12-19,S02,P116,94,0
2025-12-19,S05,P024,63,0
2025-12-19,S05,P025,52,0
2025-12-19,S05,P037,149,0
2025-12-19,S05,P041,21,0
2025-12-19,S05,P054,40,0
2025-12-19,S05,P057,258,0
2025-12-19,S05,P066,9,0
2025-12-19,S05,P074,118,0
2025-12-19,S05,P076,0,0
2025-12-19,S05,P082,15,0
2025-12-19,S05,P088,271,0
2025-12-19,S05,P099,0,0
2025-12-19,S05,P100,86,0
2025-12-19,S05,P112,257,136
2025-12-19,S05,P116,0,0
2025-12-19,S06,P024,2,0
2025-12-19,S06,P025,105,0
2025-12-19,S06,P037,33,0
2025-12-19,S06,P041,58,60
2025-12-19,S06,P054,95,0
2025-12-19,S06,P057,32,36
2025-12-19,S06,P066,17,17
2025-12-19,S06,P074,23,0
2025-12-19,S06,P076,387,0
2025-12-19,S06,P082,2,0
2025-12-19,S06,P088,13,0
2025-12-19,S06,P099,0,0
2025-12-19,S06,P100,13,0
2025-12-19,S06,P112,48,0
2025-12-19,S06,P116,25,0
2025-12-19,S08,P024,63,0
2025-12-19,S08,P025,90,0
2025-12-19,S08,P037,37,0
2025-12-19,S08,P041,181,0
2025-12-19,S08,P054,113,100
2025-12-19,S08,P057,68,41
2025-12-19,S08,P066,17,0
2025-12-19,S08,P074,39,0
2025-12-19,S08,P076,151,175
2025-12-19,S08,P082,27,0
2025-12-19,S08,P088,281,0
2025-12-19,S08,P099,0,0
2025-12-19,S08,P100,59,0
2025-12-19,S08,P112,200,0
2025-12-19,S08,P116,325,0
2025-12-20,S01,P024,43,0
2025-12-20,S01,P025,124,0
2025-12-20,S01,P037,210,0
2025-12-20,S01,P041,38,0
2025-12-20,S01,P054,84,0
2025-12-20,S01,P057,36,0
2025-12-20,S01,P066,29,25
2025-12-20,S01,P074,43,0
2025-12-20,S01,P076,0,0
2025-12-20,S01,P082,1,0
2025-12-20,S01,P088,82,0
2025-12-20,S01,P099,19,0
2025-12-20,S01,P100,88,0
2025-12-20,S01,P112,344,0
2025-12-20,S01,P116,93,100
2025-12-20,S02,P024,18,0
2025-12-20,S02,P025,37,0
2025-12-20,S02,P037,69,0
2025-12-20,S02,P041,43,0
2025-12-20,S02,P054,15,0
2025-12-20,S02,P057,0,0
2025-12-20,S02,P066,11,0
2025-12-20,S02,P074,68,0
2025-12-20,S02,P076,0,0
2025-12-20,S02,P082,0,0
2025-12-20,S02,P088,143,0
2025-12-20,S02,P099,20,0
2025-12-20,S02,P100,45,0
2025-12-20,S02,P112,0,0
2025-12-20,S02,P116,89,0
2025-12-20,S05,P024,54,0
2025-12-20,S05,P025,50,0
2025-12-20,S05,P037,285,140
2025-12-20,S05,P041,16,0
2025-12-20,S05,P054,35,0
2025-12-20,S05,P057,247,0
2025-12-20,S05,P066,6,0
2025-12-20,S05,P074,117,0
2025-12-20,S05,P076,0,0
2025-12-20,S05,P082,43,31
2025-12-20,S05,P088,264,0
2025-12-20,S05,P099,0,0
2025-12-20,S05,P100,83,0
2025-12-20,S05,P112,253,0
2025-12-20,S05,P116,0,0
2025-12-20,S06,P024,0,0
2025-12-20,S06,P025,104,0
2025-12-20,S06,P037,29,0
2025-12-20,S06,P041,57,0
2025-12-20,S06,P054,93,0
2025-12-20,S06,P057,22,0
2025-12-20,S06,P066,15,0
2025-12-20,S06,P074,21,0
2025-12-20,S06,P076,381,0
2025-12-20,S06,P082,0,0
2025-12-20,S06,P088,10,0
2025-12-20,S06,P099,0,0
2025-12-20,S06,P100,7,0
2025-12-20,S06,P112,37,0
2025-12-20,S06,P116,20,0
2025-12-20,S08,P024,51,0
2025-12-20,S08,P025,87,0
2025-12-20,S08,P037,31,0
2025-12-20,S08,P041,175,0
2025-12-20,S08,P054,107,0
2025-12-20,S08,P057,63,0
2025-12-20,S08,P066,14,0
2025-12-20,S08,P074,30,0
2025-12-20,S08,P076,118,0
2025-12-20,S08,P082,52,35
2025-12-20,S08,P088,276,0
2025-12-20,S08,P099,34,42
2025-12-20,S08,P100,57,0
2025-12-20,S08,P112,193,0
2025-12-20,S08,P116,311,0
2025-12-21,S01,P024,33,0
2025-12-21,S01,P025,123,0
2025-12-21,S01,P037,207,0
2025-12-21,S01,P041,33,0
2025-12-21,S01,P054,81,0
2025-12-21,S01,P057,29,0
2025-12-21,S01,P066,27,0
2025-12-21,S01,P074,40,0
2025-12-21,S01,P076,0,0
2025-12-21,S01,P082,0,0
2025-12-21,S01,P088,77,0
2025-12-21,S01,P099,15,0
2025-12-21,S01,P100,86,0
2025-12-21,S01,P112,339,0
2025-12-21,S01,P116,87,0
2025-12-21,S02,P024,11,0
2025-12-21,S02,P025,37,0
2025-12-21,S02,P037,66,0
2025-12-21,S02,P041,42,0
2025-12-21,S02,P054,14,0
2025-12-21,S02,P057,0,0
2025-12-21,S02,P066,9,0
2025-12-21,S02,P074,68,0
2025-12-21,S02,P076,0,0
2025-12-21,S02,P082,21,21
2025-12-21,S02,P088,142,0
2025-12-21,S02,P099,20,0
2025-12-21,S02,P100,39,0
2025-12-21,S02,P112,91,100
2025-12-21,S02,P116,80,0
2025-12-21,S05,P024,41,0
2025-12-21,S05,P025,46,0
2025-12-21,S05,P037,278,0
2025-12-21,S05,P041,12,0
2025-12-21,S05,P054,32,0
2025-12-21,S05,P057,240,0
2025-12-21,S05,P066,3,0
2025-12-21,S05,P074,110,0
2025-12-21,S05,P076,0,0
2025-12-21,S05,P082,40,0
2025-12-21,S05,P088,254,0
2025-12-21,S05,P099,0,0
2025-12-21,S05,P100,78,0
2025-12-21,S05,P112,244,0
2025-12-21,S05,P116,0,0
2025-12-21,S06,P024,0,0
2025-12-21,S06,P025,103,0
2025-12-21,S06,P037,28,0
2025-12-21,S06,P041,52,0
2025-12-21,S06,P054,88,0
2025-12-21,S06,P057,19,0
2025-12-21,S06,P066,13,0
2025-12-21,S06,P074,19,0
2025-12-21,S06,P076,372,0
2025-12-21,S06,P082,0,0
2025-12-21,S06,P088,5,0
2025-12-21,S06,P099,0,0
2025-12-21,S06,P100,7,0
2025-12-21,S06,P112,32,0
2025-12-21,S06,P116,15,0
2025-12-21,S08,P024,33,0
2025-12-21,S08,P025,83,0
2025-12-21,S08,P037,21,0
2025-12-21,S08,P041,170,0
2025-12-21,S08,P054,101,0
2025-12-21,S08,P057,61,0
2025-12-21,S08,P066,10,0
2025-12-21,S08,P074,25,0
2025-12-21,S08,P076,92,0
2025-12-21,S08,P082,49,0
2025-12-21,S08,P088,272,0
2025-12-21,S08,P099,28,0
2025-12-21,S08,P100,53,0
2025-12-21,S08,P112,175,0
2025-12-21,S08,P116,300,0
2025-12-22,S01,P024,26,0
2025-12-22,S01,P025,123,0
2025-12-22,S01,P037,200,0
2025-12-22,S01,P041,30,0
2025-12-22,S01,P054,78,0
2025-12-22,S01,P057,20,0
2025-12-22,S01,P066,23,0
2025-12-22,S01,P074,39,0
2025-12-22,S01,P076,0,0
2025-12-22,S01,P082,0,0
2025-12-22,S01,P088,75,0
2025-12-22,S01,P099,13,0
2025-12-22,S01,P100,85,0
2025-12-22,S01,P112,335,0
2025-12-22,S01,P116,77,0
2025-12-22,S02,P024,7,0
2025-12-22,S02,P025,34,0
2025-12-22,S02,P037,65,0
2025-12-22,S02,P041,40,0
2025-12-22,S02,P054,114,100
2025-12-22,S02,P057,34,36
2025-12-22,S02,P066,7,0
2025-12-22,S02,P074,65,0
2025-12-22,S02,P076,0,0
2025-12-22,S02,P082,20,0
2025-12-22,S02,P088,138,0
2025-12-22,S02,P099,17,0
2025-12-22,S02,P100,37,0
2025-12-22,S02,P112,83,0
2025-12-22,S02,P116,70,0
2025-12-22,S05,P024,34,0
2025-12-22,S05,P025,45,0
2025-12-22,S05,P037,271,0
2025-12-22,S05,P041,11,0
2025-12-22,S05,P054,27,0
2025-12-22,S05,P057,233,0
2025-12-22,S05,P066,0,0
2025-12-22,S05,P074,107,0
2025-12-22,S05,P076,0,0
2025-12-22,S05,P082,33,0
2025-12-22,S05,P088,250,0
2025-12-22,S05,P099,0,0
2025-12-22,S05,P100,76,0
2025-12-22,S05,P112,238,0
2025-12-22,S05,P116,0,0
2025-12-22,S06,P024,0,0
2025-12-22,S06,P025,103,0
2025-12-22,S06,P037,26,0
2025-12-22,S06,P041,49,0
2025-12-22,S06,P054,85,0
2025-12-22,S06,P057,17,0
2025-12-22,S06,P066,12,0
2025-12-22,S06,P074,17,0
2025-12-22,S06,P076,364,0
2025-12-22,S06,P082,0,0
2025-12-22,S06,P088,3,0
2025-12-22,S06,P099,34,36
2025-12-22,S06,P100,6,0
2025-12-22,S06,P112,30,0
2025-12-22,S06,P116,12,0
2025-12-22,S08,P024,28,0
2025-12-22,S08,P025,81,0
2025-12-22,S08,P037,14,0
2025-12-22,S08,P041,168,0
2025-12-22,S08,P054,97,0
2025-12-22,S08,P057,53,0
2025-12-22,S08,P066,7,0
2025-12-22,S08,P074,22,0
2025-12-22,S08,P076,67,0
2025-12-22,S08,P082,46,0
2025-12-22,S08,P088,268,0
2025-12-22,S08,P099,25,0
2025-12-22,S08,P100,51,0
2025-12-22,S08,P112,167,0
2025-12-22,S08,P116,292,0
2025-12-23,S01,P024,19,0
2025-12-23,S01,P025,121,0
2025-12-23,S01,P037,190,0
2025-12-23,S01,P041,28,0
2025-12-23,S01,P054,73,0
2025-12-23,S01,P057,69,55
2025-12-23,S01,P066,22,0
2025-12-23,S01,P074,37,0
2025-12-23,S01,P076,163,176
2025-12-23,S01,P082,0,0
2025-12-23,S01,P088,72,0
2025-12-23,S01,P099,10,0
2025-12-23,S01,P100,84,0
2025-12-23,S01,P112,331,0
2025-12-23,S01,P116,65,0
2025-12-23,S02,P024,2,0
2025-12-23,S02,P025,32,0
2025-12-23,S02,P037,64,0
2025-12-23,S02,P041,39,0
2025-12-23,S02,P054,111,0
2025-12-23,S02,P057,29,0
2025-12-23,S02,P066,6,0
2025-12-23,S02,P074,62,0
2025-12-23,S02,P076,0,0
2025-12-23,S02,P082,15,0
2025-12-23,S02,P088,135,0
2025-12-23,S02,P099,14,0
2025-12-23,S02,P100,35,0
2025-12-23,S02,P112,80,0
2025-12-23,S02,P116,67,0
2025-12-23,S05,P024,25,0
2025-12-23,S05,P025,44,0
2025-12-23,S05,P037,269,0
2025-12-23,S05,P041,8,0
2025-12-23,S05,P054,25,0
2025-12-23,S05,P057,229,0
2025-12-23,S05,P066,0,0
2025-12-23,S05,P074,105,0
2025-12-23,S05,P076,0,0
2025-12-23,S05,P082,30,0
2025-12-23,S05,P088,244,0
2025-12-23,S05,P099,0,0
2025-12-23,S05,P100,74,0
2025-12-23,S05,P112,237,0
2025-12-23,S05,P116,0,0
2025-12-23,S06,P024,47,50
2025-12-23,S06,P025,101,0
2025-12-23,S06,P037,22,0
2025-12-23,S06,P041,40,0
2025-12-23,S06,P054,80,0
2025-12-23,S06,P057,10,0
2025-12-23,S06,P066,9,0
2025-12-23,S06,P074,16,0
2025-12-23,S06,P076,352,0
2025-12-23,S06,P082,0,0
2025-12-23,S06,P088,3,0
2025-12-23,S06,P099,34,0
2025-12-23,S06,P100,4,0
2025-12-23,S06,P112,28,0
2025-12-23,S06,P116,10,0
2025-12-23,S08,P024,17,0
2025-12-23,S08,P025,79,0
2025-12-23,S08,P037,11,0
2025-12-23,S08,P041,166,0
2025-12-23,S08,P054,93,0
2025-12-23,S08,P057,52,0
2025-12-23,S08,P066,4,0
2025-12-23,S08,P074,17,0
2025-12-23,S08,P076,49,0
2025-12-23,S08,P082,43,0
2025-12-23,S08,P088,262,0
2025-12-23,S08,P099,18,0
2025-12-23,S08,P100,48,0
2025-12-23,S08,P112,162,0
2025-12-23,S08,P116,502,213
2025-12-24,S01,P024,12,0
2025-12-24,S01,P025,117,0
2025-12-24,S01,P037,184,0
2025-12-24,S01,P041,24,0
2025-12-24,S01,P054,69,0
2025-12-24,S01,P057,66,0
2025-12-24,S01,P066,21,0
2025-12-24,S01,P074,35,0
2025-12-24,S01,P076,145,0
2025-12-24,S01,P082,0,0
2025-12-24,S01,P088,167,98
2025-12-24,S01,P099,4,0
2025-12-24,S01,P100,82,0
2025-12-24,S01,P112,328,0
2025-12-24,S01,P116,57,0
2025-12-24,S02,P024,45,49
2025-12-24,S02,P025,32,0
2025-12-24,S02,P037,62,0
2025-12-24,S02,P041,36,0
2025-12-24,S02,P054,111,0
2025-12-24,S02,P057,24,0
2025-12-24,S02,P066,17,15
2025-12-24,S02,P074,60,0
2025-12-24,S02,P076,0,0
2025-12-24,S02,P082,35,21
2025-12-24,S02,P088,132,0
2025-12-24,S02,P099,14,0
2025-12-24,S02,P100,35,0
2025-12-24,S02,P112,75,0
2025-12-24,S02,P116,62,0
2025-12-24,S05,P024,17,0
2025-12-24,S05,P025,42,0
2025-12-24,S05,P037,265,0
2025-12-24,S05,P041,2,0
2025-12-24,S05,P054,21,0
2025-12-24,S05,P057,221,0
2025-12-24,S05,P066,0,0
2025-12-24,S05,P074,96,0
2025-12-24,S05,P076,0,0
2025-12-24,S05,P082,26,0
2025-12-24,S05,P088,243,0
2025-12-24,S05,P099,0,0
2025-12-24,S05,P100,71,0
2025-12-24,S05,P112,234,0
2025-12-24,S05,P116,92,100
2025-12-24,S06,P024,40,0
2025-12-24,S06,P025,100,0
2025-12-24,S06,P037,19,0
2025-12-24,S06,P041,37,0
2025-12-24,S06,P054,79,0
2025-12-24,S06,P057,9,0
2025-12-24,S06,P066,6,0
2025-12-24,S06,P074,12,0
2025-12-24,S06,P076,346,0
2025-12-24,S06,P082,0,0
2025-12-24,S06,P088,0,0
2025-12-24,S06,P099,30,0
2025-12-24,S06,P100,3,0
2025-12-24,S06,P112,25,0
2025-12-24,S06,P116,9,0
2025-12-24,S08,P024,13,0
2025-12-24,S08,P025,79,0
2025-12-24,S08,P037,6,0
2025-12-24,S08,P041,163,0
2025-12-24,S08,P054,92,0
2025-12-24,S08,P057,50,0
2025-12-24,S08,P066,2,0
2025-12-24,S08,P074,63,48
2025-12-24,S08,P076,33,0
2025-12-24,S08,P082,38,0
2025-12-24,S08,P088,258,0
2025-12-24,S08,P099,12,0
2025-12-24,S08,P100,48,0
2025-12-24,S08,P112,159,0
2025-12-24,S08,P116,493,0
2025-12-25,S01,P024,77,68
2025-12-25,S01,P025,112,0
2025-12-25,S01,P037,176,0
2025-12-25,S01,P041,22,0
2025-12-25,S01,P054,64,0
2025-12-25,S01,P057,63,0
2025-12-25,S01,P066,41,25
2025-12-25,S01,P074,33,0
2025-12-25,S01,P076,125,0
2025-12-25,S01,P082,0,0
2025-12-25,S01,P088,164,0
2025-12-25,S01,P099,2,0
2025-12-25,S01,P100,80,0
2025-12-25,S01,P112,316,0
2025-12-25,S01,P116,52,0
2025-12-25,S02,P024,41,0
2025-12-25,S02,P025,31,0
2025-12-25,S02,P037,60,0
2025-12-25,S02,P041,34,0
2025-12-25,S02,P054,108,0
2025-12-25,S02,P057,23,0
2025-12-25,S02,P066,16,0
2025-12-25,S02,P074,55,0
2025-12-25,S02,P076,70,79
2025-12-25,S02,P082,32,0
2025-12-25,S02,P088,130,0
2025-12-25,S02,P099,13,0
2025-12-25,S02,P100,33,0
2025-12-25,S02,P112,72,0
2025-12-25,S02,P116,61,0
2025-12-25,S05,P024,9,0
2025-12-25,S05,P025,39,0
2025-12-25,S05,P037,261,0
2025-12-25,S05,P041,0,0
2025-12-25,S05,P054,20,0
2025-12-25,S05,P057,214,0
2025-12-25,S05,P066,0,0
2025-12-25,S05,P074,183,90
2025-12-25,S05,P076,0,0
2025-12-25,S05,P082,25,0
2025-12-25,S05,P088,241,0
2025-12-25,S05,P099,35,41
2025-12-25,S05,P100,69,0
2025-12-25,S05,P112,229,0
2025-12-25,S05,P116,87,0
2025-12-25,S06,P024,35,0
2025-12-25,S06,P025,98,0
2025-12-25,S06,P037,14,0
2025-12-25,S06,P041,31,0
2025-12-25,S06,P054,78,0
2025-12-25,S06,P057,5,0
2025-12-25,S06,P066,4,0
2025-12-25,S06,P074,11,0
2025-12-25,S06,P076,339,0
2025-12-25,S06,P082,21,23
2025-12-25,S06,P088,20,24
2025-12-25,S06,P099,28,0
2025-12-25,S06,P100,1,0
2025-12-25,S06,P112,23,0
2025-12-25,S06,P116,2,0
2025-12-25,S08,P024,6,0
2025-12-25,S08,P025,78,0
2025-12-25,S08,P037,0,0
2025-12-25,S08,P041,162,0
2025-12-25,S08,P054,85,0
2025-12-25,S08,P057,45,0
2025-12-25,S08,P066,1,0
2025-12-25,S08,P074,61,0
2025-12-25,S08,P076,17,0
2025-12-25,S08,P082,34,0
2025-12-25,S08,P088,256,0
2025-12-25,S08,P099,8,0
2025-12-25,S08,P100,43,0
2025-12-25,S08,P112,154,0
2025-12-25,S08,P116,488,0
2025-12-26,S01,P024,70,0
2025-12-26,S01,P025,111,0
2025-12-26,S01,P037,170,0
2025-12-26,S01,P041,13,0
2025-12-26,S01,P054,62,0
2025-12-26,S01,P057,56,0
2025-12-26,S01,P066,35,0
2025-12-26,S01,P074,28,0
2025-12-26,S01,P076,108,0
2025-12-26,S01,P082,0,0
2025-12-26,S01,P088,163,0
2025-12-26,S01,P099,0,0
2025-12-26,S01,P100,78,0
2025-12-26,S01,P112,310,0
2025-12-26,S01,P116,49,0
2025-12-26,S02,P024,38,0
2025-12-26,S02,P025,29,0
2025-12-26,S02,P037,134,78
2025-12-26,S02,P041,29,0
2025-12-26,S02,P054,103,0
2025-12-26,S02,P057,20,0
2025-12-26,S02,P066,12,0
2025-12-26,S02,P074,52,0
2025-12-26,S02,P076,61,0
2025-12-26,S02,P082,31,0
2025-12-26,S02,P088,126,0
2025-12-26,S02,P099,45,36
2025-12-26,S02,P100,31,0
2025-12-26,S02,P112,66,0
2025-12-26,S02,P116,55,0
2025-12-26,S05,P024,78,82
2025-12-26,S05,P025,36,0
2025-12-26,S05,P037,253,0
2025-12-26,S05,P041,0,0
2025-12-26,S05,P054,19,0
2025-12-26,S05,P057,204,0
2025-12-26,S05,P066,0,0
2025-12-26,S05,P074,181,0
2025-12-26,S05,P076,0,0
2025-12-26,S05,P082,24,0
2025-12-26,S05,P088,233,0
2025-12-26,S05,P099,31,0
2025-12-26,S05,P100,68,0
2025-12-26,S05,P112,224,0
2025-12-26,S05,P116,78,0
2025-12-26,S06,P024,29,0
2025-12-26,S06,P025,98,0
2025-12-26,S06,P037,13,0
2025-12-26,S06,P041,30,0
2025-12-26,S06,P054,76,0
2025-12-26,S06,P057,3,0
2025-12-26,S06,P066,3,0
2025-12-26,S06,P074,57,48
2025-12-26,S06,P076,331,0
2025-12-26,S06,P082,18,0
2025-12-26,S06,P088,17,0
2025-12-26,S06,P099,24,0
2025-12-26,S06,P100,101,100
2025-12-26,S06,P112,21,0
2025-12-26,S06,P116,0,0
2025-12-26,S08,P024,0,0
2025-12-26,S08,P025,73,0
2025-12-26,S08,P037,53,60
2025-12-26,S08,P041,157,0
2025-12-26,S08,P054,84,0
2025-12-26,S08,P057,42,0
2025-12-26,S08,P066,0,0
2025-12-26,S08,P074,57,0
2025-12-26,S08,P076,0,0
2025-12-26,S08,P082,30,0
2025-12-26,S08,P088,248,0
2025-12-26,S08,P099,4,0
2025-12-26,S08,P100,39,0
2025-12-26,S08,P112,142,0
2025-12-26,S08,P116,478,0
2025-12-27,S01,P024,60,0
2025-12-27,S01,P025,108,0
2025-12-27,S01,P037,163,0
2025-12-27,S01,P041,9,0
2025-12-27,S01,P054,58,0
2025-12-27,S01,P057,49,0
2025-12-27,S01,P066,27,0
2025-12-27,S01,P074,23,0
2025-12-27,S01,P076,80,0
2025-12-27,S01,P082,0,0
2025-12-27,S01,P088,160,0
2025-12-27,S01,P099,0,0
2025-12-27,S01,P100,76,0
2025-12-27,S01,P112,300,0
2025-12-27,S01,P116,37,0
2025-12-27,S02,P024,29,0
2025-12-27,S02,P025,24,0
2025-12-27,S02,P037,129,0
2025-12-27,S02,P041,26,0
2025-12-27,S02,P054,101,0
2025-12-27,S02,P057,17,0
2025-12-27,S02,P066,7,0
2025-12-27,S02,P074,51,0
2025-12-27,S02,P076,46,0
2025-12-27,S02,P082,27,0
2025-12-27,S02,P088,189,67
2025-12-27,S02,P099,39,0
2025-12-27,S02,P100,24,0
2025-12-27,S02,P112,60,0
2025-12-27,S02,P116,45,0
2025-12-27,S05,P024,66,0
2025-12-27,S05,P025,31,0
2025-12-27,S05,P037,247,0
2025-12-27,S05,P041,53,60
2025-12-27,S05,P054,116,100
2025-12-27,S05,P057,198,0
2025-12-27,S05,P066,0,0
2025-12-27,S05,P074,174,0
2025-12-27,S05,P076,0,0
2025-12-27,S05,P082,24,0
2025-12-27,S05,P088,228,0
2025-12-27,S05,P099,24,0
2025-12-27,S05,P100,62,0
2025-12-27,S05,P112,216,0
2025-12-27,S05,P116,68,0
2025-12-27,S06,P024,21,0
2025-12-27,S06,P025,98,0
2025-12-27,S06,P037,68,60
2025-12-27,S06,P041,26,0
2025-12-27,S06,P054,72,0
2025-12-27,S06,P057,1,0
2025-12-27,S06,P066,0,0
2025-12-27,S06,P074,54,0
2025-12-27,S06,P076,536,220
2025-12-27,S06,P082,16,0
2025-12-27,S06,P088,12,0
2025-12-27,S06,P099,21,0
2025-12-27,S06,P100,97,0
2025-12-27,S06,P112,7,0
2025-12-27,S06,P116,96,100
2025-12-27,S08,P024,0,0
2025-12-27,S08,P025,69,0
2025-12-27,S08,P037,44,0
2025-12-27,S08,P041,151,0
2025-12-27,S08,P054,80,0
2025-12-27,S08,P057,32,0
2025-12-27,S08,P066,0,0
2025-12-27,S08,P074,51,0
2025-12-27,S08,P076,0,0
2025-12-27,S08,P082,18,0
2025-12-27,S08,P088,239,0
2025-12-27,S08,P099,3,0
2025-12-27,S08,P100,29,0
2025-12-27,S08,P112,128,0
2025-12-27,S08,P116,464,0
2025-12-28,S01,P024,47,0
2025-12-28,S01,P025,105,0
2025-12-28,S01,P037,156,0
2025-12-28,S01,P041,1,0
2025-12-28,S01,P054,52,0
2025-12-28,S01,P057,35,0
2025-12-28,S01,P066,23,0
2025-12-28,S01,P074,20,0
2025-12-28,S01,P076,56,0
2025-12-28,S01,P082,0,0
2025-12-28,S01,P088,156,0
2025-12-28,S01,P099,33,42
2025-12-28,S01,P100,72,0
2025-12-28,S01,P112,285,0
2025-12-28,S01,P116,31,0
2025-12-28,S02,P024,24,0
2025-12-28,S02,P025,23,0
2025-12-28,S02,P037,127,0
2025-12-28,S02,P041,24,0
2025-12-28,S02,P054,100,0
2025-12-28,S02,P057,13,0
2025-12-28,S02,P066,5,0
2025-12-28,S02,P074,49,0
2025-12-28,S02,P076,30,0
2025-12-28,S02,P082,24,0
2025-12-28,S02,P088,184,0
2025-12-28,S02,P099,34,0
2025-12-28,S02,P100,21,0
2025-12-28,S02,P112,58,0
2025-12-28,S02,P116,40,0
2025-12-28,S05,P024,56,0
2025-12-28,S05,P025,29,0
2025-12-28,S05,P037,245,0
2025-12-28,S05,P041,46,0
2025-12-28,S05,P054,109,0
2025-12-28,S05,P057,352,160
2025-12-28,S05,P066,0,0
2025-12-28,S05,P074,169,0
2025-12-28,S05,P076,0,0
2025-12-28,S05,P082,22,0
2025-12-28,S05,P088,221,0
2025-12-28,S05,P099,16,0
2025-12-28,S05,P100,58,0
2025-12-28,S05,P112,211,0
2025-12-28,S05,P116,59,0
2025-12-28,S06,P024,11,0
2025-12-28,S06,P025,96,0
2025-12-28,S06,P037,64,0
2025-12-28,S06,P041,25,0
2025-12-28,S06,P054,68,0
2025-12-28,S06,P057,0,0
2025-12-28,S06,P066,0,0
2025-12-28,S06,P074,47,0
2025-12-28,S06,P076,525,0
2025-12-28,S06,P082,15,0
2025-12-28,S06,P088,9,0
2025-12-28,S06,P099,17,0
2025-12-28,S06,P100,96,0
2025-12-28,S06,P112,98,100
2025-12-28,S06,P116,93,0
2025-12-28,S08,P024,72,82
2025-12-28,S08,P025,66,0
2025-12-28,S08,P037,36,0
2025-12-28,S08,P041,148,0
2025-12-28,S08,P054,73,0
2025-12-28,S08,P057,27,0
2025-12-28,S08,P066,0,0
2025-12-28,S08,P074,47,0
2025-12-28,S08,P076,0,0
2025-12-28,S08,P082,50,35
2025-12-28,S08,P088,237,0
2025-12-28,S08,P099,0,0
2025-12-28,S08,P100,25,0
2025-12-28,S08,P112,120,0
2025-12-28,S08,P116,449,0
2025-12-29,S01,P024,42,0
2025-12-29,S01,P025,99,0
2025-12-29,S01,P037,155,0
2025-12-29,S01,P041,0,0
2025-12-29,S01,P054,50,0
2025-12-29,S01,P057,31,0
2025-12-29,S01,P066,19,0
2025-12-29,S01,P074,16,0
2025-12-29,S01,P076,33,0
2025-12-29,S01,P082,0,0
2025-12-29,S01,P088,151,0
2025-12-29,S01,P099,28,0
2025-12-29,S01,P100,72,0
2025-12-29,S01,P112,278,0
2025-12-29,S01,P116,23,0
2025-12-29,S02,P024,16,0
2025-12-29,S02,P025,22,0
2025-12-29,S02,P037,124,0
2025-12-29,S02,P041,23,0
2025-12-29,S02,P054,97,0
2025-12-29,S02,P057,12,0
2025-12-29,S02,P066,5,0
2025-12-29,S02,P074,49,0
2025-12-29,S02,P076,23,0
2025-12-29,S02,P082,22,0
2025-12-29,S02,P088,180,0
2025-12-29,S02,P099,30,0
2025-12-29,S02,P100,21,0
2025-12-29,S02,P112,55,0
2025-12-29,S02,P116,33,0
2025-12-29,S05,P024,-49,0
2025-12-29,S05,P025,27,0
2025-12-29,S05,P037,241,0
2025-12-29,S05,P041,40,0
2025-12-29,S05,P054,102,0
2025-12-29,S05,P057,345,0
2025-12-29,S05,P066,21,22
2025-12-29,S05,P074,166,0
2025-12-29,S05,P076,0,0
2025-12-29,S05,P082,20,0
2025-12-29,S05,P088,341,125
2025-12-29,S05,P099,8,0
2025-12-29,S05,P100,53,0
2025-12-29,S05,P112,205,0
2025-12-29,S05,P116,55,0
2025-12-29,S06,P024,4,0
2025-12-29,S06,P025,95,0
2025-12-29,S06,P037,61,0
2025-12-29,S06,P041,24,0
2025-12-29,S06,P054,66,0
2025-12-29,S06,P057,0,0
2025-12-29,S06,P066,0,0
2025-12-29,S06,P074,44,0
2025-12-29,S06,P076,519,0
2025-12-29,S06,P082,11,0
2025-12-29,S06,P088,29,24
2025-12-29,S06,P099,16,0
2025-12-29,S06,P100,95,0
2025-12-29,S06,P112,94,0
2025-12-29,S06,P116,91,0
2025-12-29,S08,P024,63,0
2025-12-29,S08,P025,65,0
2025-12-29,S08,P037,29,0
2025-12-29,S08,P041,236,93
2025-12-29,S08,P054,66,0
2025-12-29,S08,P057,17,0
2025-12-29,S08,P066,0,0
2025-12-29,S08,P074,41,0
2025-12-29,S08,P076,0,0
2025-12-29,S08,P082,46,0
2025-12-29,S08,P088,233,0
2025-12-29,S08,P099,0,0
2025-12-29,S08,P100,22,0
2025-12-29,S08,P112,272,158
2025-12-29,S08,P116,445,0
