date,store_id,product_id,units_sold,unit_price,discount
2025-09-01,S01,P024,6,472.44,0
2025-09-01,S01,P025,4,416.56,0
2025-09-01,S01,P037,7,60.96,0
2025-09-01,S01,P041,1,177.8,0
2025-09-01,S01,P054,3,172.72,0
2025-09-01,S01,P057,3,121.92,0
2025-09-01,S01,P066,2,350.52,0
2025-09-01,S01,P074,3,167.64,0
2025-09-01,S01,P076,0,152.4,0
2025-09-01,S01,P082,0,208.28,0
2025-09-01,S01,P088,1,233.68,0
2025-09-01,S01,P099,7,35.56,0
2025-09-01,S01,P100,2,177.8,0
2025-09-01,S01,P112,11,127,0
2025-09-01,S01,P116,5,370.84,0
2025-09-01,S02,P024,4,472.44,0
2025-09-01,S02,P025,2,416.56,0
2025-09-01,S02,P037,6,60.96,0
2025-09-01,S02,P041,1,177.8,0
2025-09-01,S02,P054,0,172.72,0
2025-09-01,S02,P057,4,121.92,0
2025-09-01,S02,P066,0,350.52,0
2025-09-01,S02,P074,1,167.64,0
2025-09-01,S02,P076,6,152.4,0
2025-09-01,S02,P082,0,208.28,0
2025-09-01,S02,P088,4,233.68,0
2025-09-01,S02,P099,4,35.56,0
2025-09-01,S02,P100,1,177.8,0
2025-09-01,S02,P112,1,127,0
2025-09-01,S02,P116,5,370.84,0
2025-09-01,S05,P024,9,472.44,0
2025-09-01,S05,P025,2,416.56,0
2025-09-01,S05,P037,6,60.96,0
2025-09-01,S05,P041,1,177.8,0
2025-09-01,S05,P054,7,172.72,0
2025-09-01,S05,P057,4,121.92,0
2025-09-01,S05,P066,1,350.52,0
2025-09-01,S05,P074,4,167.64,0
2025-09-01,S05,P076,0,152.4,0
2025-09-01,S05,P082,0,208.28,0
2025-09-01,S05,P088,4,233.68,0
2025-09-01,S05,P099,0,35.56,0
2025-09-01,S05,P100,2,177.8,0
2025-09-01,S05,P112,5,127,0
2025-09-01,S05,P116,10,370.84,0
2025-09-01,S06,P024,7,472.44,0
2025-09-01,S06,P025,5,416.56,0
2025-09-01,S06,P037,2,60.96,0
2025-09-01,S06,P041,4,177.8,0
2025-09-01,S06,P054,0,172.72,0
2025-09-01,S06,P057,4,121.92,0
2025-09-01,S06,P066,0,350.52,0
2025-09-01,S06,P074,2,167.64,0
2025-09-01,S06,P076,6,152.4,0
2025-09-01,S06,P082,1,208.28,0
2025-09-01,S06,P088,2,233.68,0
2025-09-01,S06,P099,3,35.56,0
2025-09-01,S06,P100,1,177.8,0
2025-09-01,S06,P112,1,127,0
2025-09-01,S06,P116,1,370.84,0
2025-09-01,S08,P024,12,472.44,0
2025-09-01,S08,P025,1,416.56,0
2025-09-01,S08,P037,5,60.96,0
2025-09-01,S08,P041,7,177.8,0
2025-09-01,S08,P054,0,172.72,0
2025-09-01,S08,P057,6,121.92,15
2025-09-01,S08,P066,0,350.52,0
2025-09-01,S08,P074,3,167.64,0
2025-09-01,S08,P076,0,152.4,0
2025-09-01,S08,P082,4,208.28,0
2025-09-01,S08,P088,4,233.68,0
2025-09-01,S08,P099,1,35.56,0
2025-09-01,S08,P100,4,177.8,0
2025-09-01,S08,P112,5,127,0
2025-09-01,S08,P116,9,370.84,0
2025-09-02,S01,P024,2,472.44,0
2025-09-02,S01,P025,1,416.56,0
2025-09-02,S01,P037,1,60.96,10
2025-09-02,S01,P041,4,177.8,0
2025-09-02,S01,P054,3,172.72,0
2025-09-02,S01,P057,6,121.92,5
2025-09-02,S01,P066,4,350.52,0
2025-09-02,S01,P074,1,167.64,0
2025-09-02,S01,P076,19,152.4,0
2025-09-02,S01,P082,0,208.28,0
2025-09-02,S01,P088,2,233.68,0
2025-09-02,S01,P099,4,35.56,0
2025-09-02,S01,P100,3,177.8,0
2025-09-02,S01,P112,1,127,0
2025-09-02,S01,P116,7,370.84,0
2025-09-02,S02,P024,2,472.44,0
2025-09-02,S02,P025,0,416.56,0
2025-09-02,S02,P037,0,60.96,0
2025-09-02,S02,P041,0,177.8,0
2025-09-02,S02,P054,1,172.72,0
2025-09-02,S02,P057,2,121.92,0
2025-09-02,S02,P066,2,350.52,15
2025-09-02,S02,P074,3,167.64,0
2025-09-02,S02,P076,8,152.4,0
2025-09-02,S02,P082,0,208.28,0
2025-09-02,S02,P088,2,233.68,0
2025-09-02,S02,P099,2,35.56,0
2025-09-02,S02,P100,3,177.8,10
2025-09-02,S02,P112,2,127,0
2025-09-02,S02,P116,4,370.84,0
2025-09-02,S05,P024,6,472.44,0
2025-09-02,S05,P025,2,416.56,0
2025-09-02,S05,P037,5,60.96,0
2025-09-02,S05,P041,5,177.8,0
2025-09-02,S05,P054,3,172.72,0
2025-09-02,S05,P057,2,121.92,0
2025-09-02,S05,P066,0,350.52,0
2025-09-02,S05,P074,1,167.64,0
2025-09-02,S05,P076,0,152.4,0
2025-09-02,S05,P082,2,208.28,0
2025-09-02,S05,P088,5,233.68,0
2025-09-02,S05,P099,0,35.56,0
2025-09-02,S05,P100,0,177.8,0
2025-09-02,S05,P112,3,127,0
2025-09-02,S05,P116,8,370.84,0
2025-09-02,S06,P024,7,472.44,0
2025-09-02,S06,P025,1,416.56,0
2025-09-02,S06,P037,3,60.96,0
2025-09-02,S06,P041,1,177.8,0
2025-09-02,S06,P054,2,172.72,0
2025-09-02,S06,P057,1,121.92,0
2025-09-02,S06,P066,0,350.52,0
2025-09-02,S06,P074,4,167.64,0
2025-09-02,S06,P076,11,152.4,0
2025-09-02,S06,P082,2,208.28,0
2025-09-02,S06,P088,6,233.68,0
2025-09-02,S06,P099,3,35.56,0
2025-09-02,S06,P100,2,177.8,0
2025-09-02,S06,P112,2,127,0
2025-09-02,S06,P116,7,370.84,20
2025-09-02,S08,P024,11,472.44,0
2025-09-02,S08,P025,1,416.56,0
2025-09-02,S08,P037,3,60.96,0
2025-09-02,S08,P041,2,177.8,0
2025-09-02,S08,P054,5,172.72,5
2025-09-02,S08,P057,4,121.92,0
2025-09-02,S08,P066,0,350.52,25
2025-09-02,S08,P074,0,167.64,0
2025-09-02,S08,P076,0,152.4,0
2025-09-02,S08,P082,7,208.28,0
2025-09-02,S08,P088,1,233.68,0
2025-09-02,S08,P099,5,35.56,0
2025-09-02,S08,P100,4,177.8,0
2025-09-02,S08,P112,4,127,0
2025-09-02,S08,P116,11,370.84,0
2025-09-03,S01,P024,2,472.44,0
2025-09-03,S01,P025,1,416.56,0
2025-09-03,S01,P037,4,60.96,0
2025-09-03,S01,P041,2,177.8,0
2025-09-03,S01,P054,8,172.72,0
2025-09-03,S01,P057,5,121.92,0
2025-09-03,S01,P066,3,350.52,0
2025-09-03,S01,P074,1,167.64,5
2025-09-03,S01,P076,18,152.4,0
2025-09-03,S01,P082,0,208.28,0
2025-09-03,S01,P088,2,233.68,0
2025-09-03,S01,P099,4,35.56,0
2025-09-03,S01,P100,2,177.8,0
2025-09-03,S01,P112,5,127,0
2025-09-03,S01,P116,9,370.84,0
2025-09-03,S02,P024,4,472.44,0
2025-09-03,S02,P025,3,416.56,0
2025-09-03,S02,P037,2,60.96,0
2025-09-03,S02,P041,3,177.8,0
2025-09-03,S02,P054,5,172.72,0
2025-09-03,S02,P057,2,121.92,0
2025-09-03,S02,P066,1,350.52,0
2025-09-03,S02,P074,3,167.64,0
2025-09-03,S02,P076,8,152.4,0
2025-09-03,S02,P082,0,208.28,0
2025-09-03,S02,P088,1,233.68,0
2025-09-03,S02,P099,1,35.56,0
2025-09-03,S02,P100,3,177.8,0
2025-09-03,S02,P112,5,127,15
2025-09-03,S02,P116,5,370.84,0
2025-09-03,S05,P024,4,472.44,0
2025-09-03,S05,P025,2,416.56,0
2025-09-03,S05,P037,7,60.96,0
2025-09-03,S05,P041,4,177.8,0
2025-09-03,S05,P054,2,172.72,0
2025-09-03,S05,P057,10,121.92,0
2025-09-03,S05,P066,3,350.52,0
2025-09-03,S05,P074,5,167.64,0
2025-09-03,S05,P076,23,152.4,25
2025-09-03,S05,P082,2,208.28,0
2025-09-03,S05,P088,7,233.68,0
2025-09-03,S05,P099,5,35.56,0
2025-09-03,S05,P100,2,177.8,0
2025-09-03,S05,P112,1,127,0
2025-09-03,S05,P116,7,370.84,0
2025-09-03,S06,P024,1,472.44,0
2025-09-03,S06,P025,1,416.56,0
2025-09-03,S06,P037,3,60.96,0
2025-09-03,S06,P041,5,177.8,0
2025-09-03,S06,P054,1,172.72,0
2025-09-03,S06,P057,2,121.92,0
2025-09-03,S06,P066,0,350.52,0
2025-09-03,S06,P074,1,167.64,0
2025-09-03,S06,P076,10,152.4,0
2025-09-03,S06,P082,2,208.28,0
2025-09-03,S06,P088,2,233.68,0
2025-09-03,S06,P099,0,35.56,0
2025-09-03,S06,P100,1,177.8,0
2025-09-03,S06,P112,3,127,0
2025-09-03,S06,P116,6,370.84,0
2025-09-03,S08,P024,7,472.44,0
2025-09-03,S08,P025,5,416.56,0
2025-09-03,S08,P037,7,60.96,0
2025-09-03,S08,P041,6,177.8,0
2025-09-03,S08,P054,3,172.72,0
2025-09-03,S08,P057,0,121.92,0
2025-09-03,S08,P066,0,350.52,0
2025-09-03,S08,P074,3,167.64,0
2025-09-03,S08,P076,0,152.4,0
2025-09-03,S08,P082,5,208.28,0
2025-09-03,S08,P088,7,233.68,0
2025-09-03,S08,P099,2,35.56,5
2025-09-03,S08,P100,5,177.8,0
2025-09-03,S08,P112,4,127,0
2025-09-03,S08,P116,5,370.84,0
2025-09-04,S01,P024,6,472.44,0
2025-09-04,S01,P025,1,416.56,0
2025-09-04,S01,P037,7,60.96,0
2025-09-04,S01,P041,6,177.8,0
2025-09-04,S01,P054,5,172.72,0
2025-09-04,S01,P057,9,121.92,0
2025-09-04,S01,P066,2,350.52,0
2025-09-04,S01,P074,3,167.64,0
2025-09-04,S01,P076,22,152.4,0
2025-09-04,S01,P082,0,208.28,0
2025-09-04,S01,P088,7,233.68,5
2025-09-04,S01,P099,4,35.56,0
2025-09-04,S01,P100,1,177.8,0
2025-09-04,S01,P112,3,127,0
2025-09-04,S01,P116,13,370.84,0
2025-09-04,S02,P024,1,472.44,0
2025-09-04,S02,P025,0,416.56,0
2025-09-04,S02,P037,0,60.96,0
2025-09-04,S02,P041,3,177.8,0
2025-09-04,S02,P054,1,172.72,0
2025-09-04,S02,P057,0,121.92,0
2025-09-04,S02,P066,3,350.52,0
2025-09-04,S02,P074,1,167.64,0
2025-09-04,S02,P076,4,152.4,0
2025-09-04,S02,P082,0,208.28,0
2025-09-04,S02,P088,2,233.68,0
2025-09-04,S02,P099,4,35.56,0
2025-09-04,S02,P100,3,177.8,0
2025-09-04,S02,P112,2,127,0
2025-09-04,S02,P116,3,370.84,0
2025-09-04,S05,P024,15,472.44,0
2025-09-04,S05,P025,1,416.56,0
2025-09-04,S05,P037,6,60.96,0
2025-09-04,S05,P041,2,177.8,0
2025-09-04,S05,P054,2,172.72,0
2025-09-04,S05,P057,7,121.92,0
2025-09-04,S05,P066,1,350.52,0
2025-09-04,S05,P074,2,167.64,0
2025-09-04,S05,P076,13,152.4,0
2025-09-04,S05,P082,3,208.28,0
2025-09-04,S05,P088,2,233.68,0
2025-09-04,S05,P099,3,35.56,0
2025-09-04,S05,P100,1,177.8,0
2025-09-04,S05,P112,3,127,0
2025-09-04,S05,P116,5,370.84,5
2025-09-04,S06,P024,4,472.44,0
2025-09-04,S06,P025,2,416.56,0
2025-09-04,S06,P037,1,60.96,0
2025-09-04,S06,P041,0,177.8,0
2025-09-04,S06,P054,0,172.72,0
2025-09-04,S06,P057,2,121.92,0
2025-09-04,S06,P066,0,350.52,0
2025-09-04,S06,P074,1,167.64,0
2025-09-04,S06,P076,10,152.4,0
2025-09-04,S06,P082,2,208.28,0
2025-09-04,S06,P088,1,233.68,0
2025-09-04,S06,P099,0,35.56,0
2025-09-04,S06,P100,1,177.8,0
2025-09-04,S06,P112,2,127,0
2025-09-04,S06,P116,2,370.84,10
2025-09-04,S08,P024,11,472.44,0
2025-09-04,S08,P025,2,416.56,0
2025-09-04,S08,P037,6,60.96,0
2025-09-04,S08,P041,4,177.8,0
2025-09-04,S08,P054,2,172.72,0
2025-09-04,S08,P057,5,121.92,0
2025-09-04,S08,P066,8,350.52,0
2025-09-04,S08,P074,3,167.64,0
2025-09-04,S08,P076,0,152.4,0
2025-09-04,S08,P082,5,208.28,0
2025-09-04,S08,P088,4,233.68,0
2025-09-04,S08,P099,4,35.56,0
2025-09-04,S08,P100,4,177.8,0
2025-09-04,S08,P112,8,127,0
2025-09-04,S08,P116,13,370.84,0
2025-09-05,S01,P024,7,472.44,0
2025-09-05,S01,P025,1,416.56,0
2025-09-05,S01,P037,5,60.96,0
2025-09-05,S01,P041,5,177.8,0
2025-09-05,S01,P054,6,172.72,0
2025-09-05,S01,P057,6,121.92,0
2025-09-05,S01,P066,5,350.52,0
2025-09-05,S01,P074,3,167.64,0
2025-09-05,S01,P076,19,152.4,0
2025-09-05,S01,P082,0,208.28,0
2025-09-05,S01,P088,3,233.68,0
2025-09-05,S01,P099,4,35.56,0
2025-09-05,S01,P100,5,177.8,0
2025-09-05,S01,P112,6,127,0
2025-09-05,S01,P116,9,370.84,0
2025-09-05,S02,P024,8,472.44,0
2025-09-05,S02,P025,2,416.56,0
2025-09-05,S02,P037,3,60.96,0
2025-09-05,S02,P041,1,177.8,0
2025-09-05,S02,P054,1,172.72,0
2025-09-05,S02,P057,0,121.92,0
2025-09-05,S02,P066,2,350.52,0
2025-09-05,S02,P074,1,167.64,0
2025-09-05,S02,P076,8,152.4,0
2025-09-05,S02,P082,0,208.28,0
2025-09-05,S02,P088,3,233.68,0
2025-09-05,S02,P099,0,35.56,0
2025-09-05,S02,P100,0,177.8,0
2025-09-05,S02,P112,6,127,0
2025-09-05,S02,P116,4,370.84,0
2025-09-05,S05,P024,15,472.44,25
2025-09-05,S05,P025,0,416.56,0
2025-09-05,S05,P037,9,60.96,0
2025-09-05,S05,P041,7,177.8,0
2025-09-05,S05,P054,3,172.72,0
2025-09-05,S05,P057,6,121.92,0
2025-09-05,S05,P066,3,350.52,25
2025-09-05,S05,P074,3,167.64,0
2025-09-05,S05,P076,14,152.4,0
2025-09-05,S05,P082,3,208.28,0
2025-09-05,S05,P088,5,233.68,0
2025-09-05,S05,P099,3,35.56,0
2025-09-05,S05,P100,1,177.8,0
2025-09-05,S05,P112,6,127,0
2025-09-05,S05,P116,4,370.84,0
2025-09-05,S06,P024,8,472.44,0
2025-09-05,S06,P025,3,416.56,15
2025-09-05,S06,P037,6,60.96,0
2025-09-05,S06,P041,4,177.8,0
2025-09-05,S06,P054,1,172.72,0
2025-09-05,S06,P057,2,121.92,0
2025-09-05,S06,P066,6,350.52,0
2025-09-05,S06,P074,2,167.64,0
2025-09-05,S06,P076,11,152.4,0
2025-09-05,S06,P082,5,208.28,0
2025-09-05,S06,P088,5,233.68,0
2025-09-05,S06,P099,0,35.56,15
2025-09-05,S06,P100,0,177.8,0
2025-09-05,S06,P112,2,127,0
2025-09-05,S06,P116,8,370.84,0
2025-09-05,S08,P024,5,472.44,0
2025-09-05,S08,P025,0,416.56,0
2025-09-05,S08,P037,3,60.96,0
2025-09-05,S08,P041,4,177.8,0
2025-09-05,S08,P054,13,172.72,20
2025-09-05,S08,P057,1,121.92,0
2025-09-05,S08,P066,5,350.52,25
2025-09-05,S08,P074,8,167.64,0
2025-09-05,S08,P076,19,152.4,0
2025-09-05,S08,P082,4,208.28,0
2025-09-05,S08,P088,7,233.68,25
2025-09-05,S08,P099,5,35.56,0
2025-09-05,S08,P100,4,177.8,0
2025-09-05,S08,P112,6,127,0
2025-09-05,S08,P116,11,370.84,0
2025-09-06,S01,P024,11,472.44,5
2025-09-06,S01,P025,5,416.56,0
2025-09-06,S01,P037,5,60.96,0
2025-09-06,S01,P041,7,177.8,0
2025-09-06,S01,P054,4,172.72,0
2025-09-06,S01,P057,14,121.92,10
2025-09-06,S01,P066,1,350.52,0
2025-09-06,S01,P074,2,167.64,0
2025-09-06,S01,P076,20,152.4,0
2025-09-06,S01,P082,0,208.28,0
2025-09-06,S01,P088,5,233.68,0
2025-09-06,S01,P099,5,35.56,0
2025-09-06,S01,P100,3,177.8,0
2025-09-06,S01,P112,9,127,0
2025-09-06,S01,P116,11,370.84,0
2025-09-06,S02,P024,6,472.44,0
2025-09-06,S02,P025,3,416.56,0
2025-09-06,S02,P037,3,60.96,0
2025-09-06,S02,P041,1,177.8,0
2025-09-06,S02,P054,4,172.72,0
2025-09-06,S02,P057,0,121.92,5
2025-09-06,S02,P066,0,350.52,0
2025-09-06,S02,P074,1,167.64,0
2025-09-06,S02,P076,16,152.4,0
2025-09-06,S02,P082,0,208.28,0
2025-09-06,S02,P088,4,233.68,5
2025-09-06,S02,P099,4,35.56,0
2025-09-06,S02,P100,2,177.8,0
2025-09-06,S02,P112,2,127,0
2025-09-06,S02,P116,4,370.84,0
2025-09-06,S05,P024,9,472.44,0
2025-09-06,S05,P025,2,416.56,0
2025-09-06,S05,P037,8,60.96,0
2025-09-06,S05,P041,9,177.8,0
2025-09-06,S05,P054,7,172.72,0
2025-09-06,S05,P057,13,121.92,0
2025-09-06,S05,P066,5,350.52,0
2025-09-06,S05,P074,3,167.64,0
2025-09-06,S05,P076,11,152.4,0
2025-09-06,S05,P082,6,208.28,0
2025-09-06,S05,P088,14,233.68,0
2025-09-06,S05,P099,4,35.56,0
2025-09-06,S05,P100,3,177.8,0
2025-09-06,S05,P112,8,127,0
2025-09-06,S05,P116,0,370.84,15
2025-09-06,S06,P024,3,472.44,0
2025-09-06,S06,P025,1,416.56,0
2025-09-06,S06,P037,3,60.96,0
2025-09-06,S06,P041,4,177.8,0
2025-09-06,S06,P054,0,172.72,0
2025-09-06,S06,P057,3,121.92,0
2025-09-06,S06,P066,1,350.52,0
2025-09-06,S06,P074,4,167.64,0
2025-09-06,S06,P076,12,152.4,0
2025-09-06,S06,P082,0,208.28,0
2025-09-06,S06,P088,8,233.68,0
2025-09-06,S06,P099,0,35.56,0
2025-09-06,S06,P100,0,177.8,0
2025-09-06,S06,P112,4,127,0
2025-09-06,S06,P116,8,370.84,0
2025-09-06,S08,P024,0,472.44,0
2025-09-06,S08,P025,2,416.56,0
2025-09-06,S08,P037,4,60.96,0
2025-09-06,S08,P041,2,177.8,0
2025-09-06,S08,P054,10,172.72,5
2025-09-06,S08,P057,2,121.92,0
2025-09-06,S08,P066,6,350.52,0
2025-09-06,S08,P074,6,167.64,0
2025-09-06,S08,P076,25,152.4,0
2025-09-06,S08,P082,7,208.28,20
2025-09-06,S08,P088,4,233.68,0
2025-09-06,S08,P099,7,35.56,0
2025-09-06,S08,P100,2,177.8,0
2025-09-06,S08,P112,17,127,0
2025-09-06,S08,P116,15,370.84,0
2025-09-07,S01,P024,7,472.44,0
2025-09-07,S01,P025,4,416.56,0
2025-09-07,S01,P037,11,60.96,0
2025-09-07,S01,P041,4,177.8,0
2025-09-07,S01,P054,3,172.72,0
2025-09-07,S01,P057,8,121.92,0
2025-09-07,S01,P066,2,350.52,0
2025-09-07,S01,P074,2,167.64,0
2025-09-07,S01,P076,20,152.4,0
2025-09-07,S01,P082,0,208.28,0
2025-09-07,S01,P088,4,233.68,0
2025-09-07,S01,P099,9,35.56,0
2025-09-07,S01,P100,4,177.8,0
2025-09-07,S01,P112,6,127,0
2025-09-07,S01,P116,0,370.84,0
2025-09-07,S02,P024,15,472.44,0
2025-09-07,S02,P025,1,416.56,5
2025-09-07,S02,P037,6,60.96,0
2025-09-07,S02,P041,6,177.8,0
2025-09-07,S02,P054,3,172.72,0
2025-09-07,S02,P057,3,121.92,0
2025-09-07,S02,P066,1,350.52,0
2025-09-07,S02,P074,3,167.64,0
2025-09-07,S02,P076,9,152.4,0
2025-09-07,S02,P082,0,208.28,20
2025-09-07,S02,P088,2,233.68,0
2025-09-07,S02,P099,4,35.56,0
2025-09-07,S02,P100,5,177.8,0
2025-09-07,S02,P112,7,127,20
2025-09-07,S02,P116,4,370.84,0
2025-09-07,S05,P024,10,472.44,0
2025-09-07,S05,P025,3,416.56,10
2025-09-07,S05,P037,10,60.96,0
2025-09-07,S05,P041,3,177.8,0
2025-09-07,S05,P054,4,172.72,0
2025-09-07,S05,P057,6,121.92,0
2025-09-07,S05,P066,2,350.52,0
2025-09-07,S05,P074,6,167.64,0
2025-09-07,S05,P076,17,152.4,0
2025-09-07,S05,P082,5,208.28,0
2025-09-07,S05,P088,7,233.68,0
2025-09-07,S05,P099,7,35.56,0
2025-09-07,S05,P100,4,177.8,0
2025-09-07,S05,P112,12,127,0
2025-09-07,S05,P116,0,370.84,0
2025-09-07,S06,P024,5,472.44,0
2025-09-07,S06,P025,0,416.56,0
2025-09-07,S06,P037,3,60.96,0
2025-09-07,S06,P041,4,177.8,0
2025-09-07,S06,P054,0,172.72,
2025-09-07,S06,P057,2,121.92,0
2025-09-07,S06,P066,3,350.52,0
2025-09-07,S06,P074,4,167.64,0
2025-09-07,S06,P076,11,152.4,0
2025-09-07,S06,P082,0,208.28,0
2025-09-07,S06,P088,3,233.68,0
2025-09-07,S06,P099,0,35.56,0
2025-09-07,S06,P100,1,177.8,0
2025-09-07,S06,P112,5,127,0
2025-09-07,S06,P116,4,370.84,0
2025-09-07,S08,P024,12,472.44,0
2025-09-07,S08,P025,4,416.56,0
2025-09-07,S08,P037,1,60.96,0
2025-09-07,S08,P041,7,177.8,0
2025-09-07,S08,P054,2,172.72,0
2025-09-07,S08,P057,5,121.92,0
2025-09-07,S08,P066,3,350.52,0
2025-09-07,S08,P074,2,167.64,0
2025-09-07,S08,P076,31,152.4,0
2025-09-07,S08,P082,5,208.28,0
2025-09-07,S08,P088,8,233.68,0
2025-09-07,S08,P099,2,35.56,0
2025-09-07,S08,P100,2,177.8,0
2025-09-07,S08,P112,10,127,0
2025-09-07,S08,P116,6,370.84,0
2025-09-08,S01,P024,6,472.44,0
2025-09-08,S01,P025,1,416.56,0
2025-09-08,S01,P037,2,60.96,0
2025-09-08,S01,P041,1,177.8,0
2025-09-08,S01,P054,5,172.72,0
2025-09-08,S01,P057,6,121.92,0
2025-09-08,S01,P066,0,350.52,0
2025-09-08,S01,P074,1,167.64,0
2025-09-08,S01,P076,19,152.4,0
2025-09-08,S01,P082,0,208.28,0
2025-09-08,S01,P088,2,233.68,0
2025-09-08,S01,P099,2,35.56,0
2025-09-08,S01,P100,3,177.8,0
2025-09-08,S01,P112,6,127,0
2025-09-08,S01,P116,0,370.84,0
2025-09-08,S02,P024,2,472.44,0
2025-09-08,S02,P025,1,416.56,0
2025-09-08,S02,P037,5,60.96,0
2025-09-08,S02,P041,2,177.8,0
2025-09-08,S02,P054,1,172.72,0
2025-09-08,S02,P057,1,121.92,0
2025-09-08,S02,P066,0,350.52,0
2025-09-08,S02,P074,1,167.64,0
2025-09-08,S02,P076,0,152.4,0
2025-09-08,S02,P082,0,208.28,0
2025-09-08,S02,P088,0,233.68,0
2025-09-08,S02,P099,1,35.56,0
2025-09-08,S02,P100,3,177.8,0
2025-09-08,S02,P112,3,127,0
2025-09-08,S02,P116,2,370.84,0
2025-09-08,S05,P024,11,472.44,0
2025-09-08,S05,P025,0,416.56,0
2025-09-08,S05,P037,8,60.96,0
2025-09-08,S05,P041,8,177.8,25
2025-09-08,S05,P054,3,172.72,0
2025-09-08,S05,P057,2,121.92,0
2025-09-08,S05,P066,4,350.52,10
2025-09-08,S05,P074,2,167.64,0
2025-09-08,S05,P076,16,152.4,0
2025-09-08,S05,P082,1,208.28,0
2025-09-08,S05,P088,3,233.68,0
2025-09-08,S05,P099,1,35.56,0
2025-09-08,S05,P100,0,177.8,0
2025-09-08,S05,P112,5,127,0
2025-09-08,S05,P116,0,370.84,0
2025-09-08,S06,P024,0,472.44,0
2025-09-08,S06,P025,2,416.56,0
2025-09-08,S06,P037,1,60.96,0
2025-09-08,S06,P041,2,177.8,15
2025-09-08,S06,P054,0,172.72,0
2025-09-08,S06,P057,1,121.92,0
2025-09-08,S06,P066,2,350.52,0
2025-09-08,S06,P074,3,167.64,0
2025-09-08,S06,P076,7,152.4,0
2025-09-08,S06,P082,0,208.28,0
2025-09-08,S06,P088,0,233.68,0
2025-09-08,S06,P099,0,35.56,0
2025-09-08,S06,P100,0,177.8,0
2025-09-08,S06,P112,3,127,0
2025-09-08,S06,P116,4,370.84,0
2025-09-08,S08,P024,5,472.44,0
2025-09-08,S08,P025,3,416.56,0
2025-09-08,S08,P037,8,60.96,0
2025-09-08,S08,P041,1,177.8,0
2025-09-08,S08,P054,5,172.72,0
2025-09-08,S08,P057,3,121.92,0
2025-09-08,S08,P066,1,350.52,0
2025-09-08,S08,P074,1,167.64,0
2025-09-08,S08,P076,14,152.4,0
2025-09-08,S08,P082,4,208.28,5
2025-09-08,S08,P088,2,233.68,0
2025-09-08,S08,P099,0,35.56,0
2025-09-08,S08,P100,2,177.8,0
2025-09-08,S08,P112,5,127,0
2025-09-08,S08,P116,12,370.84,0
2025-09-09,S01,P024,4,472.44,0
2025-09-09,S01,P025,4,416.56,0
2025-09-09,S01,P037,11,60.96,0
2025-09-09,S01,P041,3,177.8,0
2025-09-09,S01,P054,4,172.72,0
2025-09-09,S01,P057,5,121.92,0
2025-09-09,S01,P066,2,350.52,0
2025-09-09,S01,P074,4,167.64,0
2025-09-09,S01,P076,25,152.4,0
2025-09-09,S01,P082,0,208.28,0
2025-09-09,S01,P088,6,233.68,0
2025-09-09,S01,P099,3,35.56,0
2025-09-09,S01,P100,2,177.8,0
2025-09-09,S01,P112,3,127,0
2025-09-09,S01,P116,0,370.84,0
2025-09-09,S02,P024,5,472.44,0
2025-09-09,S02,P025,2,416.56,0
2025-09-09,S02,P037,4,60.96,0
2025-09-09,S02,P041,1,177.8,0
2025-09-09,S02,P054,4,172.72,0
2025-09-09,S02,P057,4,121.92,0
2025-09-09,S02,P066,2,350.52,0
2025-09-09,S02,P074,2,167.64,5
2025-09-09,S02,P076,6,152.4,0
2025-09-09,S02,P082,5,208.28,0
2025-09-09,S02,P088,2,233.68,0
2025-09-09,S02,P099,1,35.56,0
2025-09-09,S02,P100,0,177.8,0
2025-09-09,S02,P112,8,127,0
2025-09-09,S02,P116,6,370.84,0
2025-09-09,S05,P024,11,472.44,0
2025-09-09,S05,P025,0,416.56,0
2025-09-09,S05,P037,5,60.96,0
2025-09-09,S05,P041,7,177.8,0
2025-09-09,S05,P054,1,172.72,0
2025-09-09,S05,P057,4,121.92,0
2025-09-09,S05,P066,4,350.52,0
2025-09-09,S05,P074,3,167.64,0
2025-09-09,S05,P076,6,152.4,0
2025-09-09,S05,P082,6,208.28,0
2025-09-09,S05,P088,4,233.68,0
2025-09-09,S05,P099,0,35.56,0
2025-09-09,S05,P100,3,177.8,0
2025-09-09,S05,P112,11,127,20
2025-09-09,S05,P116,0,370.84,25
2025-09-09,S06,P024,0,472.44,0
2025-09-09,S06,P025,2,416.56,0
2025-09-09,S06,P037,2,60.96,0
2025-09-09,S06,P041,4,177.8,0
2025-09-09,S06,P054,0,172.72,0
2025-09-09,S06,P057,3,121.92,0
2025-09-09,S06,P066,1,350.52,0
2025-09-09,S06,P074,3,167.64,0
2025-09-09,S06,P076,4,152.4,0
2025-09-09,S06,P082,0,208.28,0
2025-09-09,S06,P088,3,233.68,0
2025-09-09,S06,P099,0,35.56,0
2025-09-09,S06,P100,2,177.8,20
2025-09-09,S06,P112,4,127,0
2025-09-09,S06,P116,4,370.84,0
2025-09-09,S08,P024,8,472.44,0
2025-09-09,S08,P025,1,416.56,0
2025-09-09,S08,P037,3,60.96,0
2025-09-09,S08,P041,0,177.8,0
2025-09-09,S08,P054,3,172.72,0
2025-09-09,S08,P057,5,121.92,0
2025-09-09,S08,P066,2,350.52,0
2025-09-09,S08,P074,6,167.64,0
2025-09-09,S08,P076,16,152.4,0
2025-09-09,S08,P082,6,208.28,0
2025-09-09,S08,P088,2,233.68,0
2025-09-09,S08,P099,0,35.56,0
2025-09-09,S08,P100,6,177.8,0
2025-09-09,S08,P112,3,127,0
2025-09-09,S08,P116,5,370.84,0
2025-09-10,S01,P024,4,472.44,0
2025-09-10,S01,P025,1,416.56,0
2025-09-10,S01,P037,6,60.96,0
2025-09-10,S01,P041,3,177.8,0
2025-09-10,S01,P054,5,172.72,0
2025-09-10,S01,P057,6,121.92,0
2025-09-10,S01,P066,1,350.52,0
2025-09-10,S01,P074,5,167.64,25
2025-09-10,S01,P076,13,152.4,0
2025-09-10,S01,P082,0,208.28,0
2025-09-10,S01,P088,3,233.68,0
2025-09-10,S01,P099,0,35.56,0
2025-09-10,S01,P100,5,177.8,0
2025-09-10,S01,P112,11,127,0
2025-09-10,S01,P116,7,370.84,0
2025-09-10,S02,P024,5,472.44,0
2025-09-10,S02,P025,0,416.56,0
2025-09-10,S02,P037,3,60.96,0
2025-09-10,S02,P041,1,177.8,0
2025-09-10,S02,P054,1,172.72,0
2025-09-10,S02,P057,4,121.92,0
2025-09-10,S02,P066,2,350.52,0
2025-09-10,S02,P074,3,167.64,15
2025-09-10,S02,P076,9,152.4,0
2025-09-10,S02,P082,4,208.28,0
2025-09-10,S02,P088,2,233.68,0
2025-09-10,S02,P099,1,35.56,0
2025-09-10,S02,P100,1,177.8,0
2025-09-10,S02,P112,4,127,10
2025-09-10,S02,P116,3,370.84,0
2025-09-10,S05,P024,8,472.44,0
2025-09-10,S05,P025,1,416.56,0
2025-09-10,S05,P037,6,60.96,0
2025-09-10,S05,P041,4,177.8,0
2025-09-10,S05,P054,0,172.72,0
2025-09-10,S05,P057,3,121.92,0
2025-09-10,S05,P066,0,350.52,0
2025-09-10,S05,P074,4,167.64,0
2025-09-10,S05,P076,13,152.4,0
2025-09-10,S05,P082,3,208.28,0
2025-09-10,S05,P088,9,233.68,0
2025-09-10,S05,P099,6,35.56,0
2025-09-10,S05,P100,2,177.8,0
2025-09-10,S05,P112,8,127,0
2025-09-10,S05,P116,0,370.84,0
2025-09-10,S06,P024,6,472.44,0
2025-09-10,S06,P025,0,416.56,0
2025-09-10,S06,P037,1,60.96,0
2025-09-10,S06,P041,1,177.8,0
2025-09-10,S06,P054,2,172.72,0
2025-09-10,S06,P057,1,121.92,0
2025-09-10,S06,P066,0,350.52,0
2025-09-10,S06,P074,0,167.64,0
2025-09-10,S06,P076,2,152.4,0
2025-09-10,S06,P082,0,208.28,20
2025-09-10,S06,P088,4,233.68,0
2025-09-10,S06,P099,0,35.56,0
2025-09-10,S06,P100,2,177.8,0
2025-09-10,S06,P112,8,127,0
2025-09-10,S06,P116,3,370.84,0
2025-09-10,S08,P024,10,472.44,0
2025-09-10,S08,P025,1,416.56,0
2025-09-10,S08,P037,8,60.96,0
2025-09-10,S08,P041,4,177.8,0
2025-09-10,S08,P054,2,172.72,0
2025-09-10,S08,P057,5,121.92,0
2025-09-10,S08,P066,1,350.52,0
2025-09-10,S08,P074,0,167.64,0
2025-09-10,S08,P076,27,152.4,0
2025-09-10,S08,P082,6,208.28,0
2025-09-10,S08,P088,3,233.68,0
2025-09-10,S08,P099,0,35.56,0
2025-09-10,S08,P100,3,177.8,0
2025-09-10,S08,P112,6,127,0
2025-09-10,S08,P116,2,370.84,0
2025-09-11,S01,P024,5,472.44,0
2025-09-11,S01,P025,3,416.56,0
2025-09-11,S01,P037,13,60.96,0
2025-09-11,S01,P041,0,177.8,0
2025-09-11,S01,P054,1,172.72,0
2025-09-11,S01,P057,5,121.92,0
2025-09-11,S01,P066,3,350.52,0
2025-09-11,S01,P074,3,167.64,0
2025-09-11,S01,P076,1,152.4,25
2025-09-11,S01,P082,0,208.28,0
2025-09-11,S01,P088,3,233.68,0
2025-09-11,S01,P099,0,35.56,0
2025-09-11,S01,P100,4,177.8,0
2025-09-11,S01,P112,2,127,0
2025-09-11,S01,P116,14,370.84,0
2025-09-11,S02,P024,10,472.44,0
2025-09-11,S02,P025,1,416.56,0
2025-09-11,S02,P037,1,60.96,0
2025-09-11,S02,P041,2,177.8,0
2025-09-11,S02,P054,1,172.72,0
2025-09-11,S02,P057,4,121.92,0
2025-09-11,S02,P066,1,350.52,0
2025-09-11,S02,P074,1,167.64,0
2025-09-11,S02,P076,8,152.4,0
2025-09-11,S02,P082,1,208.28,0
2025-09-11,S02,P088,0,233.68,0
2025-09-11,S02,P099,2,35.56,0
2025-09-11,S02,P100,1,177.8,0
2025-09-11,S02,P112,3,127,0
2025-09-11,S02,P116,3,370.84,0
2025-09-11,S05,P024,13,472.44,0
2025-09-11,S05,P025,2,416.56,0
2025-09-11,S05,P037,9,60.96,0
2025-09-11,S05,P041,3,177.8,0
2025-09-11,S05,P054,2,172.72,5
2025-09-11,S05,P057,7,121.92,0
2025-09-11,S05,P066,0,350.52,0
2025-09-11,S05,P074,6,167.64,0
2025-09-11,S05,P076,14,152.4,0
2025-09-11,S05,P082,5,208.28,0
2025-09-11,S05,P088,4,233.68,0
2025-09-11,S05,P099,5,35.56,20
2025-09-11,S05,P100,0,177.8,0
2025-09-11,S05,P112,6,127,0
2025-09-11,S05,P116,0,370.84,0
2025-09-11,S06,P024,4,472.44,0
2025-09-11,S06,P025,3,416.56,15
2025-09-11,S06,P037,5,60.96,0
2025-09-11,S06,P041,0,177.8,15
2025-09-11,S06,P054,2,172.72,0
2025-09-11,S06,P057,5,121.92,0
2025-09-11,S06,P066,3,350.52,25
2025-09-11,S06,P074,3,167.64,0
2025-09-11,S06,P076,9,152.4,0
2025-09-11,S06,P082,0,208.28,0
2025-09-11,S06,P088,2,233.68,0
2025-09-11,S06,P099,0,35.56,0
2025-09-11,S06,P100,1,177.8,0
2025-09-11,S06,P112,7,127,0
2025-09-11,S06,P116,5,370.84,0
2025-09-11,S08,P024,8,472.44,0
2025-09-11,S08,P025,0,416.56,0
2025-09-11,S08,P037,4,60.96,0
2025-09-11,S08,P041,4,177.8,0
2025-09-11,S08,P054,4,172.72,0
2025-09-11,S08,P057,8,121.92,0
2025-09-11,S08,P066,2,350.52,0
2025-09-11,S08,P074,0,167.64,0
2025-09-11,S08,P076,17,152.4,0
2025-09-11,S08,P082,4,208.28,0
2025-09-11,S08,P088,1,233.68,0
2025-09-11,S08,P099,0,35.56,0
2025-09-11,S08,P100,4,177.8,0
2025-09-11,S08,P112,6,127,0
2025-09-11,S08,P116,7,370.84,0
2025-09-12,S01,P024,10,472.44,0
2025-09-12,S01,P025,0,416.56,0
2025-09-12,S01,P037,6,60.96,0
2025-09-12,S01,P041,0,177.8,0
2025-09-12,S01,P054,4,172.72,0
2025-09-12,S01,P057,7,121.92,0
2025-09-12,S01,P066,7,350.52,0
2025-09-12,S01,P074,3,167.64,0
2025-09-12,S01,P076,0,152.4,0
2025-09-12,S01,P082,0,208.28,0
2025-09-12,S01,P088,8,233.68,0
2025-09-12,S01,P099,3,35.56,0
2025-09-12,S01,P100,8,177.8,0
2025-09-12,S01,P112,7,127,0
2025-09-12,S01,P116,7,370.84,0
2025-09-12,S02,P024,7,472.44,0
2025-09-12,S02,P025,2,416.56,0
2025-09-12,S02,P037,2,60.96,0
2025-09-12,S02,P041,2,177.8,0
2025-09-12,S02,P054,6,172.72,0
2025-09-12,S02,P057,5,121.92,25
2025-09-12,S02,P066,4,350.52,0
2025-09-12,S02,P074,0,167.64,0
2025-09-12,S02,P076,7,152.4,0
2025-09-12,S02,P082,2,208.28,0
2025-09-12,S02,P088,3,233.68,0
2025-09-12,S02,P099,6,35.56,0
2025-09-12,S02,P100,4,177.8,0
2025-09-12,S02,P112,4,127,0
2025-09-12,S02,P116,0,370.84,0
2025-09-12,S05,P024,10,472.44,0
2025-09-12,S05,P025,2,416.56,0
2025-09-12,S05,P037,11,60.96,0
2025-09-12,S05,P041,0,177.8,0
2025-09-12,S05,P054,0,172.72,0
2025-09-12,S05,P057,5,121.92,0
2025-09-12,S05,P066,0,350.52,0
2025-09-12,S05,P074,5,167.64,0
2025-09-12,S05,P076,0,152.4,0
2025-09-12,S05,P082,4,208.28,0
2025-09-12,S05,P088,4,233.68,0
2025-09-12,S05,P099,5,35.56,0
2025-09-12,S05,P100,5,177.8,0
2025-09-12,S05,P112,7,127,0
2025-09-12,S05,P116,7,370.84,0
2025-09-12,S06,P024,7,472.44,0
2025-09-12,S06,P025,1,416.56,0
2025-09-12,S06,P037,2,60.96,0
2025-09-12,S06,P041,0,177.8,0
2025-09-12,S06,P054,1,172.72,0
2025-09-12,S06,P057,1,121.92,0
2025-09-12,S06,P066,1,350.52,0
2025-09-12,S06,P074,4,167.64,0
2025-09-12,S06,P076,8,152.4,0
2025-09-12,S06,P082,4,208.28,15
2025-09-12,S06,P088,5,233.68,0
2025-09-12,S06,P099,0,35.56,0
2025-09-12,S06,P100,1,177.8,0
2025-09-12,S06,P112,5,127,0
2025-09-12,S06,P116,3,370.84,0
2025-09-12,S08,P024,12,472.44,0
2025-09-12,S08,P025,2,416.56,0
2025-09-12,S08,P037,8,60.96,0
2025-09-12,S08,P041,0,177.8,0
2025-09-12,S08,P054,8,172.72,0
2025-09-12,S08,P057,4,121.92,0
2025-09-12,S08,P066,0,350.52,0
2025-09-12,S08,P074,0,167.64,0
2025-09-12,S08,P076,26,152.4,0
2025-09-12,S08,P082,3,208.28,0
2025-09-12,S08,P088,1,233.68,0
2025-09-12,S08,P099,0,35.56,0
2025-09-12,S08,P100,1,177.8,0
2025-09-12,S08,P112,3,127,0
2025-09-12,S08,P116,9,370.84,0
2025-09-13,S01,P024,13,472.44,0
2025-09-13,S01,P025,3,416.56,0
2025-09-13,S01,P037,5,60.96,0
2025-09-13,S01,P041,0,177.8,0
2025-09-13,S01,P054,10,172.72,0
2025-09-13,S01,P057,10,121.92,0
2025-09-13,S01,P066,4,350.52,0
2025-09-13,S01,P074,3,167.64,0
2025-09-13,S01,P076,0,152.4,0
2025-09-13,S01,P082,0,208.28,0
2025-09-13,S01,P088,5,233.68,0
2025-09-13,S01,P099,8,35.56,0
2025-09-13,S01,P100,3,177.8,0
2025-09-13,S01,P112,8,127,0
2025-09-13,S01,P116,9,370.84,0
2025-09-13,S02,P024,8,472.44,0
2025-09-13,S02,P025,4,416.56,0
2025-09-13,S02,P037,4,60.96,0
2025-09-13,S02,P041,4,177.8,0
2025-09-13,S02,P054,4,172.72,0
2025-09-13,S02,P057,5,121.92,15
2025-09-13,S02,P066,2,350.52,0
2025-09-13,S02,P074,4,167.64,0
2025-09-13,S02,P076,11,152.4,0
2025-09-13,S02,P082,4,208.28,0
2025-09-13,S02,P088,2,233.68,0
2025-09-13,S02,P099,1,35.56,0
2025-09-13,S02,P100,1,177.8,0
2025-09-13,S02,P112,4,127,0
2025-09-13,S02,P116,7,370.84,0
2025-09-13,S05,P024,14,472.44,0
2025-09-13,S05,P025,2,416.56,0
2025-09-13,S05,P037,7,60.96,0
2025-09-13,S05,P041,0,177.8,0
2025-09-13,S05,P054,4,172.72,0
2025-09-13,S05,P057,13,121.92,0
2025-09-13,S05,P066,0,350.52,0
2025-09-13,S05,P074,6,167.64,0
2025-09-13,S05,P076,0,152.4,0
2025-09-13,S05,P082,6,208.28,25
2025-09-13,S05,P088,1,233.68,0
2025-09-13,S05,P099,2,35.56,0
2025-09-13,S05,P100,2,177.8,0
2025-09-13,S05,P112,7,127,0
2025-09-13,S05,P116,8,370.84,0
2025-09-13,S06,P024,6,472.44,0
2025-09-13,S06,P025,0,416.56,0
2025-09-13,S06,P037,5,60.96,0
2025-09-13,S06,P041,0,177.8,0
2025-09-13,S06,P054,3,172.72,0
2025-09-13,S06,P057,3,121.92,0
2025-09-13,S06,P066,0,350.52,15
2025-09-13,S06,P074,2,167.64,0
2025-09-13,S06,P076,19,152.4,0
2025-09-13,S06,P082,4,208.28,0
2025-09-13,S06,P088,3,233.68,0
2025-09-13,S06,P099,0,35.56,0
2025-09-13,S06,P100,4,177.8,0
2025-09-13,S06,P112,11,127,15
2025-09-13,S06,P116,5,370.84,0
2025-09-13,S08,P024,12,472.44,0
2025-09-13,S08,P025,1,416.56,5
2025-09-13,S08,P037,9,60.96,0
2025-09-13,S08,P041,2,177.8,0
2025-09-13,S08,P054,9,172.72,0
2025-09-13,S08,P057,5,121.92,0
2025-09-13,S08,P066,0,350.52,0
2025-09-13,S08,P074,6,167.64,15
2025-09-13,S08,P076,0,152.4,0
2025-09-13,S08,P082,5,208.28,0
2025-09-13,S08,P088,5,233.68,0
2025-09-13,S08,P099,0,35.56,0
2025-09-13,S08,P100,5,177.8,0
2025-09-13,S08,P112,11,127,0
2025-09-13,S08,P116,9,370.84,0
2025-09-14,S01,P024,14,472.44,0
2025-09-14,S01,P025,3,416.56,0
2025-09-14,S01,P037,10,60.96,0
2025-09-14,S01,P041,2,177.8,0
2025-09-14,S01,P054,7,172.72,0
2025-09-14,S01,P057,9,121.92,0
2025-09-14,S01,P066,2,350.52,0
2025-09-14,S01,P074,2,167.64,0
2025-09-14,S01,P076,27,152.4,0
2025-09-14,S01,P082,0,208.28,0
2025-09-14,S01,P088,8,233.68,20
2025-09-14,S01,P099,9,35.56,0
2025-09-14,S01,P100,3,177.8,0
2025-09-14,S01,P112,3,127,5
2025-09-14,S01,P116,9,370.84,0
2025-09-14,S02,P024,8,472.44,0
2025-09-14,S02,P025,3,416.56,0
2025-09-14,S02,P037,3,60.96,0
2025-09-14,S02,P041,5,177.8,0
2025-09-14,S02,P054,1,172.72,0
2025-09-14,S02,P057,4,121.92,0
2025-09-14,S02,P066,1,350.52,0
2025-09-14,S02,P074,3,167.64,0
2025-09-14,S02,P076,16,152.4,5
2025-09-14,S02,P082,3,208.28,0
2025-09-14,S02,P088,4,233.68,0
2025-09-14,S02,P099,4,35.56,0
2025-09-14,S02,P100,1,177.8,0
2025-09-14,S02,P112,4,127,0
2025-09-14,S02,P116,10,370.84,0
2025-09-14,S05,P024,14,472.44,0
2025-09-14,S05,P025,4,416.56,0
2025-09-14,S05,P037,6,60.96,0
2025-09-14,S05,P041,0,177.8,0
2025-09-14,S05,P054,4,172.72,0
2025-09-14,S05,P057,14,121.92,0
2025-09-14,S05,P066,0,350.52,0
2025-09-14,S05,P074,6,167.64,0
2025-09-14,S05,P076,0,152.4,0
2025-09-14,S05,P082,5,208.28,0
2025-09-14,S05,P088,4,233.68,0
2025-09-14,S05,P099,7,35.56,0
2025-09-14,S05,P100,3,177.8,0
2025-09-14,S05,P112,9,127,0
2025-09-14,S05,P116,15,370.84,0
2025-09-14,S06,P024,7,472.44,0
2025-09-14,S06,P025,0,416.56,0
2025-09-14,S06,P037,3,60.96,0
2025-09-14,S06,P041,0,177.8,0
2025-09-14,S06,P054,4,172.72,0
2025-09-14,S06,P057,0,121.92,0
2025-09-14,S06,P066,0,350.52,0
2025-09-14,S06,P074,1,167.64,0
2025-09-14,S06,P076,13,152.4,0
2025-09-14,S06,P082,4,208.28,0
2025-09-14,S06,P088,4,233.68,0
2025-09-14,S06,P099,0,35.56,0
2025-09-14,S06,P100,1,177.8,0
2025-09-14,S06,P112,6,127,0
2025-09-14,S06,P116,5,370.84,0
2025-09-14,S08,P024,12,472.44,0
2025-09-14,S08,P025,4,416.56,0
2025-09-14,S08,P037,6,60.96,0
2025-09-14,S08,P041,6,177.8,0
2025-09-14,S08,P054,3,172.72,0
2025-09-14,S08,P057,10,121.92,0
2025-09-14,S08,P066,0,350.52,0
2025-09-14,S08,P074,3,167.64,0
2025-09-14,S08,P076,0,152.4,25
2025-09-14,S08,P082,5,208.28,0
2025-09-14,S08,P088,7,233.68,0
2025-09-14,S08,P099,0,35.56,0
2025-09-14,S08,P100,3,177.8,0
2025-09-14,S08,P112,10,127,0
2025-09-14,S08,P116,18,370.84,0
2025-09-15,S01,P024,10,472.44,0
2025-09-15,S01,P025,3,416.56,0
2025-09-15,S01,P037,4,60.96,0
2025-09-15,S01,P041,4,177.8,0
2025-09-15,S01,P054,5,172.72,0
2025-09-15,S01,P057,4,121.92,0
2025-09-15,S01,P066,3,350.52,0
2025-09-15,S01,P074,1,167.64,0
2025-09-15,S01,P076,20,152.4,0
2025-09-15,S01,P082,5,208.28,0
2025-09-15,S01,P088,1,233.68,0
2025-09-15,S01,P099,2,35.56,0
2025-09-15,S01,P100,0,177.8,0
2025-09-15,S01,P112,10,127,20
2025-09-15,S01,P116,6,370.84,0
2025-09-15,S02,P024,8,472.44,0
2025-09-15,S02,P025,4,416.56,0
2025-09-15,S02,P037,3,60.96,0
2025-09-15,S02,P041,4,177.8,0
2025-09-15,S02,P054,3,172.72,0
2025-09-15,S02,P057,0,121.92,0
2025-09-15,S02,P066,0,350.52,0
2025-09-15,S02,P074,4,167.64,0
2025-09-15,S02,P076,5,152.4,0
2025-09-15,S02,P082,3,208.28,0
2025-09-15,S02,P088,3,233.68,0
2025-09-15,S02,P099,4,35.56,0
2025-09-15,S02,P100,1,177.8,0
2025-09-15,S02,P112,4,127,0
2025-09-15,S02,P116,3,370.84,0
2025-09-15,S05,P024,6,472.44,0
2025-09-15,S05,P025,2,416.56,0
2025-09-15,S05,P037,10,60.96,0
2025-09-15,S05,P041,0,177.8,0
2025-09-15,S05,P054,2,172.72,0
2025-09-15,S05,P057,5,121.92,0
2025-09-15,S05,P066,1,350.52,0
2025-09-15,S05,P074,3,167.64,0
2025-09-15,S05,P076,9,152.4,0
2025-09-15,S05,P082,4,208.28,0
2025-09-15,S05,P088,3,233.68,0
2025-09-15,S05,P099,2,35.56,0
2025-09-15,S05,P100,4,177.8,0
2025-09-15,S05,P112,9,127,0
2025-09-15,S05,P116,11,370.84,0
2025-09-15,S06,P024,10,472.44,0
2025-09-15,S06,P025,0,416.56,0
2025-09-15,S06,P037,2,60.96,0
2025-09-15,S06,P041,1,177.8,0
2025-09-15,S06,P054,1,172.72,0
2025-09-15,S06,P057,0,121.92,0
2025-09-15,S06,P066,0,350.52,0
2025-09-15,S06,P074,2,167.64,0
2025-09-15,S06,P076,6,152.4,0
2025-09-15,S06,P082,3,208.28,0
2025-09-15,S06,P088,1,233.68,0
2025-09-15,S06,P099,0,35.56,0
2025-09-15,S06,P100,0,177.8,5
2025-09-15,S06,P112,7,127,5
2025-09-15,S06,P116,5,370.84,0
2025-09-15,S08,P024,3,472.44,0
2025-09-15,S08,P025,3,416.56,0
2025-09-15,S08,P037,0,60.96,0
2025-09-15,S08,P041,7,177.8,0
2025-09-15,S08,P054,3,172.72,0
2025-09-15,S08,P057,3,121.92,0
2025-09-15,S08,P066,0,350.52,0
2025-09-15,S08,P074,2,167.64,0
2025-09-15,S08,P076,0,152.4,0
2025-09-15,S08,P082,3,208.28,0
2025-09-15,S08,P088,2,233.68,0
2025-09-15,S08,P099,0,35.56,0
2025-09-15,S08,P100,4,177.8,0
2025-09-15,S08,P112,6,127,0
2025-09-15,S08,P116,3,370.84,0
2025-09-16,S01,P024,3,472.44,0
2025-09-16,S01,P025,2,416.56,0
2025-09-16,S01,P037,3,60.96,0
2025-09-16,S01,P041,6,177.8,0
2025-09-16,S01,P054,7,172.72,0
2025-09-16,S01,P057,6,121.92,0
2025-09-16,S01,P066,0,350.52,5
2025-09-16,S01,P074,2,167.64,0
2025-09-16,S01,P076,16,152.4,0
2025-09-16,S01,P082,4,208.28,0
2025-09-16,S01,P088,7,233.68,0
2025-09-16,S01,P099,7,35.56,25
2025-09-16,S01,P100,0,177.8,0
2025-09-16,S01,P112,5,127,5
2025-09-16,S01,P116,4,370.84,0
2025-09-16,S02,P024,2,472.44,0
2025-09-16,S02,P025,0,416.56,0
2025-09-16,S02,P037,2,60.96,0
2025-09-16,S02,P041,2,177.8,0
2025-09-16,S02,P054,4,172.72,0
2025-09-16,S02,P057,2,121.92,0
2025-09-16,S02,P066,2,350.52,0
2025-09-16,S02,P074,1,167.64,0
2025-09-16,S02,P076,9,152.4,0
2025-09-16,S02,P082,4,208.28,0
2025-09-16,S02,P088,2,233.68,0
2025-09-16,S02,P099,1,35.56,5
2025-09-16,S02,P100,4,177.8,0
2025-09-16,S02,P112,5,127,10
2025-09-16,S02,P116,4,370.84,0
2025-09-16,S05,P024,5,472.44,0
2025-09-16,S05,P025,3,416.56,0
2025-09-16,S05,P037,3,60.96,0
2025-09-16,S05,P041,3,177.8,0
2025-09-16,S05,P054,4,172.72,0
2025-09-16,S05,P057,9,121.92,0
2025-09-16,S05,P066,0,350.52,0
2025-09-16,S05,P074,0,167.64,0
2025-09-16,S05,P076,11,152.4,0
2025-09-16,S05,P082,3,208.28,0
2025-09-16,S05,P088,7,233.68,0
2025-09-16,S05,P099,5,35.56,0
2025-09-16,S05,P100,1,177.8,0
2025-09-16,S05,P112,4,127,0
2025-09-16,S05,P116,6,370.84,0
2025-09-16,S06,P024,10,472.44,0
2025-09-16,S06,P025,2,416.56,0
2025-09-16,S06,P037,0,60.96,0
2025-09-16,S06,P041,2,177.8,0
2025-09-16,S06,P054,2,172.72,0
2025-09-16,S06,P057,2,121.92,0
2025-09-16,S06,P066,0,350.52,5
2025-09-16,S06,P074,0,167.64,0
2025-09-16,S06,P076,10,152.4,20
2025-09-16,S06,P082,5,208.28,0
2025-09-16,S06,P088,1,233.68,0
2025-09-16,S06,P099,0,35.56,5
2025-09-16,S06,P100,1,177.8,0
2025-09-16,S06,P112,3,127,0
2025-09-16,S06,P116,2,370.84,0
2025-09-16,S08,P024,0,472.44,0
2025-09-16,S08,P025,2,416.56,0
2025-09-16,S08,P037,8,60.96,0
2025-09-16,S08,P041,3,177.8,0
2025-09-16,S08,P054,3,172.72,0
2025-09-16,S08,P057,0,121.92,0
2025-09-16,S08,P066,3,350.52,0
2025-09-16,S08,P074,7,167.64,0
2025-09-16,S08,P076,0,152.4,0
2025-09-16,S08,P082,4,208.28,0
2025-09-16,S08,P088,1,233.68,0
2025-09-16,S08,P099,0,35.56,0
2025-09-16,S08,P100,2,177.8,0
2025-09-16,S08,P112,3,127,0
2025-09-16,S08,P116,6,370.84,0
2025-09-17,S01,P024,10,472.44,0
2025-09-17,S01,P025,3,416.56,0
2025-09-17,S01,P037,2,60.96,0
2025-09-17,S01,P041,4,177.8,0
2025-09-17,S01,P054,3,172.72,0
2025-09-17,S01,P057,4,121.92,0
2025-09-17,S01,P066,3,350.52,0
2025-09-17,S01,P074,3,167.64,0
2025-09-17,S01,P076,13,152.4,0
2025-09-17,S01,P082,4,208.28,0
2025-09-17,S01,P088,3,233.68,0
2025-09-17,S01,P099,5,35.56,0
2025-09-17,S01,P100,4,177.8,0
2025-09-17,S01,P112,5,127,0
2025-09-17,S01,P116,8,370.84,0
2025-09-17,S02,P024,1,472.44,0
2025-09-17,S02,P025,0,416.56,0
2025-09-17,S02,P037,2,60.96,0
2025-09-17,S02,P041,0,177.8,0
2025-09-17,S02,P054,2,172.72,0
2025-09-17,S02,P057,2,121.92,0
2025-09-17,S02,P066,0,350.52,0
2025-09-17,S02,P074,0,167.64,0
2025-09-17,S02,P076,5,152.4,0
2025-09-17,S02,P082,2,208.28,0
2025-09-17,S02,P088,3,233.68,0
2025-09-17,S02,P099,1,35.56,0
2025-09-17,S02,P100,2,177.8,0
2025-09-17,S02,P112,3,127,0
2025-09-17,S02,P116,5,370.84,0
2025-09-17,S05,P024,9,472.44,0
2025-09-17,S05,P025,0,416.56,0
2025-09-17,S05,P037,5,60.96,0
2025-09-17,S05,P041,4,177.8,0
2025-09-17,S05,P054,1,172.72,0
2025-09-17,S05,P057,8,121.92,0
2025-09-17,S05,P066,1,350.52,0
2025-09-17,S05,P074,5,167.64,0
2025-09-17,S05,P076,11,152.4,0
2025-09-17,S05,P082,4,208.28,0
2025-09-17,S05,P088,8,233.68,0
2025-09-17,S05,P099,8,35.56,25
2025-09-17,S05,P100,4,177.8,0
2025-09-17,S05,P112,4,127,0
2025-09-17,S05,P116,8,370.84,0
2025-09-17,S06,P024,0,472.44,0
2025-09-17,S06,P025,0,416.56,0
2025-09-17,S06,P037,1,60.96,0
2025-09-17,S06,P041,3,177.8,0
2025-09-17,S06,P054,5,172.72,0
2025-09-17,S06,P057,4,121.92,0
2025-09-17,S06,P066,0,350.52,0
2025-09-17,S06,P074,0,167.64,0
2025-09-17,S06,P076,8,152.4,0
2025-09-17,S06,P082,0,208.28,0
2025-09-17,S06,P088,2,233.68,0
2025-09-17,S06,P099,2,35.56,0
2025-09-17,S06,P100,2,177.8,0
2025-09-17,S06,P112,2,127,0
2025-09-17,S06,P116,5,370.84,0
2025-09-17,S08,P024,0,472.44,0
2025-09-17,S08,P025,3,416.56,0
2025-09-17,S08,P037,7,60.96,0
2025-09-17,S08,P041,2,177.8,0
2025-09-17,S08,P054,3,172.72,0
2025-09-17,S08,P057,2,121.92,0
2025-09-17,S08,P066,4,350.52,0
2025-09-17,S08,P074,4,167.64,0
2025-09-17,S08,P076,13,152.4,0
2025-09-17,S08,P082,2,208.28,0
2025-09-17,S08,P088,4,233.68,0
2025-09-17,S08,P099,0,35.56,0
2025-09-17,S08,P100,1,177.8,0
2025-09-17,S08,P112,6,127,0
2025-09-17,S08,P116,8,370.84,0
2025-09-18,S01,P024,7,472.44,10
2025-09-18,S01,P025,3,416.56,0
2025-09-18,S01,P037,5,60.96,0
2025-09-18,S01,P041,6,177.8,0
2025-09-18,S01,P054,1,172.72,0
2025-09-18,S01,P057,5,121.92,0
2025-09-18,S01,P066,2,350.52,0
2025-09-18,S01,P074,2,167.64,0
2025-09-18,S01,P076,19,152.4,0
2025-09-18,S01,P082,4,208.28,0
2025-09-18,S01,P088,5,233.68,0
2025-09-18,S01,P099,4,35.56,15
2025-09-18,S01,P100,4,177.8,0
2025-09-18,S01,P112,5,127,0
2025-09-18,S01,P116,5,370.84,0
2025-09-18,S02,P024,4,472.44,0
2025-09-18,S02,P025,0,416.56,0
2025-09-18,S02,P037,6,60.96,0
2025-09-18,S02,P041,2,177.8,0
2025-09-18,S02,P054,0,172.72,0
2025-09-18,S02,P057,2,121.92,0
2025-09-18,S02,P066,4,350.52,0
2025-09-18,S02,P074,2,167.64,0
2025-09-18,S02,P076,3,152.4,0
2025-09-18,S02,P082,2,208.28,0
2025-09-18,S02,P088,3,233.68,0
2025-09-18,S02,P099,4,35.56,0
2025-09-18,S02,P100,0,177.8,0
2025-09-18,S02,P112,1,127,0
2025-09-18,S02,P116,4,370.84,0
2025-09-18,S05,P024,10,472.44,0
2025-09-18,S05,P025,1,416.56,0
2025-09-18,S05,P037,2,60.96,0
2025-09-18,S05,P041,1,177.8,0
2025-09-18,S05,P054,6,172.72,0
2025-09-18,S05,P057,9,121.92,0
2025-09-18,S05,P066,0,350.52,0
2025-09-18,S05,P074,1,167.64,0
2025-09-18,S05,P076,12,152.4,0
2025-09-18,S05,P082,1,208.28,0
2025-09-18,S05,P088,6,233.68,0
2025-09-18,S05,P099,7,35.56,0
2025-09-18,S05,P100,3,177.8,0
2025-09-18,S05,P112,8,127,0
2025-09-18,S05,P116,6,370.84,0
2025-09-18,S06,P024,0,472.44,0
2025-09-18,S06,P025,1,416.56,0
2025-09-18,S06,P037,0,60.96,5
2025-09-18,S06,P041,3,177.8,0
2025-09-18,S06,P054,2,172.72,0
2025-09-18,S06,P057,4,121.92,0
2025-09-18,S06,P066,0,350.52,0
2025-09-18,S06,P074,5,167.64,0
2025-09-18,S06,P076,10,152.4,0
2025-09-18,S06,P082,3,208.28,0
2025-09-18,S06,P088,3,233.68,0
2025-09-18,S06,P099,5,35.56,25
2025-09-18,S06,P100,2,177.8,0
2025-09-18,S06,P112,3,127,0
2025-09-18,S06,P116,3,370.84,0
2025-09-18,S08,P024,10,472.44,0
2025-09-18,S08,P025,0,416.56,0
2025-09-18,S08,P037,5,60.96,0
2025-09-18,S08,P041,3,177.8,0
2025-09-18,S08,P054,7,172.72,0
2025-09-18,S08,P057,3,121.92,0
2025-09-18,S08,P066,1,350.52,0
2025-09-18,S08,P074,4,167.64,0
2025-09-18,S08,P076,22,152.4,0
2025-09-18,S08,P082,5,208.28,0
2025-09-18,S08,P088,4,233.68,0
2025-09-18,S08,P099,0,35.56,0
2025-09-18,S08,P100,0,177.8,0
2025-09-18,S08,P112,6,127,0
2025-09-18,S08,P116,9,370.84,0
2025-09-19,S01,P024,9,472.44,0
2025-09-19,S01,P025,6,416.56,0
2025-09-19,S01,P037,8,60.96,0
2025-09-19,S01,P041,1,177.8,0
2025-09-19,S01,P054,6,172.72,0
2025-09-19,S01,P057,4,121.92,5
2025-09-19,S01,P066,3,350.52,0
2025-09-19,S01,P074,3,167.64,0
2025-09-19,S01,P076,14,152.4,0
2025-09-19,S01,P082,5,208.28,0
2025-09-19,S01,P088,4,233.68,0
2025-09-19,S01,P099,4,35.56,15
2025-09-19,S01,P100,3,177.8,0
2025-09-19,S01,P112,7,127,0
2025-09-19,S01,P116,10,370.84,0
2025-09-19,S02,P024,2,472.44,0
2025-09-19,S02,P025,2,416.56,0
2025-09-19,S02,P037,2,60.96,0
2025-09-19,S02,P041,2,177.8,0
2025-09-19,S02,P054,2,172.72,0
2025-09-19,S02,P057,0,121.92,0
2025-09-19,S02,P066,1,350.52,0
2025-09-19,S02,P074,5,167.64,0
2025-09-19,S02,P076,5,152.4,0
2025-09-19,S02,P082,2,208.28,0
2025-09-19,S02,P088,3,233.68,0
2025-09-19,S02,P099,0,35.56,0
2025-09-19,S02,P100,4,177.8,0
2025-09-19,S02,P112,1,127,0
2025-09-19,S02,P116,2,370.84,0
2025-09-19,S05,P024,14,472.44,0
2025-09-19,S05,P025,4,416.56,0
2025-09-19,S05,P037,6,60.96,0
2025-09-19,S05,P041,4,177.8,0
2025-09-19,S05,P054,5,172.72,0
2025-09-19,S05,P057,6,121.92,0
2025-09-19,S05,P066,4,350.52,0
2025-09-19,S05,P074,4,167.64,0
2025-09-19,S05,P076,18,152.4,0
2025-09-19,S05,P082,5,208.28,0
2025-09-19,S05,P088,13,233.68,0
2025-09-19,S05,P099,5,35.56,5
2025-09-19,S05,P100,1,177.8,0
2025-09-19,S05,P112,6,127,0
2025-09-19,S05,P116,2,370.84,0
2025-09-19,S06,P024,0,472.44,0
2025-09-19,S06,P025,0,416.56,0
2025-09-19,S06,P037,6,60.96,0
2025-09-19,S06,P041,2,177.8,0
2025-09-19,S06,P054,2,172.72,0
2025-09-19,S06,P057,7,121.92,20
2025-09-19,S06,P066,0,350.52,0
2025-09-19,S06,P074,1,167.64,0
2025-09-19,S06,P076,8,152.4,0
2025-09-19,S06,P082,1,208.28,0
2025-09-19,S06,P088,4,233.68,0
2025-09-19,S06,P099,2,35.56,0
2025-09-19,S06,P100,3,177.8,0
2025-09-19,S06,P112,5,127,0
2025-09-19,S06,P116,0,370.84,0
2025-09-19,S08,P024,11,472.44,0
2025-09-19,S08,P025,3,416.56,0
2025-09-19,S08,P037,6,60.96,0
2025-09-19,S08,P041,4,177.8,0
2025-09-19,S08,P054,5,172.72,0
2025-09-19,S08,P057,6,121.92,0
2025-09-19,S08,P066,5,350.52,0
2025-09-19,S08,P074,9,167.64,0
2025-09-19,S08,P076,14,152.4,0
2025-09-19,S08,P082,2,208.28,0
2025-09-19,S08,P088,5,233.68,0
2025-09-19,S08,P099,5,35.56,0
2025-09-19,S08,P100,4,177.8,0
2025-09-19,S08,P112,6,127,0
2025-09-19,S08,P116,8,370.84,10
2025-09-20,S01,P024,13,472.44,0
2025-09-20,S01,P025,4,416.56,0
2025-09-20,S01,P037,5,60.96,0
2025-09-20,S01,P041,6,177.8,0
2025-09-20,S01,P054,7,172.72,0
2025-09-20,S01,P057,8,121.92,0
2025-09-20,S01,P066,4,350.52,0
2025-09-20,S01,P074,4,167.64,0
2025-09-20,S01,P076,29,152.4,0
2025-09-20,S01,P082,7,208.28,0
2025-09-20,S01,P088,6,233.68,0
2025-09-20,S01,P099,0,35.56,25
2025-09-20,S01,P100,4,177.8,0
2025-09-20,S01,P112,9,127,0
2025-09-20,S01,P116,8,370.84,0
2025-09-20,S02,P024,3,472.44,0
2025-09-20,S02,P025,5,416.56,0
2025-09-20,S02,P037,1,60.96,0
2025-09-20,S02,P041,4,177.8,0
2025-09-20,S02,P054,2,172.72,0
2025-09-20,S02,P057,0,121.92,0
2025-09-20,S02,P066,5,350.52,0
2025-09-20,S02,P074,2,167.64,0
2025-09-20,S02,P076,11,152.4,0
2025-09-20,S02,P082,6,208.28,0
2025-09-20,S02,P088,0,233.68,0
2025-09-20,S02,P099,4,35.56,25
2025-09-20,S02,P100,2,177.8,0
2025-09-20,S02,P112,3,127,0
2025-09-20,S02,P116,9,370.84,0
2025-09-20,S05,P024,20,472.44,20
2025-09-20,S05,P025,1,416.56,0
2025-09-20,S05,P037,13,60.96,0
2025-09-20,S05,P041,7,177.8,0
2025-09-20,S05,P054,1,172.72,0
2025-09-20,S05,P057,12,121.92,0
2025-09-20,S05,P066,5,350.52,0
2025-09-20,S05,P074,2,167.64,0
2025-09-20,S05,P076,19,152.4,0
2025-09-20,S05,P082,4,208.28,0
2025-09-20,S05,P088,8,233.68,0
2025-09-20,S05,P099,7,35.56,0
2025-09-20,S05,P100,3,177.8,0
2025-09-20,S05,P112,0,127,0
2025-09-20,S05,P116,19,370.84,0
2025-09-20,S06,P024,5,472.44,0
2025-09-20,S06,P025,0,416.56,0
2025-09-20,S06,P037,5,60.96,0
2025-09-20,S06,P041,2,177.8,0
2025-09-20,S06,P054,3,172.72,0
2025-09-20,S06,P057,5,121.92,0
2025-09-20,S06,P066,2,350.52,0
2025-09-20,S06,P074,1,167.64,0
2025-09-20,S06,P076,9,152.4,0
2025-09-20,S06,P082,2,208.28,0
2025-09-20,S06,P088,2,233.68,0
2025-09-20,S06,P099,3,35.56,0
2025-09-20,S06,P100,2,177.8,0
2025-09-20,S06,P112,5,127,0
2025-09-20,S06,P116,4,370.84,0
2025-09-20,S08,P024,5,472.44,0
2025-09-20,S08,P025,3,416.56,0
2025-09-20,S08,P037,5,60.96,0
2025-09-20,S08,P041,4,177.8,0
2025-09-20,S08,P054,8,172.72,0
2025-09-20,S08,P057,8,121.92,0
2025-09-20,S08,P066,4,350.52,0
2025-09-20,S08,P074,3,167.64,0
2025-09-20,S08,P076,31,152.4,0
2025-09-20,S08,P082,6,208.28,0
2025-09-20,S08,P088,3,233.68,0
2025-09-20,S08,P099,4,35.56,0
2025-09-20,S08,P100,5,177.8,0
2025-09-20,S08,P112,13,127,0
2025-09-20,S08,P116,12,370.84,0
2025-09-21,S01,P024,8,472.44,0
2025-09-21,S01,P025,3,416.56,0
2025-09-21,S01,P037,5,60.96,0
2025-09-21,S01,P041,3,177.8,0
2025-09-21,S01,P054,7,172.72,0
2025-09-21,S01,P057,8,121.92,0
2025-09-21,S01,P066,3,350.52,0
2025-09-21,S01,P074,1,167.64,0
2025-09-21,S01,P076,30,152.4,0
2025-09-21,S01,P082,5,208.28,0
2025-09-21,S01,P088,6,233.68,0
2025-09-21,S01,P099,0,35.56,0
2025-09-21,S01,P100,3,177.8,0
2025-09-21,S01,P112,12,127,0
2025-09-21,S01,P116,10,370.84,0
2025-09-21,S02,P024,4,472.44,0
2025-09-21,S02,P025,2,416.56,0
2025-09-21,S02,P037,2,60.96,0
2025-09-21,S02,P041,0,177.8,0
2025-09-21,S02,P054,3,172.72,5
2025-09-21,S02,P057,0,121.92,0
2025-09-21,S02,P066,0,350.52,0
2025-09-21,S02,P074,3,167.64,0
2025-09-21,S02,P076,8,152.4,0
2025-09-21,S02,P082,2,208.28,0
2025-09-21,S02,P088,5,233.68,0
2025-09-21,S02,P099,4,35.56,0
2025-09-21,S02,P100,2,177.8,0
2025-09-21,S02,P112,6,127,0
2025-09-21,S02,P116,5,370.84,0
2025-09-21,S05,P024,13,472.44,0
2025-09-21,S05,P025,2,416.56,0
2025-09-21,S05,P037,5,60.96,0
2025-09-21,S05,P041,6,177.8,0
2025-09-21,S05,P054,6,172.72,10
2025-09-21,S05,P057,5,121.92,0
2025-09-21,S05,P066,2,350.52,0
2025-09-21,S05,P074,7,167.64,0
2025-09-21,S05,P076,22,152.4,0
2025-09-21,S05,P082,6,208.28,0
2025-09-21,S05,P088,1,233.68,0
2025-09-21,S05,P099,0,35.56,0
2025-09-21,S05,P100,3,177.8,0
2025-09-21,S05,P112,6,127,0
2025-09-21,S05,P116,7,370.84,0
2025-09-21,S06,P024,10,472.44,0
2025-09-21,S06,P025,3,416.56,0
2025-09-21,S06,P037,1,60.96,0
2025-09-21,S06,P041,3,177.8,0
2025-09-21,S06,P054,2,172.72,0
2025-09-21,S06,P057,6,121.92,0
2025-09-21,S06,P066,3,350.52,25
2025-09-21,S06,P074,3,167.64,0
2025-09-21,S06,P076,11,152.4,0
2025-09-21,S06,P082,3,208.28,0
2025-09-21,S06,P088,5,233.68,0
2025-09-21,S06,P099,4,35.56,0
2025-09-21,S06,P100,3,177.8,20
2025-09-21,S06,P112,1,127,0
2025-09-21,S06,P116,4,370.84,0
2025-09-21,S08,P024,12,472.44,0
2025-09-21,S08,P025,1,416.56,0
2025-09-21,S08,P037,8,60.96,0
2025-09-21,S08,P041,2,177.8,0
2025-09-21,S08,P054,10,172.72,15
2025-09-21,S08,P057,4,121.92,0
2025-09-21,S08,P066,3,350.52,0
2025-09-21,S08,P074,9,167.64,0
2025-09-21,S08,P076,26,152.4,0
2025-09-21,S08,P082,6,208.28,0
2025-09-21,S08,P088,4,233.68,0
2025-09-21,S08,P099,2,35.56,0
2025-09-21,S08,P100,4,177.8,0
2025-09-21,S08,P112,10,127,0
2025-09-21,S08,P116,8,370.84,0
2025-09-22,S01,P024,7,472.44,0
2025-09-22,S01,P025,4,416.56,0
2025-09-22,S01,P037,5,60.96,0
2025-09-22,S01,P041,7,177.8,0
2025-09-22,S01,P054,2,172.72,0
2025-09-22,S01,P057,6,121.92,0
2025-09-22,S01,P066,1,350.52,0
2025-09-22,S01,P074,1,167.64,0
2025-09-22,S01,P076,8,152.4,0
2025-09-22,S01,P082,3,208.28,0
2025-09-22,S01,P088,7,233.68,0
2025-09-22,S01,P099,0,35.56,0
2025-09-22,S01,P100,3,177.8,0
2025-09-22,S01,P112,7,127,0
2025-09-22,S01,P116,3,370.84,0
2025-09-22,S02,P024,10,472.44,20
2025-09-22,S02,P025,1,416.56,0
2025-09-22,S02,P037,3,60.96,0
2025-09-22,S02,P041,4,177.8,20
2025-09-22,S02,P054,0,172.72,0
2025-09-22,S02,P057,0,121.92,0
2025-09-22,S02,P066,2,350.52,0
2025-09-22,S02,P074,1,167.64,0
2025-09-22,S02,P076,9,152.4,0
2025-09-22,S02,P082,2,208.28,0
2025-09-22,S02,P088,4,233.68,0
2025-09-22,S02,P099,1,35.56,0
2025-09-22,S02,P100,2,177.8,20
2025-09-22,S02,P112,0,127,0
2025-09-22,S02,P116,6,370.84,0
2025-09-22,S05,P024,6,472.44,0
2025-09-22,S05,P025,0,416.56,0
2025-09-22,S05,P037,10,60.96,0
2025-09-22,S05,P041,9,177.8,15
2025-09-22,S05,P054,2,172.72,0
2025-09-22,S05,P057,3,121.92,0
2025-09-22,S05,P066,3,350.52,0
2025-09-22,S05,P074,4,167.64,0
2025-09-22,S05,P076,15,152.4,0
2025-09-22,S05,P082,2,208.28,0
2025-09-22,S05,P088,2,233.68,0
2025-09-22,S05,P099,0,35.56,0
2025-09-22,S05,P100,4,177.8,0
2025-09-22,S05,P112,6,127,0
2025-09-22,S05,P116,7,370.84,0
2025-09-22,S06,P024,3,472.44,0
2025-09-22,S06,P025,1,416.56,0
2025-09-22,S06,P037,2,60.96,0
2025-09-22,S06,P041,1,177.8,0
2025-09-22,S06,P054,1,172.72,0
2025-09-22,S06,P057,0,121.92,0
2025-09-22,S06,P066,2,350.52,0
2025-09-22,S06,P074,1,167.64,0
2025-09-22,S06,P076,8,152.4,0
2025-09-22,S06,P082,2,208.28,0
2025-09-22,S06,P088,2,233.68,0
2025-09-22,S06,P099,2,35.56,0
2025-09-22,S06,P100,1,177.8,0
2025-09-22,S06,P112,2,127,0
2025-09-22,S06,P116,4,370.84,0
2025-09-22,S08,P024,8,472.44,0
2025-09-22,S08,P025,2,416.56,0
2025-09-22,S08,P037,1,60.96,0
2025-09-22,S08,P041,0,177.8,0
2025-09-22,S08,P054,4,172.72,0
2025-09-22,S08,P057,6,121.92,0
2025-09-22,S08,P066,2,350.52,0
2025-09-22,S08,P074,3,167.64,0
2025-09-22,S08,P076,18,152.4,0
2025-09-22,S08,P082,1,208.28,0
2025-09-22,S08,P088,7,233.68,0
2025-09-22,S08,P099,4,35.56,0
2025-09-22,S08,P100,2,177.8,0
2025-09-22,S08,P112,7,127,0
2025-09-22,S08,P116,5,370.84,0
2025-09-23,S01,P024,5,472.44,0
2025-09-23,S01,P025,1,416.56,0
2025-09-23,S01,P037,3,60.96,0
2025-09-23,S01,P041,7,177.8,0
2025-09-23,S01,P054,2,172.72,0
2025-09-23,S01,P057,3,121.92,0
2025-09-23,S01,P066,2,350.52,0
2025-09-23,S01,P074,3,167.64,0
2025-09-23,S01,P076,0,152.4,0
2025-09-23,S01,P082,3,208.28,0
2025-09-23,S01,P088,2,233.68,0
2025-09-23,S01,P099,0,35.56,0
2025-09-23,S01,P100,1,177.8,0
2025-09-23,S01,P112,4,127,0
2025-09-23,S01,P116,0,370.84,0
2025-09-23,S02,P024,5,472.44,0
2025-09-23,S02,P025,2,416.56,0
2025-09-23,S02,P037,2,60.96,0
2025-09-23,S02,P041,2,177.8,0
2025-09-23,S02,P054,2,172.72,0
2025-09-23,S02,P057,0,121.92,0
2025-09-23,S02,P066,1,350.52,0
2025-09-23,S02,P074,3,167.64,0
2025-09-23,S02,P076,8,152.4,0
2025-09-23,S02,P082,0,208.28,0
2025-09-23,S02,P088,4,233.68,0
2025-09-23,S02,P099,2,35.56,0
2025-09-23,S02,P100,2,177.8,0
2025-09-23,S02,P112,0,127,0
2025-09-23,S02,P116,2,370.84,0
2025-09-23,S05,P024,7,472.44,0
2025-09-23,S05,P025,1,416.56,0
2025-09-23,S05,P037,4,60.96,0
2025-09-23,S05,P041,8,177.8,0
2025-09-23,S05,P054,3,172.72,0
2025-09-23,S05,P057,7,121.92,0
2025-09-23,S05,P066,2,350.52,0
2025-09-23,S05,P074,7,167.64,0
2025-09-23,S05,P076,10,152.4,0
2025-09-23,S05,P082,3,208.28,0
2025-09-23,S05,P088,6,233.68,0
2025-09-23,S05,P099,0,35.56,5
2025-09-23,S05,P100,3,177.8,0
2025-09-23,S05,P112,3,127,0
2025-09-23,S05,P116,4,370.84,0
2025-09-23,S06,P024,2,472.44,0
2025-09-23,S06,P025,0,416.56,0
2025-09-23,S06,P037,3,60.96,0
2025-09-23,S06,P041,5,177.8,0
2025-09-23,S06,P054,1,172.72,0
2025-09-23,S06,P057,4,121.92,15
2025-09-23,S06,P066,1,350.52,0
2025-09-23,S06,P074,4,167.64,0
2025-09-23,S06,P076,13,152.4,10
2025-09-23,S06,P082,0,208.28,0
2025-09-23,S06,P088,2,233.68,0
2025-09-23,S06,P099,1,35.56,0
2025-09-23,S06,P100,0,177.8,0
2025-09-23,S06,P112,4,127,0
2025-09-23,S06,P116,5,370.84,0
2025-09-23,S08,P024,5,472.44,0
2025-09-23,S08,P025,3,416.56,0
2025-09-23,S08,P037,9,60.96,0
2025-09-23,S08,P041,5,177.8,0
2025-09-23,S08,P054,5,172.72,0
2025-09-23,S08,P057,3,121.92,0
2025-09-23,S08,P066,4,350.52,0
2025-09-23,S08,P074,1,167.64,0
2025-09-23,S08,P076,15,152.4,0
2025-09-23,S08,P082,1,208.28,0
2025-09-23,S08,P088,2,233.68,0
2025-09-23,S08,P099,2,35.56,0
2025-09-23,S08,P100,3,177.8,0
2025-09-23,S08,P112,7,127,0
2025-09-23,S08,P116,9,370.84,0
2025-09-24,S01,P024,3,472.44,0
2025-09-24,S01,P025,1,416.56,0
2025-09-24,S01,P037,1,60.96,5
2025-09-24,S01,P041,8,177.8,0
2025-09-24,S01,P054,3,172.72,0
2025-09-24,S01,P057,3,121.92,20
2025-09-24,S01,P066,0,350.52,0
2025-09-24,S01,P074,2,167.64,0
2025-09-24,S01,P076,0,152.4,0
2025-09-24,S01,P082,0,208.28,0
2025-09-24,S01,P088,2,233.68,0
2025-09-24,S01,P099,5,35.56,0
2025-09-24,S01,P100,1,177.8,0
2025-09-24,S01,P112,6,127,0
2025-09-24,S01,P116,0,370.84,0
2025-09-24,S02,P024,5,472.44,0
2025-09-24,S02,P025,1,416.56,0
2025-09-24,S02,P037,5,60.96,0
2025-09-24,S02,P041,3,177.8,0
2025-09-24,S02,P054,2,172.72,0
2025-09-24,S02,P057,0,121.92,0
2025-09-24,S02,P066,1,350.52,0
2025-09-24,S02,P074,0,167.64,0
2025-09-24,S02,P076,9,152.4,0
2025-09-24,S02,P082,0,208.28,20
2025-09-24,S02,P088,3,233.68,10
2025-09-24,S02,P099,3,35.56,0
2025-09-24,S02,P100,0,177.8,0
2025-09-24,S02,P112,3,127,25
2025-09-24,S02,P116,3,370.84,0
2025-09-24,S05,P024,6,472.44,0
2025-09-24,S05,P025,1,416.56,0
2025-09-24,S05,P037,4,60.96,0
2025-09-24,S05,P041,2,177.8,0
2025-09-24,S05,P054,3,172.72,0
2025-09-24,S05,P057,9,121.92,0
2025-09-24,S05,P066,3,350.52,0
2025-09-24,S05,P074,1,167.64,0
2025-09-24,S05,P076,0,152.4,0
2025-09-24,S05,P082,1,208.28,0
2025-09-24,S05,P088,7,233.68,0
2025-09-24,S05,P099,0,35.56,0
2025-09-24,S05,P100,1,177.8,0
2025-09-24,S05,P112,6,127,0
2025-09-24,S05,P116,0,370.84,0
2025-09-24,S06,P024,6,472.44,0
2025-09-24,S06,P025,0,416.56,0
2025-09-24,S06,P037,3,60.96,0
2025-09-24,S06,P041,2,177.8,0
2025-09-24,S06,P054,2,172.72,0
2025-09-24,S06,P057,4,121.92,0
2025-09-24,S06,P066,3,350.52,25
2025-09-24,S06,P074,2,167.64,0
2025-09-24,S06,P076,8,152.4,5
2025-09-24,S06,P082,3,208.28,0
2025-09-24,S06,P088,2,233.68,0
2025-09-24,S06,P099,8,35.56,25
2025-09-24,S06,P100,2,177.8,0
2025-09-24,S06,P112,3,127,0
2025-09-24,S06,P116,5,370.84,0
2025-09-24,S08,P024,8,472.44,0
2025-09-24,S08,P025,2,416.56,0
2025-09-24,S08,P037,5,60.96,0
2025-09-24,S08,P041,3,177.8,0
2025-09-24,S08,P054,5,172.72,0
2025-09-24,S08,P057,4,121.92,0
2025-09-24,S08,P066,2,350.52,25
2025-09-24,S08,P074,1,167.64,0
2025-09-24,S08,P076,21,152.4,0
2025-09-24,S08,P082,4,208.28,0
2025-09-24,S08,P088,2,233.68,0
2025-09-24,S08,P099,0,35.56,0
2025-09-24,S08,P100,1,177.8,0
2025-09-24,S08,P112,4,127,0
2025-09-24,S08,P116,4,370.84,0
2025-09-25,S01,P024,5,472.44,0
2025-09-25,S01,P025,4,416.56,0
2025-09-25,S01,P037,6,60.96,0
2025-09-25,S01,P041,1,177.8,0
2025-09-25,S01,P054,1,172.72,0
2025-09-25,S01,P057,7,121.92,0
2025-09-25,S01,P066,3,350.52,0
2025-09-25,S01,P074,5,167.64,0
2025-09-25,S01,P076,0,152.4,0
2025-09-25,S01,P082,0,208.28,0
2025-09-25,S01,P088,2,233.68,0
2025-09-25,S01,P099,9,35.56,0
2025-09-25,S01,P100,3,177.8,0
2025-09-25,S01,P112,15,127,0
2025-09-25,S01,P116,7,370.84,0
2025-09-25,S02,P024,3,472.44,0
2025-09-25,S02,P025,0,416.56,0
2025-09-25,S02,P037,2,60.96,0
2025-09-25,S02,P041,0,177.8,0
2025-09-25,S02,P054,4,172.72,0
2025-09-25,S02,P057,0,121.92,0
2025-09-25,S02,P066,3,350.52,0
2025-09-25,S02,P074,2,167.64,0
2025-09-25,S02,P076,10,152.4,0
2025-09-25,S02,P082,0,208.28,0
2025-09-25,S02,P088,3,233.68,0
2025-09-25,S02,P099,7,35.56,0
2025-09-25,S02,P100,2,177.8,0
2025-09-25,S02,P112,2,127,0
2025-09-25,S02,P116,2,370.84,0
2025-09-25,S05,P024,12,472.44,0
2025-09-25,S05,P025,4,416.56,0
2025-09-25,S05,P037,13,60.96,10
2025-09-25,S05,P041,4,177.8,0
2025-09-25,S05,P054,7,172.72,0
2025-09-25,S05,P057,8,121.92,0
2025-09-25,S05,P066,1,350.52,0
2025-09-25,S05,P074,1,167.64,0
2025-09-25,S05,P076,0,152.4,0
2025-09-25,S05,P082,3,208.28,0
2025-09-25,S05,P088,1,233.68,0
2025-09-25,S05,P099,6,35.56,0
2025-09-25,S05,P100,1,177.8,0
2025-09-25,S05,P112,3,127,0
2025-09-25,S05,P116,0,370.84,0
2025-09-25,S06,P024,6,472.44,0
2025-09-25,S06,P025,4,416.56,0
2025-09-25,S06,P037,3,60.96,0
2025-09-25,S06,P041,7,177.8,0
2025-09-25,S06,P054,1,172.72,0
2025-09-25,S06,P057,0,121.92,0
2025-09-25,S06,P066,3,350.52,20
2025-09-25,S06,P074,4,167.64,0
2025-09-25,S06,P076,7,152.4,0
2025-09-25,S06,P082,6,208.28,25
2025-09-25,S06,P088,1,233.68,0
2025-09-25,S06,P099,2,35.56,15
2025-09-25,S06,P100,5,177.8,0
2025-09-25,S06,P112,2,127,15
2025-09-25,S06,P116,5,370.84,0
2025-09-25,S08,P024,11,472.44,20
2025-09-25,S08,P025,1,416.56,0
2025-09-25,S08,P037,7,60.96,0
2025-09-25,S08,P041,3,177.8,0
2025-09-25,S08,P054,4,172.72,0
2025-09-25,S08,P057,3,121.92,0
2025-09-25,S08,P066,0,350.52,0
2025-09-25,S08,P074,2,167.64,0
2025-09-25,S08,P076,15,152.4,0
2025-09-25,S08,P082,2,208.28,0
2025-09-25,S08,P088,1,233.68,0
2025-09-25,S08,P099,6,35.56,0
2025-09-25,S08,P100,3,177.8,0
2025-09-25,S08,P112,4,127,0
2025-09-25,S08,P116,6,370.84,0
2025-09-26,S01,P024,12,472.44,0
2025-09-26,S01,P025,5,416.56,0
2025-09-26,S01,P037,10,60.96,0
2025-09-26,S01,P041,4,177.8,0
2025-09-26,S01,P054,5,172.72,25
2025-09-26,S01,P057,5,121.92,0
2025-09-26,S01,P066,2,350.52,0
2025-09-26,S01,P074,3,167.64,0
2025-09-26,S01,P076,21,152.4,0
2025-09-26,S01,P082,0,208.28,0
2025-09-26,S01,P088,5,233.68,0
2025-09-26,S01,P099,7,35.56,0
2025-09-26,S01,P100,3,177.8,0
2025-09-26,S01,P112,4,127,0
2025-09-26,S01,P116,7,370.84,0
2025-09-26,S02,P024,12,472.44,0
2025-09-26,S02,P025,0,416.56,0
2025-09-26,S02,P037,1,60.96,0
2025-09-26,S02,P041,5,177.8,0
2025-09-26,S02,P054,1,172.72,0
2025-09-26,S02,P057,0,121.92,0
2025-09-26,S02,P066,4,350.52,0
2025-09-26,S02,P074,3,167.64,0
2025-09-26,S02,P076,8,152.4,0
2025-09-26,S02,P082,0,208.28,0
2025-09-26,S02,P088,3,233.68,0
2025-09-26,S02,P099,3,35.56,0
2025-09-26,S02,P100,3,177.8,0
2025-09-26,S02,P112,5,127,0
2025-09-26,S02,P116,4,370.84,0
2025-09-26,S05,P024,7,472.44,0
2025-09-26,S05,P025,2,416.56,0
2025-09-26,S05,P037,5,60.96,0
2025-09-26,S05,P041,5,177.8,0
2025-09-26,S05,P054,3,172.72,0
2025-09-26,S05,P057,4,121.92,0
2025-09-26,S05,P066,0,350.52,0
2025-09-26,S05,P074,4,167.64,0
2025-09-26,S05,P076,0,152.4,0
2025-09-26,S05,P082,9,208.28,0
2025-09-26,S05,P088,1,233.68,20
2025-09-26,S05,P099,8,35.56,20
2025-09-26,S05,P100,4,177.8,0
2025-09-26,S05,P112,4,127,0
2025-09-26,S05,P116,0,370.84,0
2025-09-26,S06,P024,5,472.44,0
2025-09-26,S06,P025,0,416.56,0
2025-09-26,S06,P037,4,60.96,0
2025-09-26,S06,P041,2,177.8,0
2025-09-26,S06,P054,4,172.72,0
2025-09-26,S06,P057,0,121.92,0
2025-09-26,S06,P066,2,350.52,0
2025-09-26,S06,P074,1,167.64,0
2025-09-26,S06,P076,7,152.4,0
2025-09-26,S06,P082,2,208.28,0
2025-09-26,S06,P088,4,233.68,0
2025-09-26,S06,P099,3,35.56,0
2025-09-26,S06,P100,2,177.8,0
2025-09-26,S06,P112,1,127,0
2025-09-26,S06,P116,5,370.84,0
2025-09-26,S08,P024,11,472.44,0
2025-09-26,S08,P025,4,416.56,0
2025-09-26,S08,P037,6,60.96,0
2025-09-26,S08,P041,4,177.8,0
2025-09-26,S08,P054,6,172.72,0
2025-09-26,S08,P057,9,121.92,0
2025-09-26,S08,P066,0,350.52,0
2025-09-26,S08,P074,4,167.64,0
2025-09-26,S08,P076,0,152.4,0
2025-09-26,S08,P082,6,208.28,0
2025-09-26,S08,P088,2,233.68,0
2025-09-26,S08,P099,4,35.56,0
2025-09-26,S08,P100,4,177.8,0
2025-09-26,S08,P112,8,127,0
2025-09-26,S08,P116,9,370.84,0
2025-09-27,S01,P024,10,472.44,0
2025-09-27,S01,P025,3,416.56,0
2025-09-27,S01,P037,7,60.96,0
2025-09-27,S01,P041,1,177.8,0
2025-09-27,S01,P054,5,172.72,0
2025-09-27,S01,P057,9,121.92,0
2025-09-27,S01,P066,5,350.52,0
2025-09-27,S01,P074,2,167.64,0
2025-09-27,S01,P076,20,152.4,0
2025-09-27,S01,P082,0,208.28,0
2025-09-27,S01,P088,4,233.68,0
2025-09-27,S01,P099,4,35.56,0
2025-09-27,S01,P100,5,177.8,0
2025-09-27,S01,P112,9,127,0
2025-09-27,S01,P116,10,370.84,0
2025-09-27,S02,P024,10,472.44,0
2025-09-27,S02,P025,0,416.56,0
2025-09-27,S02,P037,3,60.96,0
2025-09-27,S02,P041,4,177.8,0
2025-09-27,S02,P054,3,172.72,0
2025-09-27,S02,P057,6,121.92,0
2025-09-27,S02,P066,0,350.52,0
2025-09-27,S02,P074,1,167.64,0
2025-09-27,S02,P076,7,152.4,0
2025-09-27,S02,P082,0,208.28,0
2025-09-27,S02,P088,2,233.68,0
2025-09-27,S02,P099,3,35.56,0
2025-09-27,S02,P100,3,177.8,0
2025-09-27,S02,P112,6,127,10
2025-09-27,S02,P116,2,370.84,0
2025-09-27,S05,P024,10,472.44,0
2025-09-27,S05,P025,4,416.56,0
2025-09-27,S05,P037,8,60.96,0
2025-09-27,S05,P041,7,177.8,0
2025-09-27,S05,P054,5,172.72,5
2025-09-27,S05,P057,8,121.92,0
2025-09-27,S05,P066,0,350.52,0
2025-09-27,S05,P074,2,167.64,0
2025-09-27,S05,P076,0,152.4,0
2025-09-27,S05,P082,5,208.28,0
2025-09-27,S05,P088,3,233.68,0
2025-09-27,S05,P099,9,35.56,0
2025-09-27,S05,P100,2,177.8,0
2025-09-27,S05,P112,6,127,0
2025-09-27,S05,P116,0,370.84,0
2025-09-27,S06,P024,9,472.44,20
2025-09-27,S06,P025,2,416.56,0
2025-09-27,S06,P037,3,60.96,0
2025-09-27,S06,P041,6,177.8,0
2025-09-27,S06,P054,5,172.72,15
2025-09-27,S06,P057,0,121.92,0
2025-09-27,S06,P066,1,350.52,0
2025-09-27,S06,P074,4,167.64,0
2025-09-27,S06,P076,9,152.4,0
2025-09-27,S06,P082,4,208.28,0
2025-09-27,S06,P088,6,233.68,0
2025-09-27,S06,P099,4,35.56,0
2025-09-27,S06,P100,3,177.8,20
2025-09-27,S06,P112,10,127,0
2025-09-27,S06,P116,6,370.84,0
2025-09-27,S08,P024,1,472.44,0
2025-09-27,S08,P025,1,416.56,0
2025-09-27,S08,P037,7,60.96,0
2025-09-27,S08,P041,9,177.8,0
2025-09-27,S08,P054,5,172.72,0
2025-09-27,S08,P057,1,121.92,0
2025-09-27,S08,P066,0,350.52,0
2025-09-27,S08,P074,8,167.64,0
2025-09-27,S08,P076,0,152.4,0
2025-09-27,S08,P082,10,208.28,25
2025-09-27,S08,P088,6,233.68,0
2025-09-27,S08,P099,7,35.56,0
2025-09-27,S08,P100,2,177.8,0
2025-09-27,S08,P112,12,127,0
2025-09-27,S08,P116,19,370.84,0
2025-09-28,S01,P024,14,472.44,10
2025-09-28,S01,P025,1,416.56,
2025-09-28,S01,P037,6,60.96,0
2025-09-28,S01,P041,0,177.8,0
2025-09-28,S01,P054,1,172.72,0
2025-09-28,S01,P057,8,121.92,0
2025-09-28,S01,P066,5,350.52,5
2025-09-28,S01,P074,0,167.64,0
2025-09-28,S01,P076,28,152.4,0
2025-09-28,S01,P082,0,208.28,0
2025-09-28,S01,P088,6,233.68,0
2025-09-28,S01,P099,4,35.56,0
2025-09-28,S01,P100,2,177.8,0
2025-09-28,S01,P112,4,127,0
2025-09-28,S01,P116,12,370.84,0
2025-09-28,S02,P024,4,472.44,0
2025-09-28,S02,P025,1,416.56,0
2025-09-28,S02,P037,6,60.96,0
2025-09-28,S02,P041,6,177.8,0
2025-09-28,S02,P054,4,172.72,0
2025-09-28,S02,P057,5,121.92,0
2025-09-28,S02,P066,2,350.52,0
2025-09-28,S02,P074,1,167.64,0
2025-09-28,S02,P076,4,152.4,0
2025-09-28,S02,P082,0,208.28,0
2025-09-28,S02,P088,5,233.68,0
2025-09-28,S02,P099,5,35.56,0
2025-09-28,S02,P100,6,177.8,0
2025-09-28,S02,P112,7,127,0
2025-09-28,S02,P116,4,370.84,0
2025-09-28,S05,P024,15,472.44,0
2025-09-28,S05,P025,5,416.56,0
2025-09-28,S05,P037,5,60.96,0
2025-09-28,S05,P041,0,177.8,0
2025-09-28,S05,P054,3,172.72,0
2025-09-28,S05,P057,6,121.92,0
2025-09-28,S05,P066,0,350.52,0
2025-09-28,S05,P074,3,167.64,0
2025-09-28,S05,P076,0,152.4,0
2025-09-28,S05,P082,7,208.28,0
2025-09-28,S05,P088,6,233.68,20
2025-09-28,S05,P099,1,35.56,0
2025-09-28,S05,P100,3,177.8,0
2025-09-28,S05,P112,4,127,0
2025-09-28,S05,P116,0,370.84,0
2025-09-28,S06,P024,4,472.44,0
2025-09-28,S06,P025,1,416.56,0
2025-09-28,S06,P037,3,60.96,0
2025-09-28,S06,P041,1,177.8,0
2025-09-28,S06,P054,3,172.72,0
2025-09-28,S06,P057,0,121.92,0
2025-09-28,S06,P066,0,350.52,0
2025-09-28,S06,P074,3,167.64,0
2025-09-28,S06,P076,13,152.4,0
2025-09-28,S06,P082,0,208.28,0
2025-09-28,S06,P088,1,233.68,0
2025-09-28,S06,P099,0,35.56,0
2025-09-28,S06,P100,3,177.8,0
2025-09-28,S06,P112,7,127,0
2025-09-28,S06,P116,8,370.84,0
2025-09-28,S08,P024,0,472.44,0
2025-09-28,S08,P025,4,416.56,0
2025-09-28,S08,P037,2,60.96,0
2025-09-28,S08,P041,8,177.8,0
2025-09-28,S08,P054,7,172.72,0
2025-09-28,S08,P057,2,121.92,0
2025-09-28,S08,P066,0,350.52,0
2025-09-28,S08,P074,4,167.64,0
2025-09-28,S08,P076,0,152.4,0
2025-09-28,S08,P082,6,208.28,0
2025-09-28,S08,P088,3,233.68,10
2025-09-28,S08,P099,4,35.56,0
2025-09-28,S08,P100,5,177.8,0
2025-09-28,S08,P112,8,127,0
2025-09-28,S08,P116,18,370.84,0
2025-09-29,S01,P024,6,472.44,0
2025-09-29,S01,P025,3,416.56,0
2025-09-29,S01,P037,6,60.96,10
2025-09-29,S01,P041,0,177.8,0
2025-09-29,S01,P054,1,172.72,0
2025-09-29,S01,P057,5,121.92,0
2025-09-29,S01,P066,3,350.52,10
2025-09-29,S01,P074,4,167.64,0
2025-09-29,S01,P076,13,152.4,0
2025-09-29,S01,P082,4,208.28,0
2025-09-29,S01,P088,5,233.68,0
2025-09-29,S01,P099,3,35.56,0
2025-09-29,S01,P100,3,177.8,0
2025-09-29,S01,P112,6,127,0
2025-09-29,S01,P116,6,370.84,0
2025-09-29,S02,P024,3,472.44,0
2025-09-29,S02,P025,0,416.56,0
2025-09-29,S02,P037,1,60.96,0
2025-09-29,S02,P041,1,177.8,0
2025-09-29,S02,P054,2,172.72,0
2025-09-29,S02,P057,3,121.92,0
2025-09-29,S02,P066,1,350.52,0
2025-09-29,S02,P074,2,167.64,0
2025-09-29,S02,P076,11,152.4,0
2025-09-29,S02,P082,0,208.28,0
2025-09-29,S02,P088,2,233.68,0
2025-09-29,S02,P099,0,35.56,0
2025-09-29,S02,P100,2,177.8,0
2025-09-29,S02,P112,2,127,0
2025-09-29,S02,P116,5,370.84,20
2025-09-29,S05,P024,7,472.44,0
2025-09-29,S05,P025,2,416.56,0
2025-09-29,S05,P037,7,60.96,0
2025-09-29,S05,P041,0,177.8,0
2025-09-29,S05,P054,4,172.72,0
2025-09-29,S05,P057,5,121.92,0
2025-09-29,S05,P066,0,350.52,5
2025-09-29,S05,P074,4,167.64,0
2025-09-29,S05,P076,0,152.4,0
2025-09-29,S05,P082,4,208.28,0
2025-09-29,S05,P088,5,233.68,0
2025-09-29,S05,P099,4,35.56,0
2025-09-29,S05,P100,4,177.8,0
2025-09-29,S05,P112,5,127,0
2025-09-29,S05,P116,0,370.84,0
2025-09-29,S06,P024,0,472.44,0
2025-09-29,S06,P025,1,416.56,0
2025-09-29,S06,P037,3,60.96,0
2025-09-29,S06,P041,2,177.8,0
2025-09-29,S06,P054,2,172.72,0
2025-09-29,S06,P057,0,121.92,0
2025-09-29,S06,P066,0,350.52,0
2025-09-29,S06,P074,1,167.64,0
2025-09-29,S06,P076,5,152.4,0
2025-09-29,S06,P082,2,208.28,0
2025-09-29,S06,P088,1,233.68,0
2025-09-29,S06,P099,0,35.56,0
2025-09-29,S06,P100,3,177.8,0
2025-09-29,S06,P112,3,127,0
2025-09-29,S06,P116,4,370.84,0
2025-09-29,S08,P024,7,472.44,0
2025-09-29,S08,P025,2,416.56,0
2025-09-29,S08,P037,11,60.96,0
2025-09-29,S08,P041,3,177.8,0
2025-09-29,S08,P054,1,172.72,0
2025-09-29,S08,P057,2,121.92,0
2025-09-29,S08,P066,0,350.52,0
2025-09-29,S08,P074,3,167.64,0
2025-09-29,S08,P076,0,152.4,0
2025-09-29,S08,P082,3,208.28,0
2025-09-29,S08,P088,5,233.68,0
2025-09-29,S08,P099,4,35.56,0
2025-09-29,S08,P100,1,177.8,0
2025-09-29,S08,P112,13,127,25
2025-09-29,S08,P116,4,370.84,0
2025-09-30,S01,P024,4,472.44,0
2025-09-30,S01,P025,2,416.56,0
2025-09-30,S01,P037,5,60.96,0
2025-09-30,S01,P041,6,177.8,0
2025-09-30,S01,P054,6,172.72,0
2025-09-30,S01,P057,5,121.92,0
2025-09-30,S01,P066,1,350.52,0
2025-09-30,S01,P074,1,167.64,0
2025-09-30,S01,P076,20,152.4,0
2025-09-30,S01,P082,3,208.28,0
2025-09-30,S01,P088,5,233.68,0
2025-09-30,S01,P099,3,35.56,0
2025-09-30,S01,P100,0,177.8,0
2025-09-30,S01,P112,4,127,0
2025-09-30,S01,P116,6,370.84,0
2025-09-30,S02,P024,1,472.44,0
2025-09-30,S02,P025,2,416.56,0
2025-09-30,S02,P037,6,60.96,0
2025-09-30,S02,P041,2,177.8,0
2025-09-30,S02,P054,1,172.72,0
2025-09-30,S02,P057,2,121.92,0
2025-09-30,S02,P066,1,350.52,0
2025-09-30,S02,P074,3,167.64,0
2025-09-30,S02,P076,3,152.4,0
2025-09-30,S02,P082,0,208.28,0
2025-09-30,S02,P088,3,233.68,0
2025-09-30,S02,P099,6,35.56,25
2025-09-30,S02,P100,2,177.8,0
2025-09-30,S02,P112,4,127,0
2025-09-30,S02,P116,2,370.84,0
2025-09-30,S05,P024,6,472.44,0
2025-09-30,S05,P025,2,416.56,0
2025-09-30,S05,P037,5,60.96,0
2025-09-30,S05,P041,0,177.8,0
2025-09-30,S05,P054,2,172.72,0
2025-09-30,S05,P057,8,121.92,0
2025-09-30,S05,P066,0,350.52,0
2025-09-30,S05,P074,3,167.64,0
2025-09-30,S05,P076,0,152.4,25
2025-09-30,S05,P082,3,208.28,0
2025-09-30,S05,P088,5,233.68,0
2025-09-30,S05,P099,6,35.56,0
2025-09-30,S05,P100,3,177.8,0
2025-09-30,S05,P112,5,127,0
2025-09-30,S05,P116,0,370.84,0
2025-09-30,S06,P024,0,472.44,0
2025-09-30,S06,P025,1,416.56,0
2025-09-30,S06,P037,4,60.96,0
2025-09-30,S06,P041,2,177.8,0
2025-09-30,S06,P054,2,172.72,0
2025-09-30,S06,P057,1,121.92,0
2025-09-30,S06,P066,0,350.52,0
2025-09-30,S06,P074,4,167.64,0
2025-09-30,S06,P076,8,152.4,0
2025-09-30,S06,P082,2,208.28,0
2025-09-30,S06,P088,1,233.68,0
2025-09-30,S06,P099,0,35.56,0
2025-09-30,S06,P100,0,177.8,0
2025-09-30,S06,P112,5,127,0
2025-09-30,S06,P116,3,370.84,0
2025-09-30,S08,P024,7,472.44,0
2025-09-30,S08,P025,5,416.56,0
2025-09-30,S08,P037,5,60.96,25
2025-09-30,S08,P041,1,177.8,0
2025-09-30,S08,P054,2,172.72,0
2025-09-30,S08,P057,3,121.92,0
2025-09-30,S08,P066,4,350.52,0
2025-09-30,S08,P074,3,167.64,0
2025-09-30,S08,P076,18,152.4,0
2025-09-30,S08,P082,3,208.28,0
2025-09-30,S08,P088,9,233.68,20
2025-09-30,S08,P099,0,35.56,0
2025-09-30,S08,P100,1,177.8,0
2025-09-30,S08,P112,2,127,0
2025-09-30,S08,P116,11,370.84,20
2025-10-01,S01,P024,10,473.37,0
2025-10-01,S01,P025,1,417.38,0
2025-10-01,S01,P037,7,61.08,0
2025-10-01,S01,P041,1,178.15,0
2025-10-01,S01,P054,3,173.06,0
2025-10-01,S01,P057,7,122.16,20
2025-10-01,S01,P066,4,351.21,0
2025-10-01,S01,P074,1,167.97,0
2025-10-01,S01,P076,25,152.7,0
2025-10-01,S01,P082,4,208.69,5
2025-10-01,S01,P088,4,234.14,0
2025-10-01,S01,P099,6,35.63,0
2025-10-01,S01,P100,4,178.15,0
2025-10-01,S01,P112,8,127.25,25
2025-10-01,S01,P116,4,371.57,0
2025-10-01,S02,P024,5,473.37,0
2025-10-01,S02,P025,1,417.38,0
2025-10-01,S02,P037,1,61.08,0
2025-10-01,S02,P041,2,178.15,0
2025-10-01,S02,P054,2,173.06,25
2025-10-01,S02,P057,4,122.16,0
2025-10-01,S02,P066,0,351.21,0
2025-10-01,S02,P074,1,167.97,0
2025-10-01,S02,P076,6,152.7,0
2025-10-01,S02,P082,0,208.69,0
2025-10-01,S02,P088,3,234.14,0
2025-10-01,S02,P099,6,35.63,0
2025-10-01,S02,P100,1,178.15,5
2025-10-01,S02,P112,1,127.25,0
2025-10-01,S02,P116,3,371.57,0
2025-10-01,S05,P024,11,473.37,0
2025-10-01,S05,P025,0,417.38,0
2025-10-01,S05,P037,3,61.08,0
2025-10-01,S05,P041,7,178.15,0
2025-10-01,S05,P054,3,173.06,0
2025-10-01,S05,P057,5,122.16,0
2025-10-01,S05,P066,2,351.21,0
2025-10-01,S05,P074,4,167.97,0
2025-10-01,S05,P076,0,152.7,0
2025-10-01,S05,P082,2,208.69,0
2025-10-01,S05,P088,3,234.14,0
2025-10-01,S05,P099,2,35.63,0
2025-10-01,S05,P100,3,178.15,0
2025-10-01,S05,P112,4,127.25,0
2025-10-01,S05,P116,0,371.57,0
2025-10-01,S06,P024,5,473.37,0
2025-10-01,S06,P025,1,417.38,0
2025-10-01,S06,P037,2,61.08,0
2025-10-01,S06,P041,5,178.15,0
2025-10-01,S06,P054,2,173.06,0
2025-10-01,S06,P057,2,122.16,0
2025-10-01,S06,P066,0,351.21,0
2025-10-01,S06,P074,1,167.97,0
2025-10-01,S06,P076,15,152.7,0
2025-10-01,S06,P082,3,208.69,0
2025-10-01,S06,P088,2,234.14,0
2025-10-01,S06,P099,0,35.63,0
2025-10-01,S06,P100,0,178.15,0
2025-10-01,S06,P112,1,127.25,0
2025-10-01,S06,P116,4,371.57,0
2025-10-01,S08,P024,10,473.37,0
2025-10-01,S08,P025,2,417.38,0
2025-10-01,S08,P037,5,61.08,0
2025-10-01,S08,P041,2,178.15,0
2025-10-01,S08,P054,4,173.06,0
2025-10-01,S08,P057,7,122.16,0
2025-10-01,S08,P066,3,351.21,0
2025-10-01,S08,P074,7,167.97,0
2025-10-01,S08,P076,22,152.7,0
2025-10-01,S08,P082,6,208.69,0
2025-10-01,S08,P088,5,234.14,0
2025-10-01,S08,P099,0,35.63,0
2025-10-01,S08,P100,6,178.15,15
2025-10-01,S08,P112,5,127.25,0
2025-10-01,S08,P116,7,371.57,0
2025-10-02,S01,P024,6,473.37,0
2025-10-02,S01,P025,2,417.38,0
2025-10-02,S01,P037,3,61.08,0
2025-10-02,S01,P041,3,178.15,0
2025-10-02,S01,P054,6,173.06,0
2025-10-02,S01,P057,4,122.16,0
2025-10-02,S01,P066,2,351.21,0
2025-10-02,S01,P074,4,167.97,0
2025-10-02,S01,P076,16,152.7,0
2025-10-02,S01,P082,2,208.69,0
2025-10-02,S01,P088,4,234.14,0
2025-10-02,S01,P099,1,35.63,0
2025-10-02,S01,P100,8,178.15,0
2025-10-02,S01,P112,14,127.25,25
2025-10-02,S01,P116,6,371.57,0
2025-10-02,S02,P024,5,473.37,0
2025-10-02,S02,P025,2,417.38,0
2025-10-02,S02,P037,2,61.08,0
2025-10-02,S02,P041,0,178.15,0
2025-10-02,S02,P054,3,173.06,0
2025-10-02,S02,P057,0,122.16,0
2025-10-02,S02,P066,1,351.21,0
2025-10-02,S02,P074,0,167.97,0
2025-10-02,S02,P076,9,152.7,0
2025-10-02,S02,P082,1,208.69,0
2025-10-02,S02,P088,1,234.14,0
2025-10-02,S02,P099,1,35.63,0
2025-10-02,S02,P100,4,178.15,0
2025-10-02,S02,P112,5,127.25,0
2025-10-02,S02,P116,0,371.57,0
2025-10-02,S05,P024,10,473.37,0
2025-10-02,S05,P025,5,417.38,0
2025-10-02,S05,P037,4,61.08,0
2025-10-02,S05,P041,3,178.15,5
2025-10-02,S05,P054,2,173.06,0
2025-10-02,S05,P057,4,122.16,0
2025-10-02,S05,P066,5,351.21,0
2025-10-02,S05,P074,1,167.97,0
2025-10-02,S05,P076,0,152.7,0
2025-10-02,S05,P082,4,208.69,0
2025-10-02,S05,P088,4,234.14,0
2025-10-02,S05,P099,5,35.63,0
2025-10-02,S05,P100,3,178.15,0
2025-10-02,S05,P112,1,127.25,0
2025-10-02,S05,P116,3,371.57,0
2025-10-02,S06,P024,4,473.37,0
2025-10-02,S06,P025,0,417.38,0
2025-10-02,S06,P037,3,61.08,0
2025-10-02,S06,P041,3,178.15,0
2025-10-02,S06,P054,0,173.06,0
2025-10-02,S06,P057,4,122.16,0
2025-10-02,S06,P066,2,351.21,15
2025-10-02,S06,P074,0,167.97,0
2025-10-02,S06,P076,9,152.7,0
2025-10-02,S06,P082,4,208.69,0
2025-10-02,S06,P088,3,234.14,0
2025-10-02,S06,P099,0,35.63,0
2025-10-02,S06,P100,3,178.15,0
2025-10-02,S06,P112,4,127.25,0
2025-10-02,S06,P116,5,371.57,0
2025-10-02,S08,P024,13,473.37,0
2025-10-02,S08,P025,0,417.38,0
2025-10-02,S08,P037,3,61.08,0
2025-10-02,S08,P041,4,178.15,0
2025-10-02,S08,P054,4,173.06,0
2025-10-02,S08,P057,5,122.16,0
2025-10-02,S08,P066,0,351.21,0
2025-10-02,S08,P074,4,167.97,0
2025-10-02,S08,P076,22,152.7,0
2025-10-02,S08,P082,3,208.69,0
2025-10-02,S08,P088,9,234.14,0
2025-10-02,S08,P099,2,35.63,0
2025-10-02,S08,P100,3,178.15,0
2025-10-02,S08,P112,12,127.25,0
2025-10-02,S08,P116,10,371.57,0
2025-10-03,S01,P024,7,473.37,0
2025-10-03,S01,P025,2,417.38,0
2025-10-03,S01,P037,6,61.08,0
2025-10-03,S01,P041,4,178.15,0
2025-10-03,S01,P054,6,173.06,0
2025-10-03,S01,P057,7,122.16,0
2025-10-03,S01,P066,3,351.21,0
2025-10-03,S01,P074,1,167.97,0
2025-10-03,S01,P076,20,152.7,0
2025-10-03,S01,P082,8,208.69,0
2025-10-03,S01,P088,3,234.14,0
2025-10-03,S01,P099,0,35.63,0
2025-10-03,S01,P100,6,178.15,0
2025-10-03,S01,P112,4,127.25,0
2025-10-03,S01,P116,14,371.57,0
2025-10-03,S02,P024,6,473.37,0
2025-10-03,S02,P025,1,417.38,0
2025-10-03,S02,P037,5,61.08,0
2025-10-03,S02,P041,2,178.15,0
2025-10-03,S02,P054,2,173.06,0
2025-10-03,S02,P057,0,122.16,0
2025-10-03,S02,P066,0,351.21,0
2025-10-03,S02,P074,3,167.97,0
2025-10-03,S02,P076,4,152.7,0
2025-10-03,S02,P082,6,208.69,0
2025-10-03,S02,P088,3,234.14,0
2025-10-03,S02,P099,3,35.63,0
2025-10-03,S02,P100,3,178.15,0
2025-10-03,S02,P112,3,127.25,0
2025-10-03,S02,P116,5,371.57,0
2025-10-03,S05,P024,11,473.37,0
2025-10-03,S05,P025,2,417.38,0
2025-10-03,S05,P037,7,61.08,0
2025-10-03,S05,P041,9,178.15,0
2025-10-03,S05,P054,3,173.06,0
2025-10-03,S05,P057,3,122.16,0
2025-10-03,S05,P066,5,351.21,0
2025-10-03,S05,P074,3,167.97,0
2025-10-03,S05,P076,0,152.7,0
2025-10-03,S05,P082,2,208.69,0
2025-10-03,S05,P088,7,234.14,0
2025-10-03,S05,P099,0,35.63,0
2025-10-03,S05,P100,2,178.15,0
2025-10-03,S05,P112,7,127.25,0
2025-10-03,S05,P116,17,371.57,25
2025-10-03,S06,P024,10,473.37,0
2025-10-03,S06,P025,4,417.38,0
2025-10-03,S06,P037,2,61.08,0
2025-10-03,S06,P041,7,178.15,5
2025-10-03,S06,P054,4,173.06,0
2025-10-03,S06,P057,5,122.16,0
2025-10-03,S06,P066,2,351.21,0
2025-10-03,S06,P074,1,167.97,0
2025-10-03,S06,P076,13,152.7,0
2025-10-03,S06,P082,1,208.69,0
2025-10-03,S06,P088,2,234.14,0
2025-10-03,S06,P099,0,35.63,0
2025-10-03,S06,P100,4,178.15,0
2025-10-03,S06,P112,4,127.25,0
2025-10-03,S06,P116,3,371.57,0
2025-10-03,S08,P024,13,473.37,0
2025-10-03,S08,P025,1,417.38,0
2025-10-03,S08,P037,8,61.08,0
2025-10-03,S08,P041,1,178.15,0
2025-10-03,S08,P054,3,173.06,0
2025-10-03,S08,P057,5,122.16,0
2025-10-03,S08,P066,5,351.21,0
2025-10-03,S08,P074,3,167.97,10
2025-10-03,S08,P076,27,152.7,0
2025-10-03,S08,P082,4,208.69,0
2025-10-03,S08,P088,1,234.14,0
2025-10-03,S08,P099,3,35.63,0
2025-10-03,S08,P100,2,178.15,0
2025-10-03,S08,P112,4,127.25,0
2025-10-03,S08,P116,11,371.57,0
2025-10-04,S01,P024,10,473.37,0
2025-10-04,S01,P025,3,417.38,0
2025-10-04,S01,P037,8,61.08,0
2025-10-04,S01,P041,6,178.15,0
2025-10-04,S01,P054,5,173.06,0
2025-10-04,S01,P057,3,122.16,0
2025-10-04,S01,P066,5,351.21,0
2025-10-04,S01,P074,2,167.97,0
2025-10-04,S01,P076,13,152.7,0
2025-10-04,S01,P082,4,208.69,0
2025-10-04,S01,P088,4,234.14,5
2025-10-04,S01,P099,0,35.63,0
2025-10-04,S01,P100,5,178.15,0
2025-10-04,S01,P112,10,127.25,15
2025-10-04,S01,P116,8,371.57,0
2025-10-04,S02,P024,6,473.37,0
2025-10-04,S02,P025,4,417.38,0
2025-10-04,S02,P037,6,61.08,0
2025-10-04,S02,P041,1,178.15,0
2025-10-04,S02,P054,1,173.06,0
2025-10-04,S02,P057,7,122.16,0
2025-10-04,S02,P066,3,351.21,0
2025-10-04,S02,P074,4,167.97,0
2025-10-04,S02,P076,9,152.7,0
2025-10-04,S02,P082,10,208.69,0
2025-10-04,S02,P088,3,234.14,0
2025-10-04,S02,P099,3,35.63,0
2025-10-04,S02,P100,3,178.15,0
2025-10-04,S02,P112,5,127.25,0
2025-10-04,S02,P116,4,371.57,0
2025-10-04,S05,P024,13,,0
2025-10-04,S05,P025,4,417.38,25
2025-10-04,S05,P037,10,61.08,15
2025-10-04,S05,P041,8,178.15,0
2025-10-04,S05,P054,2,173.06,0
2025-10-04,S05,P057,11,122.16,20
2025-10-04,S05,P066,4,351.21,0
2025-10-04,S05,P074,4,167.97,0
2025-10-04,S05,P076,0,152.7,0
2025-10-04,S05,P082,2,208.69,0
2025-10-04,S05,P088,11,234.14,0
2025-10-04,S05,P099,0,35.63,0
2025-10-04,S05,P100,6,178.15,0
2025-10-04,S05,P112,10,127.25,0
2025-10-04,S05,P116,9,371.57,0
2025-10-04,S06,P024,7,473.37,15
2025-10-04,S06,P025,0,417.38,0
2025-10-04,S06,P037,2,61.08,0
2025-10-04,S06,P041,1,178.15,0
2025-10-04,S06,P054,3,173.06,0
2025-10-04,S06,P057,6,122.16,0
2025-10-04,S06,P066,5,351.21,0
2025-10-04,S06,P074,1,167.97,0
2025-10-04,S06,P076,5,152.7,0
2025-10-04,S06,P082,3,208.69,0
2025-10-04,S06,P088,0,234.14,0
2025-10-04,S06,P099,0,35.63,0
2025-10-04,S06,P100,1,178.15,0
2025-10-04,S06,P112,6,127.25,0
2025-10-04,S06,P116,3,371.57,0
2025-10-04,S08,P024,11,473.37,0
2025-10-04,S08,P025,4,417.38,0
2025-10-04,S08,P037,7,61.08,0
2025-10-04,S08,P041,4,178.15,0
2025-10-04,S08,P054,5,173.06,0
2025-10-04,S08,P057,3,122.16,5
2025-10-04,S08,P066,1,351.21,0
2025-10-04,S08,P074,3,167.97,0
2025-10-04,S08,P076,30,152.7,0
2025-10-04,S08,P082,4,208.69,0
2025-10-04,S08,P088,4,234.14,0
2025-10-04,S08,P099,4,35.63,0
2025-10-04,S08,P100,4,178.15,0
2025-10-04,S08,P112,6,127.25,0
2025-10-04,S08,P116,13,371.57,0
2025-10-05,S01,P024,7,473.37,0
2025-10-05,S01,P025,4,417.38,0
2025-10-05,S01,P037,8,61.08,0
2025-10-05,S01,P041,8,178.15,0
2025-10-05,S01,P054,4,173.06,0
2025-10-05,S01,P057,8,122.16,0
2025-10-05,S01,P066,4,351.21,0
2025-10-05,S01,P074,1,167.97,0
2025-10-05,S01,P076,0,152.7,0
2025-10-05,S01,P082,4,208.69,0
2025-10-05,S01,P088,5,234.14,0
2025-10-05,S01,P099,0,35.63,0
2025-10-05,S01,P100,1,178.15,0
2025-10-05,S01,P112,10,127.25,0
2025-10-05,S01,P116,5,371.57,0
2025-10-05,S02,P024,4,473.37,0
2025-10-05,S02,P025,4,417.38,15
2025-10-05,S02,P037,6,61.08,0
2025-10-05,S02,P041,2,178.15,0
2025-10-05,S02,P054,3,173.06,0
2025-10-05,S02,P057,3,122.16,0
2025-10-05,S02,P066,0,351.21,0
2025-10-05,S02,P074,6,167.97,0
2025-10-05,S02,P076,7,152.7,0
2025-10-05,S02,P082,2,208.69,0
2025-10-05,S02,P088,4,234.14,0
2025-10-05,S02,P099,6,35.63,0
2025-10-05,S02,P100,2,178.15,0
2025-10-05,S02,P112,4,127.25,0
2025-10-05,S02,P116,9,371.57,10
2025-10-05,S05,P024,10,473.37,0
2025-10-05,S05,P025,3,417.38,0
2025-10-05,S05,P037,5,61.08,0
2025-10-05,S05,P041,6,178.15,0
2025-10-05,S05,P054,3,173.06,0
2025-10-05,S05,P057,7,122.16,0
2025-10-05,S05,P066,6,351.21,0
2025-10-05,S05,P074,4,167.97,0
2025-10-05,S05,P076,19,152.7,0
2025-10-05,S05,P082,4,208.69,0
2025-10-05,S05,P088,8,234.14,0
2025-10-05,S05,P099,0,35.63,0
2025-10-05,S05,P100,3,178.15,0
2025-10-05,S05,P112,9,127.25,0
2025-10-05,S05,P116,10,371.57,0
2025-10-05,S06,P024,9,473.37,0
2025-10-05,S06,P025,2,417.38,0
2025-10-05,S06,P037,5,61.08,0
2025-10-05,S06,P041,0,178.15,0
2025-10-05,S06,P054,1,173.06,0
2025-10-05,S06,P057,5,122.16,0
2025-10-05,S06,P066,1,351.21,0
2025-10-05,S06,P074,3,167.97,10
2025-10-05,S06,P076,7,152.7,0
2025-10-05,S06,P082,4,208.69,0
2025-10-05,S06,P088,3,234.14,0
2025-10-05,S06,P099,0,35.63,0
2025-10-05,S06,P100,3,178.15,0
2025-10-05,S06,P112,2,127.25,0
2025-10-05,S06,P116,5,371.57,0
2025-10-05,S08,P024,9,473.37,0
2025-10-05,S08,P025,5,417.38,0
2025-10-05,S08,P037,4,61.08,0
2025-10-05,S08,P041,4,178.15,0
2025-10-05,S08,P054,2,173.06,0
2025-10-05,S08,P057,6,122.16,0
2025-10-05,S08,P066,5,351.21,0
2025-10-05,S08,P074,4,167.97,5
2025-10-05,S08,P076,27,152.7,0
2025-10-05,S08,P082,2,208.69,0
2025-10-05,S08,P088,9,234.14,0
2025-10-05,S08,P099,10,35.63,25
2025-10-05,S08,P100,5,178.15,0
2025-10-05,S08,P112,7,127.25,0
2025-10-05,S08,P116,11,371.57,0
2025-10-06,S01,P024,8,473.37,0
2025-10-06,S01,P025,1,417.38,0
2025-10-06,S01,P037,2,61.08,0
2025-10-06,S01,P041,7,178.15,0
2025-10-06,S01,P054,1,173.06,0
2025-10-06,S01,P057,4,122.16,0
2025-10-06,S01,P066,3,351.21,0
2025-10-06,S01,P074,2,167.97,0
2025-10-06,S01,P076,0,152.7,0
2025-10-06,S01,P082,2,208.69,0
2025-10-06,S01,P088,4,234.14,0
2025-10-06,S01,P099,4,35.63,0
2025-10-06,S01,P100,6,178.15,0
2025-10-06,S01,P112,4,127.25,0
2025-10-06,S01,P116,12,371.57,0
2025-10-06,S02,P024,7,473.37,0
2025-10-06,S02,P025,3,417.38,0
2025-10-06,S02,P037,2,61.08,0
2025-10-06,S02,P041,4,178.15,0
2025-10-06,S02,P054,1,173.06,0
2025-10-06,S02,P057,4,122.16,0
2025-10-06,S02,P066,0,351.21,0
2025-10-06,S02,P074,2,167.97,0
2025-10-06,S02,P076,8,152.7,0
2025-10-06,S02,P082,2,208.69,0
2025-10-06,S02,P088,5,234.14,0
2025-10-06,S02,P099,2,35.63,0
2025-10-06,S02,P100,2,178.15,0
2025-10-06,S02,P112,3,127.25,0
2025-10-06,S02,P116,0,371.57,0
2025-10-06,S05,P024,4,473.37,0
2025-10-06,S05,P025,3,417.38,0
2025-10-06,S05,P037,11,61.08,0
2025-10-06,S05,P041,5,178.15,0
2025-10-06,S05,P054,2,173.06,0
2025-10-06,S05,P057,6,122.16,0
2025-10-06,S05,P066,0,351.21,0
2025-10-06,S05,P074,8,167.97,0
2025-10-06,S05,P076,13,152.7,0
2025-10-06,S05,P082,4,208.69,0
2025-10-06,S05,P088,3,234.14,0
2025-10-06,S05,P099,5,35.63,0
2025-10-06,S05,P100,1,178.15,0
2025-10-06,S05,P112,7,127.25,0
2025-10-06,S05,P116,8,371.57,0
2025-10-06,S06,P024,7,473.37,0
2025-10-06,S06,P025,1,417.38,0
2025-10-06,S06,P037,4,61.08,0
2025-10-06,S06,P041,0,178.15,0
2025-10-06,S06,P054,1,173.06,0
2025-10-06,S06,P057,1,122.16,0
2025-10-06,S06,P066,2,351.21,0
2025-10-06,S06,P074,1,167.97,0
2025-10-06,S06,P076,9,152.7,0
2025-10-06,S06,P082,3,208.69,0
2025-10-06,S06,P088,4,234.14,0
2025-10-06,S06,P099,0,35.63,0
2025-10-06,S06,P100,3,178.15,15
2025-10-06,S06,P112,5,127.25,0
2025-10-06,S06,P116,6,371.57,0
2025-10-06,S08,P024,3,473.37,0
2025-10-06,S08,P025,2,417.38,0
2025-10-06,S08,P037,2,61.08,0
2025-10-06,S08,P041,6,178.15,0
2025-10-06,S08,P054,4,173.06,0
2025-10-06,S08,P057,5,122.16,0
2025-10-06,S08,P066,2,351.21,0
2025-10-06,S08,P074,2,167.97,0
2025-10-06,S08,P076,15,152.7,0
2025-10-06,S08,P082,2,208.69,0
2025-10-06,S08,P088,3,234.14,0
2025-10-06,S08,P099,2,35.63,0
2025-10-06,S08,P100,3,178.15,0
2025-10-06,S08,P112,5,127.25,0
2025-10-06,S08,P116,11,371.57,0
2025-10-07,S01,P024,4,473.37,0
2025-10-07,S01,P025,5,417.38,
2025-10-07,S01,P037,0,61.08,0
2025-10-07,S01,P041,4,178.15,0
2025-10-07,S01,P054,3,173.06,0
2025-10-07,S01,P057,4,122.16,0
2025-10-07,S01,P066,3,351.21,0
2025-10-07,S01,P074,2,167.97,0
2025-10-07,S01,P076,18,152.7,0
2025-10-07,S01,P082,5,208.69,0
2025-10-07,S01,P088,4,234.14,0
2025-10-07,S01,P099,2,35.63,0
2025-10-07,S01,P100,3,178.15,0
2025-10-07,S01,P112,8,127.25,0
2025-10-07,S01,P116,3,371.57,0
2025-10-07,S02,P024,3,473.37,0
2025-10-07,S02,P025,1,417.38,0
2025-10-07,S02,P037,1,61.08,0
2025-10-07,S02,P041,3,178.15,0
2025-10-07,S02,P054,1,173.06,0
2025-10-07,S02,P057,2,122.16,0
2025-10-07,S02,P066,3,351.21,0
2025-10-07,S02,P074,1,167.97,0
2025-10-07,S02,P076,9,152.7,0
2025-10-07,S02,P082,0,208.69,0
2025-10-07,S02,P088,1,234.14,0
2025-10-07,S02,P099,4,,0
2025-10-07,S02,P100,2,178.15,0
2025-10-07,S02,P112,0,127.25,0
2025-10-07,S02,P116,0,371.57,0
2025-10-07,S05,P024,16,473.37,20
2025-10-07,S05,P025,0,417.38,0
2025-10-07,S05,P037,2,61.08,0
2025-10-07,S05,P041,8,178.15,0
2025-10-07,S05,P054,3,173.06,0
2025-10-07,S05,P057,4,122.16,0
2025-10-07,S05,P066,0,351.21,0
2025-10-07,S05,P074,2,167.97,0
2025-10-07,S05,P076,11,152.7,0
2025-10-07,S05,P082,2,208.69,0
2025-10-07,S05,P088,4,234.14,0
2025-10-07,S05,P099,3,35.63,15
2025-10-07,S05,P100,1,178.15,0
2025-10-07,S05,P112,5,127.25,0
2025-10-07,S05,P116,7,371.57,0
2025-10-07,S06,P024,4,473.37,0
2025-10-07,S06,P025,0,417.38,0
2025-10-07,S06,P037,1,61.08,0
2025-10-07,S06,P041,0,178.15,0
2025-10-07,S06,P054,0,173.06,0
2025-10-07,S06,P057,2,122.16,0
2025-10-07,S06,P066,5,351.21,5
2025-10-07,S06,P074,3,167.97,0
2025-10-07,S06,P076,9,152.7,0
2025-10-07,S06,P082,1,208.69,0
2025-10-07,S06,P088,1,234.14,0
2025-10-07,S06,P099,0,35.63,0
2025-10-07,S06,P100,2,178.15,0
2025-10-07,S06,P112,7,127.25,0
2025-10-07,S06,P116,0,371.57,0
2025-10-07,S08,P024,5,473.37,0
2025-10-07,S08,P025,4,417.38,0
2025-10-07,S08,P037,6,61.08,0
2025-10-07,S08,P041,3,178.15,0
2025-10-07,S08,P054,2,173.06,0
2025-10-07,S08,P057,3,122.16,0
2025-10-07,S08,P066,4,351.21,20
2025-10-07,S08,P074,5,167.97,0
2025-10-07,S08,P076,14,152.7,0
2025-10-07,S08,P082,5,208.69,0
2025-10-07,S08,P088,4,234.14,0
2025-10-07,S08,P099,5,35.63,0
2025-10-07,S08,P100,2,178.15,0
2025-10-07,S08,P112,4,127.25,0
2025-10-07,S08,P116,5,371.57,0
2025-10-08,S01,P024,8,473.37,0
2025-10-08,S01,P025,2,417.38,0
2025-10-08,S01,P037,3,61.08,0
2025-10-08,S01,P041,7,178.15,0
2025-10-08,S01,P054,3,173.06,0
2025-10-08,S01,P057,3,122.16,0
2025-10-08,S01,P066,8,351.21,25
2025-10-08,S01,P074,2,167.97,0
2025-10-08,S01,P076,15,152.7,0
2025-10-08,S01,P082,2,208.69,0
2025-10-08,S01,P088,4,234.14,0
2025-10-08,S01,P099,6,35.63,0
2025-10-08,S01,P100,5,178.15,0
2025-10-08,S01,P112,6,127.25,0
2025-10-08,S01,P116,0,371.57,0
2025-10-08,S02,P024,5,473.37,0
2025-10-08,S02,P025,3,417.38,0
2025-10-08,S02,P037,5,61.08,0
2025-10-08,S02,P041,3,178.15,0
2025-10-08,S02,P054,4,173.06,0
2025-10-08,S02,P057,0,122.16,0
2025-10-08,S02,P066,2,351.21,0
2025-10-08,S02,P074,1,167.97,0
2025-10-08,S02,P076,5,152.7,0
2025-10-08,S02,P082,0,208.69,20
2025-10-08,S02,P088,1,234.14,0
2025-10-08,S02,P099,2,35.63,0
2025-10-08,S02,P100,1,178.15,0
2025-10-08,S02,P112,3,127.25,0
2025-10-08,S02,P116,7,371.57,0
2025-10-08,S05,P024,8,473.37,0
2025-10-08,S05,P025,1,417.38,0
2025-10-08,S05,P037,7,61.08,0
2025-10-08,S05,P041,5,178.15,0
2025-10-08,S05,P054,3,173.06,0
2025-10-08,S05,P057,6,122.16,0
2025-10-08,S05,P066,0,351.21,0
2025-10-08,S05,P074,3,167.97,0
2025-10-08,S05,P076,10,152.7,0
2025-10-08,S05,P082,2,208.69,0
2025-10-08,S05,P088,1,234.14,0
2025-10-08,S05,P099,4,35.63,0
2025-10-08,S05,P100,3,178.15,0
2025-10-08,S05,P112,5,127.25,0
2025-10-08,S05,P116,3,371.57,0
2025-10-08,S06,P024,4,473.37,0
2025-10-08,S06,P025,4,417.38,0
2025-10-08,S06,P037,0,61.08,0
2025-10-08,S06,P041,0,178.15,0
2025-10-08,S06,P054,2,173.06,0
2025-10-08,S06,P057,2,122.16,0
2025-10-08,S06,P066,0,351.21,0
2025-10-08,S06,P074,1,167.97,0
2025-10-08,S06,P076,5,152.7,0
2025-10-08,S06,P082,0,208.69,0
2025-10-08,S06,P088,3,234.14,0
2025-10-08,S06,P099,0,35.63,0
2025-10-08,S06,P100,2,178.15,0
2025-10-08,S06,P112,5,127.25,0
2025-10-08,S06,P116,2,371.57,0
2025-10-08,S08,P024,4,473.37,0
2025-10-08,S08,P025,2,417.38,0
2025-10-08,S08,P037,2,61.08,0
2025-10-08,S08,P041,5,178.15,0
2025-10-08,S08,P054,2,173.06,0
2025-10-08,S08,P057,2,122.16,0
2025-10-08,S08,P066,4,351.21,0
2025-10-08,S08,P074,1,167.97,0
2025-10-08,S08,P076,0,152.7,0
2025-10-08,S08,P082,3,208.69,0
2025-10-08,S08,P088,6,234.14,0
2025-10-08,S08,P099,4,35.63,0
2025-10-08,S08,P100,0,178.15,0
2025-10-08,S08,P112,10,127.25,0
2025-10-08,S08,P116,5,371.57,0
2025-10-09,S01,P024,7,473.37,0
2025-10-09,S01,P025,2,417.38,0
2025-10-09,S01,P037,6,61.08,0
2025-10-09,S01,P041,3,178.15,0
2025-10-09,S01,P054,4,173.06,0
2025-10-09,S01,P057,5,122.16,0
2025-10-09,S01,P066,2,351.21,0
2025-10-09,S01,P074,2,167.97,0
2025-10-09,S01,P076,22,152.7,0
2025-10-09,S01,P082,2,208.69,0
2025-10-09,S01,P088,0,234.14,0
2025-10-09,S01,P099,4,35.63,0
2025-10-09,S01,P100,3,178.15,0
2025-10-09,S01,P112,12,127.25,0
2025-10-09,S01,P116,0,371.57,0
2025-10-09,S02,P024,6,473.37,0
2025-10-09,S02,P025,2,417.38,0
2025-10-09,S02,P037,2,61.08,5
2025-10-09,S02,P041,3,178.15,0
2025-10-09,S02,P054,1,173.06,0
2025-10-09,S02,P057,0,122.16,0
2025-10-09,S02,P066,0,351.21,0
2025-10-09,S02,P074,4,167.97,0
2025-10-09,S02,P076,4,152.7,0
2025-10-09,S02,P082,0,208.69,0
2025-10-09,S02,P088,2,234.14,0
2025-10-09,S02,P099,0,35.63,0
2025-10-09,S02,P100,5,178.15,0
2025-10-09,S02,P112,1,127.25,0
2025-10-09,S02,P116,5,371.57,0
2025-10-09,S05,P024,7,473.37,0
2025-10-09,S05,P025,2,417.38,0
2025-10-09,S05,P037,9,61.08,0
2025-10-09,S05,P041,7,178.15,0
2025-10-09,S05,P054,2,173.06,0
2025-10-09,S05,P057,4,122.16,0
2025-10-09,S05,P066,0,351.21,0
2025-10-09,S05,P074,5,167.97,0
2025-10-09,S05,P076,10,152.7,0
2025-10-09,S05,P082,3,208.69,0
2025-10-09,S05,P088,7,234.14,0
2025-10-09,S05,P099,9,35.63,0
2025-10-09,S05,P100,3,178.15,0
2025-10-09,S05,P112,3,127.25,0
2025-10-09,S05,P116,8,371.57,0
2025-10-09,S06,P024,0,473.37,0
2025-10-09,S06,P025,0,417.38,0
2025-10-09,S06,P037,4,61.08,15
2025-10-09,S06,P041,0,178.15,0
2025-10-09,S06,P054,0,173.06,0
2025-10-09,S06,P057,3,122.16,0
2025-10-09,S06,P066,0,351.21,0
2025-10-09,S06,P074,4,167.97,0
2025-10-09,S06,P076,5,152.7,0
2025-10-09,S06,P082,3,208.69,0
2025-10-09,S06,P088,1,234.14,0
2025-10-09,S06,P099,0,35.63,0
2025-10-09,S06,P100,1,178.15,0
2025-10-09,S06,P112,1,127.25,0
2025-10-09,S06,P116,6,371.57,0
2025-10-09,S08,P024,6,473.37,0
2025-10-09,S08,P025,3,417.38,0
2025-10-09,S08,P037,12,61.08,0
2025-10-09,S08,P041,6,178.15,0
2025-10-09,S08,P054,0,173.06,0
2025-10-09,S08,P057,4,122.16,0
2025-10-09,S08,P066,0,351.21,0
2025-10-09,S08,P074,6,167.97,0
2025-10-09,S08,P076,0,152.7,0
2025-10-09,S08,P082,4,208.69,0
2025-10-09,S08,P088,3,234.14,0
2025-10-09,S08,P099,6,35.63,0
2025-10-09,S08,P100,8,178.15,0
2025-10-09,S08,P112,7,127.25,0
2025-10-09,S08,P116,7,371.57,0
2025-10-10,S01,P024,3,473.37,0
2025-10-10,S01,P025,3,417.38,0
2025-10-10,S01,P037,10,61.08,0
2025-10-10,S01,P041,6,178.15,0
2025-10-10,S01,P054,7,173.06,0
2025-10-10,S01,P057,4,122.16,0
2025-10-10,S01,P066,1,351.21,0
2025-10-10,S01,P074,2,167.97,0
2025-10-10,S01,P076,19,152.7,0
2025-10-10,S01,P082,0,208.69,0
2025-10-10,S01,P088,0,234.14,0
2025-10-10,S01,P099,6,35.63,0
2025-10-10,S01,P100,3,178.15,0
2025-10-10,S01,P112,4,127.25,0
2025-10-10,S01,P116,16,371.57,0
2025-10-10,S02,P024,9,473.37,0
2025-10-10,S02,P025,2,417.38,0
2025-10-10,S02,P037,2,61.08,0
2025-10-10,S02,P041,1,178.15,0
2025-10-10,S02,P054,6,173.06,0
2025-10-10,S02,P057,0,122.16,0
2025-10-10,S02,P066,3,351.21,0
2025-10-10,S02,P074,0,167.97,0
2025-10-10,S02,P076,11,152.7,0
2025-10-10,S02,P082,0,208.69,0
2025-10-10,S02,P088,4,234.14,0
2025-10-10,S02,P099,5,35.63,0
2025-10-10,S02,P100,4,178.15,15
2025-10-10,S02,P112,1,127.25,0
2025-10-10,S02,P116,4,371.57,0
2025-10-10,S05,P024,14,473.37,0
2025-10-10,S05,P025,2,417.38,0
2025-10-10,S05,P037,4,61.08,0
2025-10-10,S05,P041,2,178.15,0
2025-10-10,S05,P054,4,173.06,0
2025-10-10,S05,P057,4,122.16,0
2025-10-10,S05,P066,0,351.21,0
2025-10-10,S05,P074,4,167.97,0
2025-10-10,S05,P076,15,152.7,0
2025-10-10,S05,P082,2,208.69,0
2025-10-10,S05,P088,7,234.14,0
2025-10-10,S05,P099,3,35.63,0
2025-10-10,S05,P100,3,178.15,0
2025-10-10,S05,P112,10,127.25,0
2025-10-10,S05,P116,8,371.57,0
2025-10-10,S06,P024,0,473.37,0
2025-10-10,S06,P025,0,417.38,0
2025-10-10,S06,P037,0,61.08,0
2025-10-10,S06,P041,6,178.15,0
2025-10-10,S06,P054,1,173.06,0
2025-10-10,S06,P057,5,122.16,10
2025-10-10,S06,P066,0,351.21,0
2025-10-10,S06,P074,4,167.97,20
2025-10-10,S06,P076,8,152.7,0
2025-10-10,S06,P082,4,208.69,0
2025-10-10,S06,P088,2,234.14,0
2025-10-10,S06,P099,0,35.63,0
2025-10-10,S06,P100,2,178.15,0
2025-10-10,S06,P112,7,127.25,0
2025-10-10,S06,P116,4,371.57,0
2025-10-10,S08,P024,11,473.37,0
2025-10-10,S08,P025,2,417.38,0
2025-10-10,S08,P037,4,61.08,0
2025-10-10,S08,P041,2,178.15,0
2025-10-10,S08,P054,9,173.06,0
2025-10-10,S08,P057,7,122.16,0
2025-10-10,S08,P066,0,351.21,0
2025-10-10,S08,P074,7,167.97,0
2025-10-10,S08,P076,0,152.7,0
2025-10-10,S08,P082,6,208.69,0
2025-10-10,S08,P088,7,234.14,0
2025-10-10,S08,P099,6,35.63,0
2025-10-10,S08,P100,5,178.15,0
2025-10-10,S08,P112,7,127.25,0
2025-10-10,S08,P116,4,371.57,0
2025-10-11,S01,P024,15,473.37,0
2025-10-11,S01,P025,2,417.38,0
2025-10-11,S01,P037,9,61.08,0
2025-10-11,S01,P041,5,178.15,0
2025-10-11,S01,P054,2,173.06,0
2025-10-11,S01,P057,15,122.16,0
2025-10-11,S01,P066,2,351.21,0
2025-10-11,S01,P074,2,167.97,0
2025-10-11,S01,P076,28,152.7,0
2025-10-11,S01,P082,0,208.69,0
2025-10-11,S01,P088,6,234.14,0
2025-10-11,S01,P099,6,35.63,0
2025-10-11,S01,P100,6,178.15,0
2025-10-11,S01,P112,7,127.25,0
2025-10-11,S01,P116,10,371.57,0
2025-10-11,S02,P024,3,473.37,0
2025-10-11,S02,P025,1,417.38,0
2025-10-11,S02,P037,4,61.08,20
2025-10-11,S02,P041,6,178.15,0
2025-10-11,S02,P054,6,173.06,0
2025-10-11,S02,P057,7,122.16,0
2025-10-11,S02,P066,3,351.21,0
2025-10-11,S02,P074,2,167.97,0
2025-10-11,S02,P076,12,152.7,0
2025-10-11,S02,P082,5,208.69,0
2025-10-11,S02,P088,3,234.14,0
2025-10-11,S02,P099,4,35.63,0
2025-10-11,S02,P100,5,178.15,0
2025-10-11,S02,P112,4,127.25,0
2025-10-11,S02,P116,14,371.57,0
2025-10-11,S05,P024,11,473.37,0
2025-10-11,S05,P025,3,417.38,0
2025-10-11,S05,P037,9,61.08,0
2025-10-11,S05,P041,0,178.15,0
2025-10-11,S05,P054,7,173.06,0
2025-10-11,S05,P057,14,122.16,0
2025-10-11,S05,P066,0,351.21,0
2025-10-11,S05,P074,6,167.97,0
2025-10-11,S05,P076,25,152.7,0
2025-10-11,S05,P082,3,208.69,0
2025-10-11,S05,P088,5,234.14,0
2025-10-11,S05,P099,4,35.63,0
2025-10-11,S05,P100,2,178.15,0
2025-10-11,S05,P112,3,127.25,0
2025-10-11,S05,P116,10,371.57,0
2025-10-11,S06,P024,9,473.37,0
2025-10-11,S06,P025,4,417.38,0
2025-10-11,S06,P037,2,61.08,0
2025-10-11,S06,P041,6,178.15,0
2025-10-11,S06,P054,2,173.06,0
2025-10-11,S06,P057,0,122.16,0
2025-10-11,S06,P066,0,351.21,0
2025-10-11,S06,P074,0,167.97,0
2025-10-11,S06,P076,11,152.7,0
2025-10-11,S06,P082,3,208.69,0
2025-10-11,S06,P088,2,234.14,0
2025-10-11,S06,P099,4,35.63,0
2025-10-11,S06,P100,3,178.15,0
2025-10-11,S06,P112,4,127.25,0
2025-10-11,S06,P116,5,371.57,0
2025-10-11,S08,P024,12,473.37,0
2025-10-11,S08,P025,7,417.38,0
2025-10-11,S08,P037,6,61.08,0
2025-10-11,S08,P041,4,178.15,0
2025-10-11,S08,P054,6,173.06,0
2025-10-11,S08,P057,8,122.16,0
2025-10-11,S08,P066,0,351.21,0
2025-10-11,S08,P074,4,167.97,0
2025-10-11,S08,P076,0,152.7,0
2025-10-11,S08,P082,6,208.69,0
2025-10-11,S08,P088,6,234.14,0
2025-10-11,S08,P099,0,35.63,20
2025-10-11,S08,P100,6,178.15,0
2025-10-11,S08,P112,12,127.25,0
2025-10-11,S08,P116,20,,0
2025-10-12,S01,P024,10,473.37,0
2025-10-12,S01,P025,3,417.38,0
2025-10-12,S01,P037,8,61.08,0
2025-10-12,S01,P041,0,178.15,0
2025-10-12,S01,P054,11,173.06,0
2025-10-12,S01,P057,9,122.16,0
2025-10-12,S01,P066,6,351.21,0
2025-10-12,S01,P074,1,167.97,0
2025-10-12,S01,P076,33,152.7,0
2025-10-12,S01,P082,0,208.69,0
2025-10-12,S01,P088,8,234.14,0
2025-10-12,S01,P099,8,35.63,0
2025-10-12,S01,P100,5,178.15,0
2025-10-12,S01,P112,9,127.25,0
2025-10-12,S01,P116,20,371.57,25
2025-10-12,S02,P024,7,473.37,0
2025-10-12,S02,P025,3,417.38,0
2025-10-12,S02,P037,7,61.08,0
2025-10-12,S02,P041,4,178.15,5
2025-10-12,S02,P054,4,173.06,0
2025-10-12,S02,P057,11,122.16,0
2025-10-12,S02,P066,1,351.21,0
2025-10-12,S02,P074,2,167.97,0
2025-10-12,S02,P076,10,152.7,0
2025-10-12,S02,P082,3,208.69,0
2025-10-12,S02,P088,4,234.14,0
2025-10-12,S02,P099,2,35.63,5
2025-10-12,S02,P100,1,178.15,0
2025-10-12,S02,P112,6,127.25,0
2025-10-12,S02,P116,7,371.57,25
2025-10-12,S05,P024,9,473.37,0
2025-10-12,S05,P025,0,417.38,0
2025-10-12,S05,P037,9,61.08,0
2025-10-12,S05,P041,0,178.15,0
2025-10-12,S05,P054,5,173.06,0
2025-10-12,S05,P057,8,122.16,0
2025-10-12,S05,P066,0,351.21,0
2025-10-12,S05,P074,5,167.97,0
2025-10-12,S05,P076,20,152.7,0
2025-10-12,S05,P082,5,208.69,0
2025-10-12,S05,P088,12,234.14,0
2025-10-12,S05,P099,1,35.63,0
2025-10-12,S05,P100,8,178.15,0
2025-10-12,S05,P112,7,127.25,0
2025-10-12,S05,P116,15,371.57,0
2025-10-12,S06,P024,12,473.37,0
2025-10-12,S06,P025,0,417.38,0
2025-10-12,S06,P037,4,61.08,0
2025-10-12,S06,P041,4,178.15,0
2025-10-12,S06,P054,2,173.06,0
2025-10-12,S06,P057,0,122.16,0
2025-10-12,S06,P066,0,351.21,0
2025-10-12,S06,P074,2,167.97,0
2025-10-12,S06,P076,13,152.7,0
2025-10-12,S06,P082,1,208.69,0
2025-10-12,S06,P088,6,234.14,0
2025-10-12,S06,P099,6,35.63,0
2025-10-12,S06,P100,5,178.15,0
2025-10-12,S06,P112,2,127.25,0
2025-10-12,S06,P116,4,371.57,0
2025-10-12,S08,P024,7,473.37,0
2025-10-12,S08,P025,3,417.38,0
2025-10-12,S08,P037,7,61.08,0
2025-10-12,S08,P041,4,178.15,0
2025-10-12,S08,P054,4,173.06,0
2025-10-12,S08,P057,10,122.16,0
2025-10-12,S08,P066,0,351.21,0
2025-10-12,S08,P074,7,167.97,0
2025-10-12,S08,P076,26,152.7,0
2025-10-12,S08,P082,6,208.69,0
2025-10-12,S08,P088,5,234.14,0
2025-10-12,S08,P099,0,35.63,10
2025-10-12,S08,P100,12,178.15,0
2025-10-12,S08,P112,8,127.25,0
2025-10-12,S08,P116,10,371.57,0
2025-10-13,S01,P024,2,473.37,0
2025-10-13,S01,P025,2,417.38,0
2025-10-13,S01,P037,4,61.08,0
2025-10-13,S01,P041,0,178.15,0
2025-10-13,S01,P054,1,173.06,0
2025-10-13,S01,P057,5,122.16,20
2025-10-13,S01,P066,0,351.21,0
2025-10-13,S01,P074,2,167.97,0
2025-10-13,S01,P076,15,152.7,0
2025-10-13,S01,P082,0,208.69,0
2025-10-13,S01,P088,4,234.14,0
2025-10-13,S01,P099,6,35.63,0
2025-10-13,S01,P100,1,178.15,5
2025-10-13,S01,P112,5,127.25,0
2025-10-13,S01,P116,1,371.57,0
2025-10-13,S02,P024,7,473.37,0
2025-10-13,S02,P025,2,417.38,0
2025-10-13,S02,P037,3,61.08,0
2025-10-13,S02,P041,2,178.15,0
2025-10-13,S02,P054,1,173.06,0
2025-10-13,S02,P057,1,122.16,0
2025-10-13,S02,P066,2,351.21,0
2025-10-13,S02,P074,3,167.97,0
2025-10-13,S02,P076,7,152.7,0
2025-10-13,S02,P082,1,208.69,0
2025-10-13,S02,P088,1,234.14,5
2025-10-13,S02,P099,1,35.63,0
2025-10-13,S02,P100,5,178.15,0
2025-10-13,S02,P112,4,127.25,0
2025-10-13,S02,P116,3,371.57,0
2025-10-13,S05,P024,9,473.37,0
2025-10-13,S05,P025,3,417.38,0
2025-10-13,S05,P037,5,61.08,0
2025-10-13,S05,P041,0,178.15,0
2025-10-13,S05,P054,2,173.06,0
2025-10-13,S05,P057,6,122.16,0
2025-10-13,S05,P066,0,351.21,0
2025-10-13,S05,P074,2,167.97,0
2025-10-13,S05,P076,4,152.7,0
2025-10-13,S05,P082,3,208.69,0
2025-10-13,S05,P088,8,234.14,25
2025-10-13,S05,P099,7,35.63,0
2025-10-13,S05,P100,2,178.15,0
2025-10-13,S05,P112,2,127.25,0
2025-10-13,S05,P116,2,371.57,0
2025-10-13,S06,P024,8,473.37,15
2025-10-13,S06,P025,0,417.38,0
2025-10-13,S06,P037,4,61.08,0
2025-10-13,S06,P041,4,178.15,0
2025-10-13,S06,P054,1,173.06,0
2025-10-13,S06,P057,0,122.16,0
2025-10-13,S06,P066,0,351.21,0
2025-10-13,S06,P074,0,167.97,0
2025-10-13,S06,P076,5,152.7,0
2025-10-13,S06,P082,1,208.69,0
2025-10-13,S06,P088,1,234.14,0
2025-10-13,S06,P099,0,35.63,0
2025-10-13,S06,P100,4,178.15,0
2025-10-13,S06,P112,5,127.25,0
2025-10-13,S06,P116,7,371.57,0
2025-10-13,S08,P024,6,473.37,0
2025-10-13,S08,P025,2,417.38,0
2025-10-13,S08,P037,4,61.08,0
2025-10-13,S08,P041,2,178.15,0
2025-10-13,S08,P054,8,173.06,0
2025-10-13,S08,P057,3,122.16,0
2025-10-13,S08,P066,0,351.21,0
2025-10-13,S08,P074,3,167.97,0
2025-10-13,S08,P076,16,152.7,0
2025-10-13,S08,P082,5,208.69,0
2025-10-13,S08,P088,2,234.14,0
2025-10-13,S08,P099,0,35.63,0
2025-10-13,S08,P100,2,178.15,0
2025-10-13,S08,P112,5,127.25,0
2025-10-13,S08,P116,2,371.57,0
2025-10-14,S01,P024,5,473.37,0
2025-10-14,S01,P025,3,417.38,0
2025-10-14,S01,P037,4,61.08,0
2025-10-14,S01,P041,3,178.15,0
2025-10-14,S01,P054,2,173.06,0
2025-10-14,S01,P057,7,122.16,0
2025-10-14,S01,P066,1,351.21,0
2025-10-14,S01,P074,7,167.97,0
2025-10-14,S01,P076,14,152.7,0
2025-10-14,S01,P082,2,208.69,0
2025-10-14,S01,P088,5,234.14,0
2025-10-14,S01,P099,0,35.63,0
2025-10-14,S01,P100,1,178.15,0
2025-10-14,S01,P112,6,127.25,0
2025-10-14,S01,P116,6,371.57,0
2025-10-14,S02,P024,6,473.37,0
2025-10-14,S02,P025,2,417.38,15
2025-10-14,S02,P037,3,61.08,0
2025-10-14,S02,P041,0,178.15,0
2025-10-14,S02,P054,1,173.06,0
2025-10-14,S02,P057,3,122.16,0
2025-10-14,S02,P066,2,351.21,0
2025-10-14,S02,P074,1,167.97,0
2025-10-14,S02,P076,10,152.7,0
2025-10-14,S02,P082,0,208.69,0
2025-10-14,S02,P088,2,234.14,0
2025-10-14,S02,P099,0,35.63,0
2025-10-14,S02,P100,4,178.15,0
2025-10-14,S02,P112,2,127.25,0
2025-10-14,S02,P116,5,371.57,0
2025-10-14,S05,P024,14,473.37,25
2025-10-14,S05,P025,0,417.38,0
2025-10-14,S05,P037,5,61.08,0
2025-10-14,S05,P041,0,178.15,0
2025-10-14,S05,P054,4,173.06,0
2025-10-14,S05,P057,6,122.16,0
2025-10-14,S05,P066,0,351.21,0
2025-10-14,S05,P074,4,167.97,0
2025-10-14,S05,P076,0,152.7,0
2025-10-14,S05,P082,1,208.69,5
2025-10-14,S05,P088,6,234.14,0
2025-10-14,S05,P099,2,35.63,0
2025-10-14,S05,P100,3,178.15,0
2025-10-14,S05,P112,6,127.25,0
2025-10-14,S05,P116,0,371.57,0
2025-10-14,S06,P024,6,473.37,0
2025-10-14,S06,P025,1,417.38,0
2025-10-14,S06,P037,0,61.08,0
2025-10-14,S06,P041,4,178.15,0
2025-10-14,S06,P054,0,173.06,0
2025-10-14,S06,P057,0,122.16,0
2025-10-14,S06,P066,0,351.21,0
2025-10-14,S06,P074,4,167.97,0
2025-10-14,S06,P076,11,152.7,0
2025-10-14,S06,P082,2,208.69,0
2025-10-14,S06,P088,3,234.14,0
2025-10-14,S06,P099,0,35.63,0
2025-10-14,S06,P100,0,178.15,0
2025-10-14,S06,P112,4,127.25,0
2025-10-14,S06,P116,5,371.57,0
2025-10-14,S08,P024,8,473.37,0
2025-10-14,S08,P025,0,417.38,0
2025-10-14,S08,P037,9,61.08,0
2025-10-14,S08,P041,0,178.15,0
2025-10-14,S08,P054,4,173.06,0
2025-10-14,S08,P057,4,122.16,0
2025-10-14,S08,P066,0,351.21,0
2025-10-14,S08,P074,2,167.97,0
2025-10-14,S08,P076,17,152.7,0
2025-10-14,S08,P082,3,208.69,0
2025-10-14,S08,P088,4,234.14,0
2025-10-14,S08,P099,0,35.63,0
2025-10-14,S08,P100,3,178.15,0
2025-10-14,S08,P112,4,127.25,0
2025-10-14,S08,P116,7,371.57,0
2025-10-15,S01,P024,5,473.37,0
2025-10-15,S01,P025,5,417.38,0
2025-10-15,S01,P037,8,61.08,0
2025-10-15,S01,P041,5,178.15,0
2025-10-15,S01,P054,4,173.06,0
2025-10-15,S01,P057,9,122.16,0
2025-10-15,S01,P066,4,351.21,20
2025-10-15,S01,P074,3,167.97,0
2025-10-15,S01,P076,12,152.7,0
2025-10-15,S01,P082,6,208.69,0
2025-10-15,S01,P088,4,234.14,0
2025-10-15,S01,P099,0,35.63,0
2025-10-15,S01,P100,11,178.15,0
2025-10-15,S01,P112,6,127.25,0
2025-10-15,S01,P116,9,371.57,0
2025-10-15,S02,P024,8,473.37,0
2025-10-15,S02,P025,1,417.38,0
2025-10-15,S02,P037,5,61.08,0
2025-10-15,S02,P041,0,178.15,0
2025-10-15,S02,P054,7,173.06,0
2025-10-15,S02,P057,1,122.16,0
2025-10-15,S02,P066,1,351.21,0
2025-10-15,S02,P074,0,167.97,0
2025-10-15,S02,P076,12,152.7,0
2025-10-15,S02,P082,3,208.69,0
2025-10-15,S02,P088,2,234.14,0
2025-10-15,S02,P099,1,35.63,0
2025-10-15,S02,P100,0,178.15,0
2025-10-15,S02,P112,6,127.25,0
2025-10-15,S02,P116,9,371.57,0
2025-10-15,S05,P024,13,473.37,0
2025-10-15,S05,P025,2,417.38,0
2025-10-15,S05,P037,3,61.08,0
2025-10-15,S05,P041,4,178.15,0
2025-10-15,S05,P054,9,173.06,0
2025-10-15,S05,P057,9,122.16,25
2025-10-15,S05,P066,0,351.21,0
2025-10-15,S05,P074,8,167.97,0
2025-10-15,S05,P076,0,152.7,0
2025-10-15,S05,P082,10,208.69,0
2025-10-15,S05,P088,5,234.14,0
2025-10-15,S05,P099,2,35.63,0
2025-10-15,S05,P100,2,178.15,0
2025-10-15,S05,P112,5,127.25,0
2025-10-15,S05,P116,0,371.57,0
2025-10-15,S06,P024,6,473.37,0
2025-10-15,S06,P025,0,417.38,0
2025-10-15,S06,P037,1,61.08,0
2025-10-15,S06,P041,5,178.15,0
2025-10-15,S06,P054,2,173.06,0
2025-10-15,S06,P057,0,122.16,0
2025-10-15,S06,P066,0,351.21,0
2025-10-15,S06,P074,4,167.97,0
2025-10-15,S06,P076,8,152.7,0
2025-10-15,S06,P082,2,208.69,0
2025-10-15,S06,P088,0,234.14,0
2025-10-15,S06,P099,5,35.63,0
2025-10-15,S06,P100,1,178.15,0
2025-10-15,S06,P112,3,127.25,0
2025-10-15,S06,P116,7,371.57,0
2025-10-15,S08,P024,7,473.37,5
2025-10-15,S08,P025,4,417.38,0
2025-10-15,S08,P037,4,61.08,0
2025-10-15,S08,P041,4,178.15,0
2025-10-15,S08,P054,5,173.06,0
2025-10-15,S08,P057,4,122.16,0
2025-10-15,S08,P066,0,351.21,0
2025-10-15,S08,P074,5,167.97,0
2025-10-15,S08,P076,18,152.7,0
2025-10-15,S08,P082,3,208.69,0
2025-10-15,S08,P088,2,234.14,0
2025-10-15,S08,P099,0,35.63,0
2025-10-15,S08,P100,6,178.15,0
2025-10-15,S08,P112,4,127.25,0
2025-10-15,S08,P116,6,371.57,0
2025-10-16,S01,P024,8,473.37,0
2025-10-16,S01,P025,5,417.38,25
2025-10-16,S01,P037,5,61.08,0
2025-10-16,S01,P041,9,178.15,10
2025-10-16,S01,P054,5,173.06,0
2025-10-16,S01,P057,8,122.16,5
2025-10-16,S01,P066,3,351.21,0
2025-10-16,S01,P074,3,167.97,0
2025-10-16,S01,P076,0,152.7,0
2025-10-16,S01,P082,6,208.69,0
2025-10-16,S01,P088,4,234.14,0
2025-10-16,S01,P099,0,35.63,0
2025-10-16,S01,P100,3,178.15,0
2025-10-16,S01,P112,4,127.25,0
2025-10-16,S01,P116,8,371.57,0
2025-10-16,S02,P024,10,473.37,0
2025-10-16,S02,P025,1,417.38,0
2025-10-16,S02,P037,6,61.08,0
2025-10-16,S02,P041,4,178.15,0
2025-10-16,S02,P054,0,173.06,0
2025-10-16,S02,P057,5,122.16,0
2025-10-16,S02,P066,1,351.21,0
2025-10-16,S02,P074,3,167.97,0
2025-10-16,S02,P076,10,152.7,0
2025-10-16,S02,P082,4,208.69,0
2025-10-16,S02,P088,2,234.14,0
2025-10-16,S02,P099,3,35.63,0
2025-10-16,S02,P100,3,178.15,0
2025-10-16,S02,P112,7,127.25,0
2025-10-16,S02,P116,6,371.57,0
2025-10-16,S05,P024,12,473.37,0
2025-10-16,S05,P025,1,417.38,0
2025-10-16,S05,P037,6,61.08,0
2025-10-16,S05,P041,5,178.15,0
2025-10-16,S05,P054,5,173.06,15
2025-10-16,S05,P057,3,122.16,0
2025-10-16,S05,P066,0,351.21,0
2025-10-16,S05,P074,7,167.97,0
2025-10-16,S05,P076,0,152.7,0
2025-10-16,S05,P082,5,208.69,0
2025-10-16,S05,P088,7,234.14,0
2025-10-16,S05,P099,1,35.63,0
2025-10-16,S05,P100,4,178.15,0
2025-10-16,S05,P112,5,127.25,0
2025-10-16,S05,P116,0,371.57,0
2025-10-16,S06,P024,3,473.37,0
2025-10-16,S06,P025,2,417.38,0
2025-10-16,S06,P037,4,61.08,0
2025-10-16,S06,P041,1,178.15,0
2025-10-16,S06,P054,3,173.06,0
2025-10-16,S06,P057,0,122.16,0
2025-10-16,S06,P066,0,351.21,0
2025-10-16,S06,P074,3,167.97,0
2025-10-16,S06,P076,10,152.7,0
2025-10-16,S06,P082,2,208.69,0
2025-10-16,S06,P088,3,234.14,0
2025-10-16,S06,P099,5,35.63,0
2025-10-16,S06,P100,0,178.15,0
2025-10-16,S06,P112,4,127.25,20
2025-10-16,S06,P116,4,371.57,0
2025-10-16,S08,P024,15,473.37,0
2025-10-16,S08,P025,6,417.38,5
2025-10-16,S08,P037,7,61.08,0
2025-10-16,S08,P041,3,178.15,0
2025-10-16,S08,P054,1,173.06,0
2025-10-16,S08,P057,7,122.16,0
2025-10-16,S08,P066,0,351.21,0
2025-10-16,S08,P074,3,167.97,0
2025-10-16,S08,P076,21,152.7,0
2025-10-16,S08,P082,5,208.69,0
2025-10-16,S08,P088,5,234.14,0
2025-10-16,S08,P099,6,35.63,0
2025-10-16,S08,P100,1,178.15,0
2025-10-16,S08,P112,12,127.25,0
2025-10-16,S08,P116,11,371.57,0
2025-10-17,S01,P024,12,473.37,0
2025-10-17,S01,P025,6,417.38,0
2025-10-17,S01,P037,5,61.08,0
2025-10-17,S01,P041,3,178.15,0
2025-10-17,S01,P054,6,173.06,0
2025-10-17,S01,P057,6,122.16,0
2025-10-17,S01,P066,4,351.21,0
2025-10-17,S01,P074,7,167.97,10
2025-10-17,S01,P076,0,152.7,0
2025-10-17,S01,P082,7,208.69,0
2025-10-17,S01,P088,5,234.14,0
2025-10-17,S01,P099,0,35.63,0
2025-10-17,S01,P100,5,178.15,0
2025-10-17,S01,P112,8,127.25,0
2025-10-17,S01,P116,10,371.57,0
2025-10-17,S02,P024,9,473.37,0
2025-10-17,S02,P025,2,417.38,0
2025-10-17,S02,P037,5,61.08,0
2025-10-17,S02,P041,5,178.15,0
2025-10-17,S02,P054,3,173.06,0
2025-10-17,S02,P057,4,122.16,0
2025-10-17,S02,P066,1,351.21,0
2025-10-17,S02,P074,2,167.97,0
2025-10-17,S02,P076,10,152.7,0
2025-10-17,S02,P082,0,208.69,0
2025-10-17,S02,P088,2,234.14,0
2025-10-17,S02,P099,4,35.63,0
2025-10-17,S02,P100,3,178.15,0
2025-10-17,S02,P112,4,127.25,0
2025-10-17,S02,P116,4,371.57,15
2025-10-17,S05,P024,9,473.37,0
2025-10-17,S05,P025,4,417.38,0
2025-10-17,S05,P037,5,61.08,0
2025-10-17,S05,P041,10,178.15,0
2025-10-17,S05,P054,3,173.06,0
2025-10-17,S05,P057,5,122.16,0
2025-10-17,S05,P066,1,351.21,0
2025-10-17,S05,P074,8,167.97,0
2025-10-17,S05,P076,0,152.7,0
2025-10-17,S05,P082,9,208.69,0
2025-10-17,S05,P088,5,234.14,0
2025-10-17,S05,P099,0,35.63,0
2025-10-17,S05,P100,6,178.15,0
2025-10-17,S05,P112,8,127.25,0
2025-10-17,S05,P116,11,371.57,0
2025-10-17,S06,P024,3,473.37,0
2025-10-17,S06,P025,1,417.38,0
2025-10-17,S06,P037,4,61.08,0
2025-10-17,S06,P041,2,178.15,0
2025-10-17,S06,P054,0,173.06,0
2025-10-17,S06,P057,0,122.16,0
2025-10-17,S06,P066,0,351.21,0
2025-10-17,S06,P074,3,167.97,0
2025-10-17,S06,P076,14,152.7,0
2025-10-17,S06,P082,4,208.69,0
2025-10-17,S06,P088,6,234.14,0
2025-10-17,S06,P099,4,35.63,0
2025-10-17,S06,P100,5,178.15,0
2025-10-17,S06,P112,5,127.25,0
2025-10-17,S06,P116,1,371.57,0
2025-10-17,S08,P024,10,473.37,0
2025-10-17,S08,P025,3,417.38,0
2025-10-17,S08,P037,7,61.08,0
2025-10-17,S08,P041,7,178.15,0
2025-10-17,S08,P054,4,173.06,0
2025-10-17,S08,P057,12,122.16,0
2025-10-17,S08,P066,0,351.21,0
2025-10-17,S08,P074,1,167.97,0
2025-10-17,S08,P076,27,152.7,5
2025-10-17,S08,P082,7,208.69,20
2025-10-17,S08,P088,9,234.14,0
2025-10-17,S08,P099,5,35.63,0
2025-10-17,S08,P100,5,178.15,0
2025-10-17,S08,P112,8,127.25,0
2025-10-17,S08,P116,15,371.57,0
2025-10-18,S01,P024,0,473.37,0
2025-10-18,S01,P025,4,417.38,0
2025-10-18,S01,P037,7,61.08,0
2025-10-18,S01,P041,7,178.15,0
2025-10-18,S01,P054,9,173.06,0
2025-10-18,S01,P057,15,122.16,0
2025-10-18,S01,P066,7,351.21,0
2025-10-18,S01,P074,2,167.97,0
2025-10-18,S01,P076,0,152.7,0
2025-10-18,S01,P082,6,208.69,0
2025-10-18,S01,P088,5,234.14,0
2025-10-18,S01,P099,0,35.63,0
2025-10-18,S01,P100,4,178.15,0
2025-10-18,S01,P112,8,127.25,0
2025-10-18,S01,P116,12,371.57,0
2025-10-18,S02,P024,10,473.37,0
2025-10-18,S02,P025,4,417.38,0
2025-10-18,S02,P037,1,61.08,0
2025-10-18,S02,P041,7,178.15,0
2025-10-18,S02,P054,4,173.06,0
2025-10-18,S02,P057,4,122.16,0
2025-10-18,S02,P066,2,351.21,0
2025-10-18,S02,P074,2,167.97,0
2025-10-18,S02,P076,1,152.7,0
2025-10-18,S02,P082,1,208.69,0
2025-10-18,S02,P088,7,234.14,0
2025-10-18,S02,P099,6,35.63,15
2025-10-18,S02,P100,5,178.15,0
2025-10-18,S02,P112,4,127.25,0
2025-10-18,S02,P116,6,371.57,0
2025-10-18,S05,P024,20,473.37,0
2025-10-18,S05,P025,4,417.38,0
2025-10-18,S05,P037,8,61.08,0
2025-10-18,S05,P041,7,178.15,0
2025-10-18,S05,P054,7,173.06,0
2025-10-18,S05,P057,11,122.16,0
2025-10-18,S05,P066,5,351.21,0
2025-10-18,S05,P074,9,167.97,0
2025-10-18,S05,P076,26,152.7,0
2025-10-18,S05,P082,6,208.69,0
2025-10-18,S05,P088,1,234.14,0
2025-10-18,S05,P099,0,35.63,0
2025-10-18,S05,P100,4,178.15,0
2025-10-18,S05,P112,7,127.25,0
2025-10-18,S05,P116,14,371.57,0
2025-10-18,S06,P024,3,473.37,0
2025-10-18,S06,P025,1,417.38,0
2025-10-18,S06,P037,3,61.08,0
2025-10-18,S06,P041,6,178.15,0
2025-10-18,S06,P054,3,173.06,0
2025-10-18,S06,P057,0,122.16,20
2025-10-18,S06,P066,1,351.21,0
2025-10-18,S06,P074,5,167.97,0
2025-10-18,S06,P076,15,152.7,0
2025-10-18,S06,P082,3,208.69,0
2025-10-18,S06,P088,1,234.14,0
2025-10-18,S06,P099,3,35.63,0
2025-10-18,S06,P100,1,178.15,0
2025-10-18,S06,P112,7,127.25,0
2025-10-18,S06,P116,5,371.57,0
2025-10-18,S08,P024,0,473.37,0
2025-10-18,S08,P025,4,417.38,0
2025-10-18,S08,P037,9,61.08,0
2025-10-18,S08,P041,5,178.15,0
2025-10-18,S08,P054,9,173.06,0
2025-10-18,S08,P057,8,122.16,0
2025-10-18,S08,P066,0,351.21,0
2025-10-18,S08,P074,12,167.97,15
2025-10-18,S08,P076,27,152.7,0
2025-10-18,S08,P082,6,208.69,15
2025-10-18,S08,P088,6,234.14,0
2025-10-18,S08,P099,6,35.63,0
2025-10-18,S08,P100,4,178.15,15
2025-10-18,S08,P112,13,127.25,0
2025-10-18,S08,P116,10,371.57,0
2025-10-19,S01,P024,0,473.37,10
2025-10-19,S01,P025,7,417.38,0
2025-10-19,S01,P037,7,61.08,0
2025-10-19,S01,P041,12,178.15,0
2025-10-19,S01,P054,7,173.06,0
2025-10-19,S01,P057,10,122.16,0
2025-10-19,S01,P066,5,351.21,0
2025-10-19,S01,P074,6,167.97,0
2025-10-19,S01,P076,0,152.7,0
2025-10-19,S01,P082,8,208.69,0
2025-10-19,S01,P088,7,234.14,0
2025-10-19,S01,P099,8,35.63,0
2025-10-19,S01,P100,9,178.15,15
2025-10-19,S01,P112,11,127.25,0
2025-10-19,S01,P116,8,371.57,0
2025-10-19,S02,P024,8,473.37,0
2025-10-19,S02,P025,3,417.38,0
2025-10-19,S02,P037,8,61.08,0
2025-10-19,S02,P041,2,178.15,0
2025-10-19,S02,P054,5,173.06,0
2025-10-19,S02,P057,0,122.16,0
2025-10-19,S02,P066,2,351.21,0
2025-10-19,S02,P074,1,167.97,0
2025-10-19,S02,P076,0,152.7,0
2025-10-19,S02,P082,3,208.69,0
2025-10-19,S02,P088,3,234.14,0
2025-10-19,S02,P099,5,35.63,0
2025-10-19,S02,P100,3,178.15,0
2025-10-19,S02,P112,8,127.25,25
2025-10-19,S02,P116,8,371.57,0
2025-10-19,S05,P024,8,473.37,0
2025-10-19,S05,P025,6,417.38,0
2025-10-19,S05,P037,5,61.08,0
2025-10-19,S05,P041,5,178.15,0
2025-10-19,S05,P054,7,173.06,0
2025-10-19,S05,P057,14,122.16,0
2025-10-19,S05,P066,2,351.21,0
2025-10-19,S05,P074,6,167.97,0
2025-10-19,S05,P076,24,152.7,0
2025-10-19,S05,P082,1,208.69,0
2025-10-19,S05,P088,7,234.14,0
2025-10-19,S05,P099,0,35.63,0
2025-10-19,S05,P100,3,178.15,10
2025-10-19,S05,P112,12,127.25,0
2025-10-19,S05,P116,19,371.57,0
2025-10-19,S06,P024,0,473.37,0
2025-10-19,S06,P025,0,417.38,0
2025-10-19,S06,P037,8,61.08,0
2025-10-19,S06,P041,4,178.15,0
2025-10-19,S06,P054,3,173.06,0
2025-10-19,S06,P057,4,122.16,0
2025-10-19,S06,P066,4,351.21,0
2025-10-19,S06,P074,8,167.97,0
2025-10-19,S06,P076,21,152.7,0
2025-10-19,S06,P082,2,208.69,0
2025-10-19,S06,P088,5,234.14,0
2025-10-19,S06,P099,8,35.63,0
2025-10-19,S06,P100,4,178.15,0
2025-10-19,S06,P112,7,127.25,5
2025-10-19,S06,P116,8,371.57,0
2025-10-19,S08,P024,0,473.37,0
2025-10-19,S08,P025,12,417.38,25
2025-10-19,S08,P037,8,61.08,0
2025-10-19,S08,P041,3,178.15,0
2025-10-19,S08,P054,6,173.06,0
2025-10-19,S08,P057,11,122.16,0
2025-10-19,S08,P066,0,351.21,0
2025-10-19,S08,P074,10,167.97,0
2025-10-19,S08,P076,23,152.7,0
2025-10-19,S08,P082,0,208.69,0
2025-10-19,S08,P088,9,234.14,0
2025-10-19,S08,P099,7,35.63,0
2025-10-19,S08,P100,7,178.15,0
2025-10-19,S08,P112,11,127.25,0
2025-10-19,S08,P116,6,371.57,0
2025-10-20,S01,P024,0,473.37,0
2025-10-20,S01,P025,2,417.38,0
2025-10-20,S01,P037,8,61.08,0
2025-10-20,S01,P041,5,178.15,0
2025-10-20,S01,P054,8,173.06,0
2025-10-20,S01,P057,8,122.16,0
2025-10-20,S01,P066,4,351.21,0
2025-10-20,S01,P074,2,167.97,0
2025-10-20,S01,P076,0,152.7,0
2025-10-20,S01,P082,5,208.69,0
2025-10-20,S01,P088,5,234.14,0
2025-10-20,S01,P099,6,35.63,0
2025-10-20,S01,P100,0,178.15,0
2025-10-20,S01,P112,7,127.25,0
2025-10-20,S01,P116,0,371.57,0
2025-10-20,S02,P024,4,473.37,0
2025-10-20,S02,P025,3,417.38,0
2025-10-20,S02,P037,1,61.08,0
2025-10-20,S02,P041,2,178.15,0
2025-10-20,S02,P054,1,173.06,0
2025-10-20,S02,P057,0,122.16,0
2025-10-20,S02,P066,1,351.21,0
2025-10-20,S02,P074,2,167.97,0
2025-10-20,S02,P076,10,152.7,0
2025-10-20,S02,P082,1,208.69,5
2025-10-20,S02,P088,3,234.14,0
2025-10-20,S02,P099,4,35.63,0
2025-10-20,S02,P100,2,178.15,0
2025-10-20,S02,P112,0,127.25,0
2025-10-20,S02,P116,4,371.57,0
2025-10-20,S05,P024,0,473.37,0
2025-10-20,S05,P025,4,417.38,0
2025-10-20,S05,P037,5,61.08,0
2025-10-20,S05,P041,8,178.15,0
2025-10-20,S05,P054,3,173.06,0
2025-10-20,S05,P057,7,122.16,0
2025-10-20,S05,P066,3,351.21,0
2025-10-20,S05,P074,2,167.97,0
2025-10-20,S05,P076,22,152.7,0
2025-10-20,S05,P082,0,208.69,0
2025-10-20,S05,P088,6,234.14,0
2025-10-20,S05,P099,0,35.63,0
2025-10-20,S05,P100,4,178.15,0
2025-10-20,S05,P112,8,127.25,0
2025-10-20,S05,P116,5,371.57,0
2025-10-20,S06,P024,5,473.37,0
2025-10-20,S06,P025,1,417.38,0
2025-10-20,S06,P037,1,61.08,0
2025-10-20,S06,P041,4,178.15,0
2025-10-20,S06,P054,2,173.06,0
2025-10-20,S06,P057,4,122.16,0
2025-10-20,S06,P066,2,351.21,0
2025-10-20,S06,P074,1,167.97,0
2025-10-20,S06,P076,9,152.7,0
2025-10-20,S06,P082,7,208.69,0
2025-10-20,S06,P088,3,234.14,0
2025-10-20,S06,P099,1,35.63,0
2025-10-20,S06,P100,1,178.15,0
2025-10-20,S06,P112,5,127.25,0
2025-10-20,S06,P116,2,371.57,0
2025-10-20,S08,P024,6,473.37,0
2025-10-20,S08,P025,4,417.38,25
2025-10-20,S08,P037,5,61.08,10
2025-10-20,S08,P041,4,178.15,0
2025-10-20,S08,P054,2,173.06,0
2025-10-20,S08,P057,4,122.16,0
2025-10-20,S08,P066,0,351.21,0
2025-10-20,S08,P074,2,167.97,0
2025-10-20,S08,P076,0,152.7,0
2025-10-20,S08,P082,0,208.69,0
2025-10-20,S08,P088,6,234.14,0
2025-10-20,S08,P099,6,35.63,0
2025-10-20,S08,P100,4,178.15,0
2025-10-20,S08,P112,9,127.25,0
2025-10-20,S08,P116,8,371.57,0
2025-10-21,S01,P024,3,473.37,0
2025-10-21,S01,P025,3,417.38,0
2025-10-21,S01,P037,9,61.08,0
2025-10-21,S01,P041,3,178.15,0
2025-10-21,S01,P054,3,173.06,0
2025-10-21,S01,P057,10,122.16,0
2025-10-21,S01,P066,2,351.21,0
2025-10-21,S01,P074,2,167.97,0
2025-10-21,S01,P076,17,152.7,0
2025-10-21,S01,P082,0,208.69,0
2025-10-21,S01,P088,6,234.14,0
2025-10-21,S01,P099,5,35.63,0
2025-10-21,S01,P100,4,178.15,0
2025-10-21,S01,P112,12,127.25,0
2025-10-21,S01,P116,0,371.57,0
2025-10-21,S02,P024,2,473.37,0
2025-10-21,S02,P025,4,417.38,15
2025-10-21,S02,P037,5,61.08,0
2025-10-21,S02,P041,2,178.15,0
2025-10-21,S02,P054,4,173.06,0
2025-10-21,S02,P057,0,122.16,0
2025-10-21,S02,P066,3,351.21,0
2025-10-21,S02,P074,1,167.97,0
2025-10-21,S02,P076,9,152.7,0
2025-10-21,S02,P082,0,208.69,0
2025-10-21,S02,P088,5,234.14,0
2025-10-21,S02,P099,3,35.63,0
2025-10-21,S02,P100,3,178.15,0
2025-10-21,S02,P112,0,127.25,0
2025-10-21,S02,P116,4,371.57,0
2025-10-21,S05,P024,8,473.37,0
2025-10-21,S05,P025,2,417.38,0
2025-10-21,S05,P037,5,61.08,0
2025-10-21,S05,P041,3,178.15,5
2025-10-21,S05,P054,1,173.06,0
2025-10-21,S05,P057,4,122.16,0
2025-10-21,S05,P066,4,351.21,0
2025-10-21,S05,P074,3,167.97,0
2025-10-21,S05,P076,13,152.7,0
2025-10-21,S05,P082,5,208.69,0
2025-10-21,S05,P088,4,234.14,0
2025-10-21,S05,P099,0,35.63,0
2025-10-21,S05,P100,3,178.15,0
2025-10-21,S05,P112,9,127.25,0
2025-10-21,S05,P116,6,371.57,0
2025-10-21,S06,P024,2,473.37,0
2025-10-21,S06,P025,1,417.38,0
2025-10-21,S06,P037,6,61.08,25
2025-10-21,S06,P041,2,178.15,0
2025-10-21,S06,P054,2,173.06,0
2025-10-21,S06,P057,3,122.16,0
2025-10-21,S06,P066,2,351.21,0
2025-10-21,S06,P074,1,167.97,0
2025-10-21,S06,P076,8,152.7,0
2025-10-21,S06,P082,6,208.69,0
2025-10-21,S06,P088,1,234.14,0
2025-10-21,S06,P099,0,35.63,0
2025-10-21,S06,P100,2,178.15,0
2025-10-21,S06,P112,7,127.25,0
2025-10-21,S06,P116,4,371.57,0
2025-10-21,S08,P024,9,473.37,0
2025-10-21,S08,P025,2,417.38,0
2025-10-21,S08,P037,9,61.08,0
2025-10-21,S08,P041,3,178.15,0
2025-10-21,S08,P054,5,173.06,0
2025-10-21,S08,P057,3,122.16,0
2025-10-21,S08,P066,3,351.21,0
2025-10-21,S08,P074,6,167.97,0
2025-10-21,S08,P076,0,152.7,0
2025-10-21,S08,P082,7,208.69,0
2025-10-21,S08,P088,3,234.14,0
2025-10-21,S08,P099,4,35.63,0
2025-10-21,S08,P100,3,178.15,0
2025-10-21,S08,P112,3,127.25,0
2025-10-21,S08,P116,7,371.57,0
2025-10-22,S01,P024,6,473.37,0
2025-10-22,S01,P025,1,417.38,0
2025-10-22,S01,P037,9,61.08,0
2025-10-22,S01,P041,4,178.15,0
2025-10-22,S01,P054,5,173.06,0
2025-10-22,S01,P057,5,122.16,0
2025-10-22,S01,P066,3,351.21,0
2025-10-22,S01,P074,4,167.97,0
2025-10-22,S01,P076,21,152.7,0
2025-10-22,S01,P082,0,208.69,0
2025-10-22,S01,P088,6,234.14,0
2025-10-22,S01,P099,5,35.63,0
2025-10-22,S01,P100,1,178.15,0
2025-10-22,S01,P112,5,127.25,0
2025-10-22,S01,P116,0,371.57,25
2025-10-22,S02,P024,5,473.37,0
2025-10-22,S02,P025,1,417.38,0
2025-10-22,S02,P037,4,61.08,0
2025-10-22,S02,P041,8,178.15,25
2025-10-22,S02,P054,0,173.06,0
2025-10-22,S02,P057,3,122.16,0
2025-10-22,S02,P066,0,351.21,0
2025-10-22,S02,P074,2,167.97,0
2025-10-22,S02,P076,11,152.7,0
2025-10-22,S02,P082,0,208.69,0
2025-10-22,S02,P088,4,234.14,0
2025-10-22,S02,P099,5,35.63,0
2025-10-22,S02,P100,2,178.15,0
2025-10-22,S02,P112,0,127.25,0
2025-10-22,S02,P116,3,371.57,0
2025-10-22,S05,P024,17,473.37,0
2025-10-22,S05,P025,2,417.38,0
2025-10-22,S05,P037,8,61.08,0
2025-10-22,S05,P041,3,178.15,0
2025-10-22,S05,P054,8,173.06,0
2025-10-22,S05,P057,8,122.16,0
2025-10-22,S05,P066,2,351.21,0
2025-10-22,S05,P074,3,167.97,0
2025-10-22,S05,P076,12,152.7,0
2025-10-22,S05,P082,4,208.69,0
2025-10-22,S05,P088,4,234.14,0
2025-10-22,S05,P099,0,35.63,0
2025-10-22,S05,P100,3,178.15,0
2025-10-22,S05,P112,6,127.25,0
2025-10-22,S05,P116,8,371.57,0
2025-10-22,S06,P024,2,473.37,0
2025-10-22,S06,P025,1,417.38,0
2025-10-22,S06,P037,2,61.08,0
2025-10-22,S06,P041,5,178.15,0
2025-10-22,S06,P054,3,173.06,0
2025-10-22,S06,P057,4,122.16,0
2025-10-22,S06,P066,2,351.21,0
2025-10-22,S06,P074,2,167.97,0
2025-10-22,S06,P076,9,152.7,0
2025-10-22,S06,P082,3,208.69,0
2025-10-22,S06,P088,2,234.14,0
2025-10-22,S06,P099,0,35.63,0
2025-10-22,S06,P100,6,178.15,25
2025-10-22,S06,P112,4,127.25,0
2025-10-22,S06,P116,3,371.57,0
2025-10-22,S08,P024,10,473.37,0
2025-10-22,S08,P025,0,417.38,0
2025-10-22,S08,P037,3,61.08,0
2025-10-22,S08,P041,6,178.15,0
2025-10-22,S08,P054,2,173.06,10
2025-10-22,S08,P057,12,122.16,20
2025-10-22,S08,P066,5,351.21,0
2025-10-22,S08,P074,6,167.97,15
2025-10-22,S08,P076,0,152.7,0
2025-10-22,S08,P082,4,208.69,0
2025-10-22,S08,P088,5,234.14,0
2025-10-22,S08,P099,8,35.63,0
2025-10-22,S08,P100,4,178.15,0
2025-10-22,S08,P112,7,127.25,0
2025-10-22,S08,P116,13,371.57,0
2025-10-23,S01,P024,9,473.37,0
2025-10-23,S01,P025,5,417.38,0
2025-10-23,S01,P037,7,61.08,0
2025-10-23,S01,P041,5,178.15,0
2025-10-23,S01,P054,2,173.06,0
2025-10-23,S01,P057,6,122.16,0
2025-10-23,S01,P066,7,351.21,0
2025-10-23,S01,P074,2,167.97,0
2025-10-23,S01,P076,16,152.7,0
2025-10-23,S01,P082,0,208.69,0
2025-10-23,S01,P088,5,234.14,0
2025-10-23,S01,P099,6,35.63,0
2025-10-23,S01,P100,7,178.15,0
2025-10-23,S01,P112,17,127.25,25
2025-10-23,S01,P116,5,371.57,0
2025-10-23,S02,P024,3,473.37,0
2025-10-23,S02,P025,3,417.38,0
2025-10-23,S02,P037,5,61.08,0
2025-10-23,S02,P041,2,178.15,0
2025-10-23,S02,P054,3,173.06,0
2025-10-23,S02,P057,4,122.16,0
2025-10-23,S02,P066,1,351.21,0
2025-10-23,S02,P074,1,167.97,0
2025-10-23,S02,P076,10,152.7,0
2025-10-23,S02,P082,0,208.69,0
2025-10-23,S02,P088,5,234.14,25
2025-10-23,S02,P099,4,35.63,0
2025-10-23,S02,P100,2,178.15,0
2025-10-23,S02,P112,0,127.25,0
2025-10-23,S02,P116,3,371.57,0
2025-10-23,S05,P024,20,473.37,0
2025-10-23,S05,P025,3,417.38,0
2025-10-23,S05,P037,6,61.08,0
2025-10-23,S05,P041,6,178.15,0
2025-10-23,S05,P054,4,173.06,0
2025-10-23,S05,P057,9,122.16,0
2025-10-23,S05,P066,1,351.21,0
2025-10-23,S05,P074,4,167.97,0
2025-10-23,S05,P076,17,152.7,0
2025-10-23,S05,P082,2,208.69,0
2025-10-23,S05,P088,8,234.14,0
2025-10-23,S05,P099,0,35.63,0
2025-10-23,S05,P100,1,178.15,0
2025-10-23,S05,P112,5,127.25,0
2025-10-23,S05,P116,10,371.57,0
2025-10-23,S06,P024,5,473.37,0
2025-10-23,S06,P025,2,417.38,0
2025-10-23,S06,P037,1,61.08,0
2025-10-23,S06,P041,3,178.15,0
2025-10-23,S06,P054,3,173.06,0
2025-10-23,S06,P057,5,122.16,0
2025-10-23,S06,P066,2,351.21,0
2025-10-23,S06,P074,1,167.97,0
2025-10-23,S06,P076,6,152.7,0
2025-10-23,S06,P082,2,208.69,0
2025-10-23,S06,P088,4,234.14,0
2025-10-23,S06,P099,0,35.63,0
2025-10-23,S06,P100,2,178.15,0
2025-10-23,S06,P112,8,127.25,0
2025-10-23,S06,P116,6,371.57,0
2025-10-23,S08,P024,10,473.37,0
2025-10-23,S08,P025,6,417.38,0
2025-10-23,S08,P037,7,61.08,0
2025-10-23,S08,P041,6,178.15,0
2025-10-23,S08,P054,4,173.06,0
2025-10-23,S08,P057,1,122.16,20
2025-10-23,S08,P066,1,351.21,0
2025-10-23,S08,P074,2,167.97,0
2025-10-23,S08,P076,0,152.7,0
2025-10-23,S08,P082,5,208.69,0
2025-10-23,S08,P088,4,234.14,0
2025-10-23,S08,P099,0,35.63,0
2025-10-23,S08,P100,1,178.15,0
2025-10-23,S08,P112,10,127.25,0
2025-10-23,S08,P116,6,371.57,0
2025-10-24,S01,P024,9,473.37,0
2025-10-24,S01,P025,2,417.38,0
2025-10-24,S01,P037,6,61.08,0
2025-10-24,S01,P041,4,178.15,0
2025-10-24,S01,P054,2,173.06,15
2025-10-24,S01,P057,9,122.16,0
2025-10-24,S01,P066,8,351.21,0
2025-10-24,S01,P074,4,167.97,0
2025-10-24,S01,P076,29,152.7,0
2025-10-24,S01,P082,0,208.69,0
2025-10-24,S01,P088,5,234.14,0
2025-10-24,S01,P099,3,35.63,0
2025-10-24,S01,P100,6,178.15,0
2025-10-24,S01,P112,10,127.25,0
2025-10-24,S01,P116,18,371.57,0
2025-10-24,S02,P024,4,473.37,0
2025-10-24,S02,P025,2,417.38,0
2025-10-24,S02,P037,4,61.08,0
2025-10-24,S02,P041,3,178.15,20
2025-10-24,S02,P054,0,173.06,0
2025-10-24,S02,P057,4,122.16,0
2025-10-24,S02,P066,4,351.21,0
2025-10-24,S02,P074,2,167.97,20
2025-10-24,S02,P076,19,152.7,0
2025-10-24,S02,P082,4,208.69,20
2025-10-24,S02,P088,2,234.14,0
2025-10-24,S02,P099,6,35.63,0
2025-10-24,S02,P100,7,178.15,0
2025-10-24,S02,P112,7,127.25,0
2025-10-24,S02,P116,5,371.57,0
2025-10-24,S05,P024,5,473.37,0
2025-10-24,S05,P025,5,417.38,0
2025-10-24,S05,P037,12,61.08,0
2025-10-24,S05,P041,8,178.15,0
2025-10-24,S05,P054,9,173.06,15
2025-10-24,S05,P057,11,122.16,0
2025-10-24,S05,P066,2,351.21,0
2025-10-24,S05,P074,3,167.97,0
2025-10-24,S05,P076,13,152.7,0
2025-10-24,S05,P082,7,208.69,0
2025-10-24,S05,P088,8,234.14,0
2025-10-24,S05,P099,0,35.63,0
2025-10-24,S05,P100,9,178.15,0
2025-10-24,S05,P112,13,127.25,0
2025-10-24,S05,P116,11,371.57,0
2025-10-24,S06,P024,6,473.37,0
2025-10-24,S06,P025,1,417.38,0
2025-10-24,S06,P037,3,61.08,0
2025-10-24,S06,P041,4,178.15,0
2025-10-24,S06,P054,3,173.06,0
2025-10-24,S06,P057,5,122.16,0
2025-10-24,S06,P066,2,351.21,0
2025-10-24,S06,P074,3,167.97,0
2025-10-24,S06,P076,13,152.7,0
2025-10-24,S06,P082,1,208.69,0
2025-10-24,S06,P088,3,234.14,0
2025-10-24,S06,P099,0,35.63,0
2025-10-24,S06,P100,5,178.15,0
2025-10-24,S06,P112,10,127.25,25
2025-10-24,S06,P116,4,371.57,0
2025-10-24,S08,P024,12,473.37,0
2025-10-24,S08,P025,3,417.38,0
2025-10-24,S08,P037,5,61.08,0
2025-10-24,S08,P041,4,178.15,0
2025-10-24,S08,P054,2,173.06,0
2025-10-24,S08,P057,0,122.16,0
2025-10-24,S08,P066,5,351.21,0
2025-10-24,S08,P074,5,167.97,0
2025-10-24,S08,P076,0,152.7,0
2025-10-24,S08,P082,4,208.69,0
2025-10-24,S08,P088,3,234.14,0
2025-10-24,S08,P099,0,35.63,0
2025-10-24,S08,P100,5,178.15,0
2025-10-24,S08,P112,9,127.25,0
2025-10-24,S08,P116,9,371.57,0
2025-10-25,S01,P024,14,473.37,0
2025-10-25,S01,P025,8,417.38,0
2025-10-25,S01,P037,6,61.08,0
2025-10-25,S01,P041,0,178.15,0
2025-10-25,S01,P054,7,173.06,0
2025-10-25,S01,P057,11,122.16,0
2025-10-25,S01,P066,7,351.21,0
2025-10-25,S01,P074,4,167.97,0
2025-10-25,S01,P076,27,152.7,0
2025-10-25,S01,P082,0,208.69,0
2025-10-25,S01,P088,8,234.14,0
2025-10-25,S01,P099,7,35.63,0
2025-10-25,S01,P100,8,178.15,0
2025-10-25,S01,P112,12,127.25,0
2025-10-25,S01,P116,14,371.57,0
2025-10-25,S02,P024,6,473.37,0
2025-10-25,S02,P025,5,417.38,0
2025-10-25,S02,P037,8,61.08,0
2025-10-25,S02,P041,3,178.15,0
2025-10-25,S02,P054,3,173.06,0
2025-10-25,S02,P057,6,122.16,0
2025-10-25,S02,P066,2,351.21,0
2025-10-25,S02,P074,2,167.97,0
2025-10-25,S02,P076,15,152.7,0
2025-10-25,S02,P082,6,208.69,0
2025-10-25,S02,P088,9,234.14,0
2025-10-25,S02,P099,4,35.63,0
2025-10-25,S02,P100,1,178.15,0
2025-10-25,S02,P112,3,127.25,0
2025-10-25,S02,P116,3,371.57,0
2025-10-25,S05,P024,23,473.37,25
2025-10-25,S05,P025,5,417.38,0
2025-10-25,S05,P037,5,61.08,0
2025-10-25,S05,P041,1,178.15,0
2025-10-25,S05,P054,6,173.06,0
2025-10-25,S05,P057,6,122.16,0
2025-10-25,S05,P066,2,351.21,0
2025-10-25,S05,P074,10,167.97,0
2025-10-25,S05,P076,0,152.7,0
2025-10-25,S05,P082,9,208.69,0
2025-10-25,S05,P088,5,234.14,0
2025-10-25,S05,P099,7,35.63,0
2025-10-25,S05,P100,1,178.15,0
2025-10-25,S05,P112,9,127.25,0
2025-10-25,S05,P116,10,371.57,0
2025-10-25,S06,P024,8,473.37,0
2025-10-25,S06,P025,2,417.38,0
2025-10-25,S06,P037,7,61.08,0
2025-10-25,S06,P041,0,178.15,25
2025-10-25,S06,P054,4,173.06,0
2025-10-25,S06,P057,11,122.16,0
2025-10-25,S06,P066,2,351.21,0
2025-10-25,S06,P074,3,167.97,0
2025-10-25,S06,P076,12,152.7,0
2025-10-25,S06,P082,0,208.69,0
2025-10-25,S06,P088,3,234.14,0
2025-10-25,S06,P099,0,35.63,0
2025-10-25,S06,P100,3,178.15,0
2025-10-25,S06,P112,3,127.25,0
2025-10-25,S06,P116,3,371.57,0
2025-10-25,S08,P024,11,473.37,0
2025-10-25,S08,P025,5,417.38,0
2025-10-25,S08,P037,9,61.08,0
2025-10-25,S08,P041,5,178.15,0
2025-10-25,S08,P054,5,173.06,0
2025-10-25,S08,P057,0,122.16,0
2025-10-25,S08,P066,6,351.21,0
2025-10-25,S08,P074,6,167.97,0
2025-10-25,S08,P076,0,152.7,0
2025-10-25,S08,P082,3,208.69,0
2025-10-25,S08,P088,7,234.14,0
2025-10-25,S08,P099,0,35.63,0
2025-10-25,S08,P100,5,178.15,0
2025-10-25,S08,P112,9,127.25,0
2025-10-25,S08,P116,24,371.57,25
2025-10-26,S01,P024,15,473.37,0
2025-10-26,S01,P025,3,417.38,0
2025-10-26,S01,P037,6,61.08,0
2025-10-26,S01,P041,0,178.15,0
2025-10-26,S01,P054,11,173.06,0
2025-10-26,S01,P057,12,122.16,0
2025-10-26,S01,P066,7,351.21,0
2025-10-26,S01,P074,4,167.97,0
2025-10-26,S01,P076,28,152.7,0
2025-10-26,S01,P082,0,208.69,0
2025-10-26,S01,P088,8,234.14,0
2025-10-26,S01,P099,2,35.63,0
2025-10-26,S01,P100,6,178.15,0
2025-10-26,S01,P112,16,127.25,0
2025-10-26,S01,P116,13,371.57,0
2025-10-26,S02,P024,8,473.37,0
2025-10-26,S02,P025,4,417.38,0
2025-10-26,S02,P037,4,61.08,0
2025-10-26,S02,P041,6,178.15,0
2025-10-26,S02,P054,1,173.06,0
2025-10-26,S02,P057,6,122.16,0
2025-10-26,S02,P066,4,351.21,0
2025-10-26,S02,P074,2,167.97,0
2025-10-26,S02,P076,5,152.7,0
2025-10-26,S02,P082,3,208.69,0
2025-10-26,S02,P088,4,234.14,0
2025-10-26,S02,P099,10,35.63,25
2025-10-26,S02,P100,7,178.15,0
2025-10-26,S02,P112,6,127.25,0
2025-10-26,S02,P116,0,371.57,0
2025-10-26,S05,P024,8,473.37,0
2025-10-26,S05,P025,2,417.38,0
2025-10-26,S05,P037,5,61.08,0
2025-10-26,S05,P041,0,178.15,0
2025-10-26,S05,P054,5,173.06,0
2025-10-26,S05,P057,9,122.16,0
2025-10-26,S05,P066,0,351.21,0
2025-10-26,S05,P074,3,167.97,0
2025-10-26,S05,P076,0,152.7,0
2025-10-26,S05,P082,4,208.69,0
2025-10-26,S05,P088,11,234.14,0
2025-10-26,S05,P099,5,35.63,0
2025-10-26,S05,P100,7,178.15,10
2025-10-26,S05,P112,14,127.25,20
2025-10-26,S05,P116,6,371.57,0
2025-10-26,S06,P024,10,473.37,0
2025-10-26,S06,P025,2,417.38,0
2025-10-26,S06,P037,5,61.08,0
2025-10-26,S06,P041,0,178.15,0
2025-10-26,S06,P054,1,173.06,0
2025-10-26,S06,P057,0,122.16,0
2025-10-26,S06,P066,0,351.21,0
2025-10-26,S06,P074,4,167.97,0
2025-10-26,S06,P076,10,152.7,0
2025-10-26,S06,P082,0,208.69,25
2025-10-26,S06,P088,5,234.14,5
2025-10-26,S06,P099,0,35.63,0
2025-10-26,S06,P100,3,178.15,0
2025-10-26,S06,P112,7,127.25,0
2025-10-26,S06,P116,5,371.57,0
2025-10-26,S08,P024,13,473.37,10
2025-10-26,S08,P025,5,417.38,0
2025-10-26,S08,P037,10,61.08,0
2025-10-26,S08,P041,4,178.15,0
2025-10-26,S08,P054,8,173.06,0
2025-10-26,S08,P057,0,122.16,0
2025-10-26,S08,P066,4,351.21,0
2025-10-26,S08,P074,7,167.97,0
2025-10-26,S08,P076,0,152.7,0
2025-10-26,S08,P082,2,208.69,0
2025-10-26,S08,P088,7,234.14,0
2025-10-26,S08,P099,0,35.63,0
2025-10-26,S08,P100,6,178.15,0
2025-10-26,S08,P112,12,127.25,0
2025-10-26,S08,P116,7,371.57,0
2025-10-27,S01,P024,10,473.37,0
2025-10-27,S01,P025,1,417.38,0
2025-10-27,S01,P037,7,61.08,0
2025-10-27,S01,P041,2,178.15,0
2025-10-27,S01,P054,4,173.06,0
2025-10-27,S01,P057,8,122.16,0
2025-10-27,S01,P066,1,351.21,0
2025-10-27,S01,P074,3,167.97,15
2025-10-27,S01,P076,24,152.7,5
2025-10-27,S01,P082,0,,0
2025-10-27,S01,P088,8,234.14,0
2025-10-27,S01,P099,0,35.63,15
2025-10-27,S01,P100,6,178.15,0
2025-10-27,S01,P112,12,127.25,0
2025-10-27,S01,P116,6,371.57,0
2025-10-27,S02,P024,5,473.37,0
2025-10-27,S02,P025,6,417.38,0
2025-10-27,S02,P037,5,61.08,0
2025-10-27,S02,P041,4,178.15,0
2025-10-27,S02,P054,2,173.06,0
2025-10-27,S02,P057,4,122.16,5
2025-10-27,S02,P066,1,351.21,0
2025-10-27,S02,P074,0,167.97,0
2025-10-27,S02,P076,0,152.7,0
2025-10-27,S02,P082,1,208.69,0
2025-10-27,S02,P088,2,234.14,0
2025-10-27,S02,P099,4,35.63,0
2025-10-27,S02,P100,2,178.15,0
2025-10-27,S02,P112,2,127.25,0
2025-10-27,S02,P116,0,371.57,0
2025-10-27,S05,P024,1,473.37,0
2025-10-27,S05,P025,2,417.38,0
2025-10-27,S05,P037,7,61.08,0
2025-10-27,S05,P041,0,178.15,15
2025-10-27,S05,P054,1,173.06,10
2025-10-27,S05,P057,6,122.16,0
2025-10-27,S05,P066,0,351.21,0
2025-10-27,S05,P074,4,167.97,0
2025-10-27,S05,P076,0,152.7,0
2025-10-27,S05,P082,0,208.69,0
2025-10-27,S05,P088,4,234.14,0
2025-10-27,S05,P099,3,35.63,0
2025-10-27,S05,P100,1,178.15,0
2025-10-27,S05,P112,2,127.25,0
2025-10-27,S05,P116,0,371.57,0
2025-10-27,S06,P024,8,473.37,0
2025-10-27,S06,P025,1,417.38,0
2025-10-27,S06,P037,2,61.08,0
2025-10-27,S06,P041,0,178.15,0
2025-10-27,S06,P054,2,173.06,0
2025-10-27,S06,P057,0,122.16,15
2025-10-27,S06,P066,0,351.21,0
2025-10-27,S06,P074,1,167.97,0
2025-10-27,S06,P076,5,152.7,0
2025-10-27,S06,P082,0,208.69,0
2025-10-27,S06,P088,4,234.14,10
2025-10-27,S06,P099,0,35.63,0
2025-10-27,S06,P100,1,178.15,0
2025-10-27,S06,P112,6,127.25,0
2025-10-27,S06,P116,8,371.57,0
2025-10-27,S08,P024,8,473.37,0
2025-10-27,S08,P025,2,417.38,0
2025-10-27,S08,P037,5,61.08,0
2025-10-27,S08,P041,6,178.15,0
2025-10-27,S08,P054,3,173.06,0
2025-10-27,S08,P057,4,122.16,0
2025-10-27,S08,P066,4,351.21,0
2025-10-27,S08,P074,4,167.97,0
2025-10-27,S08,P076,0,152.7,0
2025-10-27,S08,P082,0,208.69,0
2025-10-27,S08,P088,4,234.14,0
2025-10-27,S08,P099,0,35.63,0
2025-10-27,S08,P100,4,178.15,0
2025-10-27,S08,P112,4,127.25,0
2025-10-27,S08,P116,9,371.57,0
2025-10-28,S01,P024,2,473.37,0
2025-10-28,S01,P025,4,417.38,0
2025-10-28,S01,P037,8,61.08,0
2025-10-28,S01,P041,1,178.15,0
2025-10-28,S01,P054,2,173.06,0
2025-10-28,S01,P057,5,122.16,0
2025-10-28,S01,P066,3,351.21,0
2025-10-28,S01,P074,1,167.97,0
2025-10-28,S01,P076,14,152.7,0
2025-10-28,S01,P082,0,208.69,0
2025-10-28,S01,P088,5,234.14,0
2025-10-28,S01,P099,0,35.63,0
2025-10-28,S01,P100,1,178.15,0
2025-10-28,S01,P112,5,127.25,0
2025-10-28,S01,P116,8,371.57,0
2025-10-28,S02,P024,11,473.37,0
2025-10-28,S02,P025,0,417.38,0
2025-10-28,S02,P037,5,61.08,0
2025-10-28,S02,P041,4,178.15,0
2025-10-28,S02,P054,0,173.06,0
2025-10-28,S02,P057,3,122.16,0
2025-10-28,S02,P066,3,351.21,0
2025-10-28,S02,P074,2,167.97,0
2025-10-28,S02,P076,0,152.7,0
2025-10-28,S02,P082,1,208.69,0
2025-10-28,S02,P088,3,234.14,0
2025-10-28,S02,P099,3,35.63,0
2025-10-28,S02,P100,0,1781.5,0
2025-10-28,S02,P112,5,127.25,0
2025-10-28,S02,P116,0,371.57,0
2025-10-28,S05,P024,11,473.37,25
2025-10-28,S05,P025,5,417.38,0
2025-10-28,S05,P037,9,61.08,15
2025-10-28,S05,P041,4,178.15,0
2025-10-28,S05,P054,1,173.06,0
2025-10-28,S05,P057,10,122.16,0
2025-10-28,S05,P066,0,351.21,15
2025-10-28,S05,P074,3,167.97,10
2025-10-28,S05,P076,0,152.7,0
2025-10-28,S05,P082,2,208.69,0
2025-10-28,S05,P088,8,234.14,0
2025-10-28,S05,P099,6,35.63,0
2025-10-28,S05,P100,5,178.15,0
2025-10-28,S05,P112,5,127.25,0
2025-10-28,S05,P116,0,371.57,0
2025-10-28,S06,P024,4,473.37,0
2025-10-28,S06,P025,1,417.38,0
2025-10-28,S06,P037,3,61.08,0
2025-10-28,S06,P041,0,178.15,0
2025-10-28,S06,P054,2,173.06,0
2025-10-28,S06,P057,0,122.16,0
2025-10-28,S06,P066,0,351.21,0
2025-10-28,S06,P074,1,167.97,0
2025-10-28,S06,P076,16,152.7,0
2025-10-28,S06,P082,0,208.69,0
2025-10-28,S06,P088,2,234.14,0
2025-10-28,S06,P099,2,35.63,0
2025-10-28,S06,P100,2,178.15,0
2025-10-28,S06,P112,3,127.25,0
2025-10-28,S06,P116,2,371.57,0
2025-10-28,S08,P024,3,473.37,10
2025-10-28,S08,P025,5,417.38,0
2025-10-28,S08,P037,7,61.08,0
2025-10-28,S08,P041,3,178.15,0
2025-10-28,S08,P054,2,173.06,0
2025-10-28,S08,P057,2,122.16,0
2025-10-28,S08,P066,0,351.21,25
2025-10-28,S08,P074,1,167.97,0
2025-10-28,S08,P076,0,152.7,0
2025-10-28,S08,P082,5,208.69,0
2025-10-28,S08,P088,7,234.14,0
2025-10-28,S08,P099,6,35.63,0
2025-10-28,S08,P100,8,178.15,0
2025-10-28,S08,P112,5,127.25,0
2025-10-28,S08,P116,13,371.57,0
2025-10-29,S01,P024,15,473.37,0
2025-10-29,S01,P025,3,417.38,0
2025-10-29,S01,P037,5,61.08,0
2025-10-29,S01,P041,7,178.15,0
2025-10-29,S01,P054,3,173.06,0
2025-10-29,S01,P057,5,122.16,0
2025-10-29,S01,P066,3,351.21,0
2025-10-29,S01,P074,2,167.97,0
2025-10-29,S01,P076,0,152.7,0
2025-10-29,S01,P082,6,208.69,0
2025-10-29,S01,P088,5,234.14,0
2025-10-29,S01,P099,0,35.63,0
2025-10-29,S01,P100,1,178.15,0
2025-10-29,S01,P112,7,127.25,0
2025-10-29,S01,P116,5,371.57,0
2025-10-29,S02,P024,7,473.37,0
2025-10-29,S02,P025,1,417.38,0
2025-10-29,S02,P037,9,61.08,15
2025-10-29,S02,P041,0,178.15,5
2025-10-29,S02,P054,2,173.06,0
2025-10-29,S02,P057,4,122.16,0
2025-10-29,S02,P066,3,351.21,0
2025-10-29,S02,P074,3,167.97,0
2025-10-29,S02,P076,0,152.7,0
2025-10-29,S02,P082,5,208.69,0
2025-10-29,S02,P088,3,234.14,0
2025-10-29,S02,P099,0,35.63,0
2025-10-29,S02,P100,3,178.15,0
2025-10-29,S02,P112,6,127.25,0
2025-10-29,S02,P116,0,371.57,0
2025-10-29,S05,P024,10,473.37,0
2025-10-29,S05,P025,7,417.38,0
2025-10-29,S05,P037,3,61.08,0
2025-10-29,S05,P041,4,178.15,0
2025-10-29,S05,P054,2,173.06,0
2025-10-29,S05,P057,7,122.16,0
2025-10-29,S05,P066,0,351.21,0
2025-10-29,S05,P074,2,167.97,0
2025-10-29,S05,P076,25,152.7,0
2025-10-29,S05,P082,1,208.69,0
2025-10-29,S05,P088,10,234.14,0
2025-10-29,S05,P099,7,35.63,0
2025-10-29,S05,P100,2,178.15,0
2025-10-29,S05,P112,7,127.25,0
2025-10-29,S05,P116,0,371.57,0
2025-10-29,S06,P024,0,473.37,0
2025-10-29,S06,P025,1,417.38,0
2025-10-29,S06,P037,2,61.08,0
2025-10-29,S06,P041,0,178.15,0
2025-10-29,S06,P054,5,173.06,0
2025-10-29,S06,P057,0,122.16,5
2025-10-29,S06,P066,0,351.21,0
2025-10-29,S06,P074,3,167.97,10
2025-10-29,S06,P076,16,152.7,5
2025-10-29,S06,P082,0,208.69,0
2025-10-29,S06,P088,3,234.14,0
2025-10-29,S06,P099,2,35.63,0
2025-10-29,S06,P100,5,178.15,0
2025-10-29,S06,P112,3,127.25,0
2025-10-29,S06,P116,7,371.57,0
2025-10-29,S08,P024,0,473.37,0
2025-10-29,S08,P025,2,417.38,0
2025-10-29,S08,P037,5,61.08,0
2025-10-29,S08,P041,5,178.15,0
2025-10-29,S08,P054,4,173.06,0
2025-10-29,S08,P057,5,122.16,0
2025-10-29,S08,P066,0,351.21,0
2025-10-29,S08,P074,4,167.97,0
2025-10-29,S08,P076,17,152.7,0
2025-10-29,S08,P082,4,208.69,25
2025-10-29,S08,P088,3,234.14,0
2025-10-29,S08,P099,2,35.63,0
2025-10-29,S08,P100,3,178.15,0
2025-10-29,S08,P112,3,127.25,0
2025-10-29,S08,P116,5,371.57,0
2025-10-30,S01,P024,14,473.37,20
2025-10-30,S01,P025,5,417.38,0
2025-10-30,S01,P037,7,61.08,0
2025-10-30,S01,P041,5,178.15,0
2025-10-30,S01,P054,2,173.06,0
2025-10-30,S01,P057,10,122.16,0
2025-10-30,S01,P066,4,351.21,0
2025-10-30,S01,P074,1,167.97,0
2025-10-30,S01,P076,0,152.7,0
2025-10-30,S01,P082,1,208.69,0
2025-10-30,S01,P088,6,234.14,0
2025-10-30,S01,P099,6,35.63,0
2025-10-30,S01,P100,4,178.15,0
2025-10-30,S01,P112,9,127.25,0
2025-10-30,S01,P116,12,371.57,0
2025-10-30,S02,P024,0,473.37,0
2025-10-30,S02,P025,2,417.38,0
2025-10-30,S02,P037,5,61.08,0
2025-10-30,S02,P041,2,178.15,0
2025-10-30,S02,P054,3,173.06,0
2025-10-30,S02,P057,2,122.16,0
2025-10-30,S02,P066,6,351.21,0
2025-10-30,S02,P074,2,167.97,0
2025-10-30,S02,P076,6,152.7,0
2025-10-30,S02,P082,1,208.69,0
2025-10-30,S02,P088,1,234.14,0
2025-10-30,S02,P099,0,35.63,0
2025-10-30,S02,P100,3,178.15,0
2025-10-30,S02,P112,3,127.25,0
2025-10-30,S02,P116,9,371.57,0
2025-10-30,S05,P024,13,473.37,0
2025-10-30,S05,P025,4,417.38,0
2025-10-30,S05,P037,10,61.08,0
2025-10-30,S05,P041,4,178.15,0
2025-10-30,S05,P054,4,173.06,0
2025-10-30,S05,P057,8,122.16,0
2025-10-30,S05,P066,0,351.21,0
2025-10-30,S05,P074,2,167.97,0
2025-10-30,S05,P076,13,152.7,0
2025-10-30,S05,P082,2,208.69,0
2025-10-30,S05,P088,7,234.14,0
2025-10-30,S05,P099,6,35.63,0
2025-10-30,S05,P100,0,178.15,0
2025-10-30,S05,P112,5,127.25,0
2025-10-30,S05,P116,6,371.57,0
2025-10-30,S06,P024,0,473.37,0
2025-10-30,S06,P025,0,417.38,0
2025-10-30,S06,P037,4,61.08,0
2025-10-30,S06,P041,2,178.15,0
2025-10-30,S06,P054,1,173.06,0
2025-10-30,S06,P057,0,122.16,0
2025-10-30,S06,P066,1,351.21,0
2025-10-30,S06,P074,3,167.97,0
2025-10-30,S06,P076,5,152.7,0
2025-10-30,S06,P082,2,208.69,0
2025-10-30,S06,P088,5,234.14,0
2025-10-30,S06,P099,3,35.63,0
2025-10-30,S06,P100,2,178.15,0
2025-10-30,S06,P112,5,127.25,0
2025-10-30,S06,P116,3,371.57,0
2025-10-30,S08,P024,13,473.37,0
2025-10-30,S08,P025,6,417.38,0
2025-10-30,S08,P037,4,61.08,0
2025-10-30,S08,P041,3,178.15,0
2025-10-30,S08,P054,11,173.06,20
2025-10-30,S08,P057,5,122.16,0
2025-10-30,S08,P066,0,351.21,0
2025-10-30,S08,P074,5,167.97,0
2025-10-30,S08,P076,27,152.7,0
2025-10-30,S08,P082,3,208.69,0
2025-10-30,S08,P088,5,234.14,0
2025-10-30,S08,P099,5,35.63,0
2025-10-30,S08,P100,7,178.15,0
2025-10-30,S08,P112,4,127.25,0
2025-10-30,S08,P116,13,371.57,0
2025-10-31,S01,P024,8,473.37,0
2025-10-31,S01,P025,3,417.38,25
2025-10-31,S01,P037,11,61.08,0
2025-10-31,S01,P041,6,178.15,0
2025-10-31,S01,P054,2,173.06,0
2025-10-31,S01,P057,10,122.16,0
2025-10-31,S01,P066,2,351.21,0
2025-10-31,S01,P074,2,167.97,0
2025-10-31,S01,P076,0,152.7,0
2025-10-31,S01,P082,5,208.69,0
2025-10-31,S01,P088,3,234.14,0
2025-10-31,S01,P099,3,35.63,0
2025-10-31,S01,P100,4,178.15,0
2025-10-31,S01,P112,8,127.25,0
2025-10-31,S01,P116,10,371.57,0
2025-10-31,S02,P024,10,473.37,0
2025-10-31,S02,P025,2,417.38,0
2025-10-31,S02,P037,1,61.08,0
2025-10-31,S02,P041,3,178.15,0
2025-10-31,S02,P054,3,173.06,0
2025-10-31,S02,P057,0,122.16,0
2025-10-31,S02,P066,5,351.21,0
2025-10-31,S02,P074,2,167.97,0
2025-10-31,S02,P076,17,152.7,0
2025-10-31,S02,P082,0,208.69,0
2025-10-31,S02,P088,1,234.14,0
2025-10-31,S02,P099,3,35.63,0
2025-10-31,S02,P100,2,178.15,0
2025-10-31,S02,P112,6,127.25,0
2025-10-31,S02,P116,4,371.57,0
2025-10-31,S05,P024,19,473.37,15
2025-10-31,S05,P025,5,417.38,0
2025-10-31,S05,P037,5,61.08,0
2025-10-31,S05,P041,8,178.15,0
2025-10-31,S05,P054,4,173.06,0
2025-10-31,S05,P057,8,122.16,0
2025-10-31,S05,P066,0,351.21,0
2025-10-31,S05,P074,8,167.97,15
2025-10-31,S05,P076,22,152.7,0
2025-10-31,S05,P082,5,208.69,0
2025-10-31,S05,P088,6,2341.4,0
2025-10-31,S05,P099,7,35.63,0
2025-10-31,S05,P100,4,178.15,0
2025-10-31,S05,P112,7,127.25,0
2025-10-31,S05,P116,10,371.57,0
2025-10-31,S06,P024,4,473.37,0
2025-10-31,S06,P025,4,417.38,0
2025-10-31,S06,P037,4,61.08,0
2025-10-31,S06,P041,4,178.15,0
2025-10-31,S06,P054,8,173.06,0
2025-10-31,S06,P057,0,122.16,0
2025-10-31,S06,P066,5,351.21,0
2025-10-31,S06,P074,3,167.97,0
2025-10-31,S06,P076,10,152.7,0
2025-10-31,S06,P082,8,208.69,0
2025-10-31,S06,P088,2,234.14,0
2025-10-31,S06,P099,4,35.63,0
2025-10-31,S06,P100,0,178.15,0
2025-10-31,S06,P112,6,127.25,0
2025-10-31,S06,P116,2,371.57,0
2025-10-31,S08,P024,9,473.37,0
2025-10-31,S08,P025,2,417.38,0
2025-10-31,S08,P037,8,61.08,0
2025-10-31,S08,P041,5,178.15,0
2025-10-31,S08,P054,7,173.06,0
2025-10-31,S08,P057,10,122.16,0
2025-10-31,S08,P066,0,351.21,0
2025-10-31,S08,P074,5,167.97,0
2025-10-31,S08,P076,19,152.7,0
2025-10-31,S08,P082,8,208.69,0
2025-10-31,S08,P088,7,234.14,0
2025-10-31,S08,P099,4,35.63,0
2025-10-31,S08,P100,5,178.15,0
2025-10-31,S08,P112,4,127.25,0
2025-10-31,S08,P116,13,371.57,0
2025-11-01,S01,P024,14,474.3,0
2025-11-01,S01,P025,4,418.2,0
2025-11-01,S01,P037,10,61.2,0
2025-11-01,S01,P041,8,178.5,0
2025-11-01,S01,P054,6,173.4,0
2025-11-01,S01,P057,10,122.4,0
2025-11-01,S01,P066,6,351.9,0
2025-11-01,S01,P074,6,168.3,0
2025-11-01,S01,P076,0,153,0
2025-11-01,S01,P082,9,209.1,20
2025-11-01,S01,P088,6,234.6,0
2025-11-01,S01,P099,7,35.7,0
2025-11-01,S01,P100,1,178.5,0
2025-11-01,S01,P112,9,127.5,0
2025-11-01,S01,P116,9,372.3,0
2025-11-01,S02,P024,11,474.3,0
2025-11-01,S02,P025,2,418.2,0
2025-11-01,S02,P037,4,61.2,0
2025-11-01,S02,P041,3,178.5,0
2025-11-01,S02,P054,4,173.4,0
2025-11-01,S02,P057,0,122.4,0
2025-11-01,S02,P066,4,351.9,0
2025-11-01,S02,P074,2,168.3,0
2025-11-01,S02,P076,15,153,0
2025-11-01,S02,P082,5,209.1,0
2025-11-01,S02,P088,4,234.6,0
2025-11-01,S02,P099,7,35.7,0
2025-11-01,S02,P100,6,178.5,0
2025-11-01,S02,P112,4,127.5,0
2025-11-01,S02,P116,7,372.3,0
2025-11-01,S05,P024,19,474.3,0
2025-11-01,S05,P025,2,418.2,0
2025-11-01,S05,P037,13,61.2,0
2025-11-01,S05,P041,7,178.5,0
2025-11-01,S05,P054,7,173.4,0
2025-11-01,S05,P057,3,122.4,0
2025-11-01,S05,P066,0,351.9,0
2025-11-01,S05,P074,10,1683,0
2025-11-01,S05,P076,24,153,0
2025-11-01,S05,P082,5,209.1,0
2025-11-01,S05,P088,7,234.6,0
2025-11-01,S05,P099,0,35.7,0
2025-11-01,S05,P100,8,178.5,0
2025-11-01,S05,P112,8,127.5,0
2025-11-01,S05,P116,13,372.3,0
2025-11-01,S06,P024,14,474.3,0
2025-11-01,S06,P025,0,418.2,0
2025-11-01,S06,P037,7,61.2,0
2025-11-01,S06,P041,1,178.5,0
2025-11-01,S06,P054,6,173.4,0
2025-11-01,S06,P057,0,122.4,0
2025-11-01,S06,P066,2,351.9,0
2025-11-01,S06,P074,5,168.3,0
2025-11-01,S06,P076,18,153,0
2025-11-01,S06,P082,1,209.1,0
2025-11-01,S06,P088,5,234.6,0
2025-11-01,S06,P099,2,35.7,0
2025-11-01,S06,P100,0,178.5,0
2025-11-01,S06,P112,7,127.5,0
2025-11-01,S06,P116,9,372.3,0
2025-11-01,S08,P024,8,474.3,0
2025-11-01,S08,P025,7,418.2,0
2025-11-01,S08,P037,11,61.2,0
2025-11-01,S08,P041,7,178.5,0
2025-11-01,S08,P054,7,173.4,0
2025-11-01,S08,P057,12,122.4,0
2025-11-01,S08,P066,0,351.9,0
2025-11-01,S08,P074,6,168.3,0
2025-11-01,S08,P076,35,153,0
2025-11-01,S08,P082,5,209.1,0
2025-11-01,S08,P088,13,234.6,0
2025-11-01,S08,P099,11,35.7,0
2025-11-01,S08,P100,5,178.5,0
2025-11-01,S08,P112,8,127.5,0
2025-11-01,S08,P116,17,372.3,0
2025-11-02,S01,P024,9,474.3,0
2025-11-02,S01,P025,3,418.2,0
2025-11-02,S01,P037,7,61.2,0
2025-11-02,S01,P041,9,178.5,0
2025-11-02,S01,P054,6,173.4,0
2025-11-02,S01,P057,9,122.4,0
2025-11-02,S01,P066,4,351.9,0
2025-11-02,S01,P074,4,168.3,0
2025-11-02,S01,P076,0,153,0
2025-11-02,S01,P082,17,209.1,15
2025-11-02,S01,P088,9,234.6,0
2025-11-02,S01,P099,6,35.7,0
2025-11-02,S01,P100,5,178.5,5
2025-11-02,S01,P112,11,127.5,0
2025-11-02,S01,P116,0,372.3,0
2025-11-02,S02,P024,11,474.3,0
2025-11-02,S02,P025,1,418.2,0
2025-11-02,S02,P037,3,61.2,0
2025-11-02,S02,P041,0,178.5,20
2025-11-02,S02,P054,10,173.4,0
2025-11-02,S02,P057,0,122.4,0
2025-11-02,S02,P066,1,351.9,0
2025-11-02,S02,P074,5,168.3,0
2025-11-02,S02,P076,13,153,0
2025-11-02,S02,P082,4,209.1,0
2025-11-02,S02,P088,3,234.6,0
2025-11-02,S02,P099,4,35.7,0
2025-11-02,S02,P100,2,178.5,0
2025-11-02,S02,P112,6,127.5,0
2025-11-02,S02,P116,6,372.3,0
2025-11-02,S05,P024,10,474.3,0
2025-11-02,S05,P025,7,418.2,0
2025-11-02,S05,P037,11,61.2,0
2025-11-02,S05,P041,8,178.5,0
2025-11-02,S05,P054,6,173.4,0
2025-11-02,S05,P057,11,122.4,0
2025-11-02,S05,P066,3,351.9,0
2025-11-02,S05,P074,7,168.3,0
2025-11-02,S05,P076,27,153,0
2025-11-02,S05,P082,3,209.1,0
2025-11-02,S05,P088,8,234.6,25
2025-11-02,S05,P099,0,35.7,0
2025-11-02,S05,P100,6,178.5,0
2025-11-02,S05,P112,9,127.5,0
2025-11-02,S05,P116,12,372.3,0
2025-11-02,S06,P024,7,474.3,0
2025-11-02,S06,P025,2,418.2,0
2025-11-02,S06,P037,3,61.2,0
2025-11-02,S06,P041,4,178.5,0
2025-11-02,S06,P054,4,173.4,25
2025-11-02,S06,P057,0,122.4,0
2025-11-02,S06,P066,3,351.9,0
2025-11-02,S06,P074,3,168.3,0
2025-11-02,S06,P076,21,153,0
2025-11-02,S06,P082,3,209.1,0
2025-11-02,S06,P088,8,234.6,5
2025-11-02,S06,P099,4,35.7,0
2025-11-02,S06,P100,3,178.5,0
2025-11-02,S06,P112,9,127.5,0
2025-11-02,S06,P116,5,372.3,0
2025-11-02,S08,P024,17,474.3,0
2025-11-02,S08,P025,7,418.2,0
2025-11-02,S08,P037,4,61.2,0
2025-11-02,S08,P041,8,178.5,0
2025-11-02,S08,P054,4,173.4,0
2025-11-02,S08,P057,6,122.4,0
2025-11-02,S08,P066,0,351.9,0
2025-11-02,S08,P074,7,168.3,0
2025-11-02,S08,P076,31,153,0
2025-11-02,S08,P082,7,209.1,0
2025-11-02,S08,P088,11,234.6,0
2025-11-02,S08,P099,14,35.7,0
2025-11-02,S08,P100,3,178.5,0
2025-11-02,S08,P112,12,127.5,0
2025-11-02,S08,P116,9,372.3,0
2025-11-03,S01,P024,5,474.3,0
2025-11-03,S01,P025,2,418.2,0
2025-11-03,S01,P037,4,61.2,0
2025-11-03,S01,P041,7,178.5,0
2025-11-03,S01,P054,3,173.4,0
2025-11-03,S01,P057,7,122.4,0
2025-11-03,S01,P066,3,351.9,0
2025-11-03,S01,P074,2,168.3,0
2025-11-03,S01,P076,0,153,0
2025-11-03,S01,P082,2,209.1,0
2025-11-03,S01,P088,4,234.6,0
2025-11-03,S01,P099,6,35.7,0
2025-11-03,S01,P100,1,178.5,0
2025-11-03,S01,P112,3,127.5,0
2025-11-03,S01,P116,0,372.3,0
2025-11-03,S02,P024,4,474.3,0
2025-11-03,S02,P025,2,418.2,0
2025-11-03,S02,P037,5,61.2,0
2025-11-03,S02,P041,2,178.5,0
2025-11-03,S02,P054,3,173.4,0
2025-11-03,S02,P057,0,122.4,0
2025-11-03,S02,P066,3,351.9,0
2025-11-03,S02,P074,3,168.3,0
2025-11-03,S02,P076,10,153,0
2025-11-03,S02,P082,4,209.1,0
2025-11-03,S02,P088,2,234.6,0
2025-11-03,S02,P099,6,35.7,0
2025-11-03,S02,P100,1,178.5,0
2025-11-03,S02,P112,3,127.5,0
2025-11-03,S02,P116,5,372.3,0
2025-11-03,S05,P024,0,474.3,0
2025-11-03,S05,P025,0,418.2,0
2025-11-03,S05,P037,6,61.2,0
2025-11-03,S05,P041,1,178.5,0
2025-11-03,S05,P054,4,173.4,0
2025-11-03,S05,P057,7,122.4,0
2025-11-03,S05,P066,5,351.9,0
2025-11-03,S05,P074,3,168.3,0
2025-11-03,S05,P076,16,153,0
2025-11-03,S05,P082,6,209.1,0
2025-11-03,S05,P088,4,234.6,0
2025-11-03,S05,P099,0,35.7,0
2025-11-03,S05,P100,3,178.5,0
2025-11-03,S05,P112,3,127.5,0
2025-11-03,S05,P116,10,372.3,0
2025-11-03,S06,P024,5,474.3,0
2025-11-03,S06,P025,1,418.2,0
2025-11-03,S06,P037,5,61.2,0
2025-11-03,S06,P041,4,178.5,0
2025-11-03,S06,P054,1,173.4,0
2025-11-03,S06,P057,0,122.4,0
2025-11-03,S06,P066,3,351.9,0
2025-11-03,S06,P074,2,168.3,0
2025-11-03,S06,P076,12,153,0
2025-11-03,S06,P082,3,209.1,0
2025-11-03,S06,P088,2,234.6,0
2025-11-03,S06,P099,2,35.7,0
2025-11-03,S06,P100,4,178.5,0
2025-11-03,S06,P112,4,127.5,0
2025-11-03,S06,P116,0,372.3,0
2025-11-03,S08,P024,19,474.3,25
2025-11-03,S08,P025,4,418.2,0
2025-11-03,S08,P037,2,61.2,0
2025-11-03,S08,P041,4,178.5,0
2025-11-03,S08,P054,2,173.4,0
2025-11-03,S08,P057,4,122.4,0
2025-11-03,S08,P066,0,351.9,0
2025-11-03,S08,P074,7,168.3,0
2025-11-03,S08,P076,16,153,0
2025-11-03,S08,P082,3,209.1,0
2025-11-03,S08,P088,10,234.6,0
2025-11-03,S08,P099,0,35.7,0
2025-11-03,S08,P100,2,178.5,0
2025-11-03,S08,P112,7,127.5,0
2025-11-03,S08,P116,12,372.3,0
2025-11-04,S01,P024,11,474.3,0
2025-11-04,S01,P025,2,418.2,0
2025-11-04,S01,P037,6,61.2,0
2025-11-04,S01,P041,2,178.5,0
2025-11-04,S01,P054,3,173.4,0
2025-11-04,S01,P057,3,122.4,0
2025-11-04,S01,P066,0,351.9,0
2025-11-04,S01,P074,4,168.3,0
2025-11-04,S01,P076,0,153,0
2025-11-04,S01,P082,0,209.1,0
2025-11-04,S01,P088,3,234.6,0
2025-11-04,S01,P099,2,35.7,0
2025-11-04,S01,P100,5,178.5,0
2025-11-04,S01,P112,7,127.5,0
2025-11-04,S01,P116,0,372.3,0
2025-11-04,S02,P024,3,474.3,0
2025-11-04,S02,P025,0,418.2,0
2025-11-04,S02,P037,3,61.2,0
2025-11-04,S02,P041,3,178.5,0
2025-11-04,S02,P054,4,173.4,25
2025-11-04,S02,P057,0,122.4,0
2025-11-04,S02,P066,1,351.9,0
2025-11-04,S02,P074,2,168.3,0
2025-11-04,S02,P076,12,153,0
2025-11-04,S02,P082,1,209.1,0
2025-11-04,S02,P088,3,234.6,0
2025-11-04,S02,P099,2,35.7,0
2025-11-04,S02,P100,2,178.5,0
2025-11-04,S02,P112,2,127.5,0
2025-11-04,S02,P116,3,372.3,5
2025-11-04,S05,P024,10,474.3,0
2025-11-04,S05,P025,5,418.2,10
2025-11-04,S05,P037,6,61.2,0
2025-11-04,S05,P041,3,178.5,0
2025-11-04,S05,P054,1,173.4,0
2025-11-04,S05,P057,4,122.4,0
2025-11-04,S05,P066,1,351.9,0
2025-11-04,S05,P074,4,168.3,0
2025-11-04,S05,P076,0,153,0
2025-11-04,S05,P082,4,209.1,0
2025-11-04,S05,P088,5,234.6,0
2025-11-04,S05,P099,0,35.7,0
2025-11-04,S05,P100,4,178.5,0
2025-11-04,S05,P112,4,127.5,0
2025-11-04,S05,P116,5,372.3,0
2025-11-04,S06,P024,5,474.3,0
2025-11-04,S06,P025,1,418.2,0
2025-11-04,S06,P037,7,61.2,5
2025-11-04,S06,P041,5,178.5,0
2025-11-04,S06,P054,0,173.4,10
2025-11-04,S06,P057,0,122.4,0
2025-11-04,S06,P066,3,351.9,15
2025-11-04,S06,P074,1,168.3,0
2025-11-04,S06,P076,6,153,0
2025-11-04,S06,P082,5,209.1,0
2025-11-04,S06,P088,1,234.6,0
2025-11-04,S06,P099,3,35.7,0
2025-11-04,S06,P100,3,178.5,0
2025-11-04,S06,P112,5,127.5,20
2025-11-04,S06,P116,0,372.3,0
2025-11-04,S08,P024,5,474.3,0
2025-11-04,S08,P025,0,418.2,0
2025-11-04,S08,P037,5,61.2,0
2025-11-04,S08,P041,7,178.5,10
2025-11-04,S08,P054,0,173.4,0
2025-11-04,S08,P057,7,122.4,0
2025-11-04,S08,P066,7,351.9,10
2025-11-04,S08,P074,5,168.3,0
2025-11-04,S08,P076,28,153,0
2025-11-04,S08,P082,3,209.1,0
2025-11-04,S08,P088,6,234.6,25
2025-11-04,S08,P099,0,35.7,0
2025-11-04,S08,P100,8,178.5,0
2025-11-04,S08,P112,7,127.5,0
2025-11-04,S08,P116,4,372.3,0
2025-11-05,S01,P024,10,474.3,0
2025-11-05,S01,P025,2,418.2,0
2025-11-05,S01,P037,5,61.2,0
2025-11-05,S01,P041,7,178.5,0
2025-11-05,S01,P054,3,173.4,0
2025-11-05,S01,P057,8,122.4,0
2025-11-05,S01,P066,0,351.9,0
2025-11-05,S01,P074,1,168.3,0
2025-11-05,S01,P076,0,153,0
2025-11-05,S01,P082,0,209.1,0
2025-11-05,S01,P088,2,234.6,0
2025-11-05,S01,P099,3,35.7,0
2025-11-05,S01,P100,2,178.5,0
2025-11-05,S01,P112,6,127.5,0
2025-11-05,S01,P116,11,372.3,0
2025-11-05,S02,P024,8,474.3,0
2025-11-05,S02,P025,1,418.2,0
2025-11-05,S02,P037,1,61.2,0
2025-11-05,S02,P041,4,178.5,0
2025-11-05,S02,P054,2,173.4,0
2025-11-05,S02,P057,0,122.4,5
2025-11-05,S02,P066,1,351.9,0
2025-11-05,S02,P074,1,168.3,0
2025-11-05,S02,P076,6,153,20
2025-11-05,S02,P082,3,209.1,0
2025-11-05,S02,P088,2,234.6,0
2025-11-05,S02,P099,4,35.7,0
2025-11-05,S02,P100,2,178.5,0
2025-11-05,S02,P112,5,127.5,0
2025-11-05,S02,P116,2,372.3,5
2025-11-05,S05,P024,13,474.3,0
2025-11-05,S05,P025,1,418.2,0
2025-11-05,S05,P037,6,61.2,0
2025-11-05,S05,P041,6,178.5,0
2025-11-05,S05,P054,5,173.4,0
2025-11-05,S05,P057,11,122.4,0
2025-11-05,S05,P066,1,351.9,0
2025-11-05,S05,P074,3,168.3,0
2025-11-05,S05,P076,0,153,20
2025-11-05,S05,P082,6,209.1,0
2025-11-05,S05,P088,4,234.6,0
2025-11-05,S05,P099,9,35.7,0
2025-11-05,S05,P100,4,178.5,5
2025-11-05,S05,P112,7,127.5,0
2025-11-05,S05,P116,8,372.3,0
2025-11-05,S06,P024,9,474.3,0
2025-11-05,S06,P025,4,418.2,0
2025-11-05,S06,P037,2,61.2,10
2025-11-05,S06,P041,1,178.5,0
2025-11-05,S06,P054,2,173.4,0
2025-11-05,S06,P057,0,122.4,0
2025-11-05,S06,P066,0,351.9,0
2025-11-05,S06,P074,2,168.3,0
2025-11-05,S06,P076,13,153,0
2025-11-05,S06,P082,3,209.1,0
2025-11-05,S06,P088,1,234.6,0
2025-11-05,S06,P099,3,35.7,0
2025-11-05,S06,P100,2,178.5,0
2025-11-05,S06,P112,2,127.5,0
2025-11-05,S06,P116,6,372.3,0
2025-11-05,S08,P024,11,474.3,0
2025-11-05,S08,P025,5,418.2,0
2025-11-05,S08,P037,7,61.2,0
2025-11-05,S08,P041,5,178.5,0
2025-11-05,S08,P054,6,173.4,0
2025-11-05,S08,P057,8,122.4,0
2025-11-05,S08,P066,7,351.9,0
2025-11-05,S08,P074,5,168.3,0
2025-11-05,S08,P076,2,153,0
2025-11-05,S08,P082,8,209.1,0
2025-11-05,S08,P088,4,234.6,0
2025-11-05,S08,P099,0,35.7,0
2025-11-05,S08,P100,7,178.5,0
2025-11-05,S08,P112,6,127.5,0
2025-11-05,S08,P116,8,372.3,0
2025-11-06,S01,P024,4,474.3,0
2025-11-06,S01,P025,3,418.2,0
2025-11-06,S01,P037,7,61.2,0
2025-11-06,S01,P041,3,178.5,0
2025-11-06,S01,P054,7,173.4,0
2025-11-06,S01,P057,4,122.4,0
2025-11-06,S01,P066,0,351.9,0
2025-11-06,S01,P074,3,168.3,0
2025-11-06,S01,P076,16,153,0
2025-11-06,S01,P082,0,209.1,0
2025-11-06,S01,P088,4,234.6,0
2025-11-06,S01,P099,5,35.7,0
2025-11-06,S01,P100,3,178.5,0
2025-11-06,S01,P112,7,127.5,0
2025-11-06,S01,P116,6,372.3,0
2025-11-06,S02,P024,3,474.3,0
2025-11-06,S02,P025,1,418.2,0
2025-11-06,S02,P037,2,61.2,0
2025-11-06,S02,P041,3,178.5,0
2025-11-06,S02,P054,2,173.4,0
2025-11-06,S02,P057,0,122.4,0
2025-11-06,S02,P066,1,351.9,0
2025-11-06,S02,P074,4,168.3,0
2025-11-06,S02,P076,0,153,0
2025-11-06,S02,P082,2,209.1,0
2025-11-06,S02,P088,5,234.6,0
2025-11-06,S02,P099,3,35.7,0
2025-11-06,S02,P100,2,178.5,0
2025-11-06,S02,P112,3,127.5,0
2025-11-06,S02,P116,4,372.3,0
2025-11-06,S05,P024,8,474.3,0
2025-11-06,S05,P025,5,418.2,0
2025-11-06,S05,P037,6,61.2,0
2025-11-06,S05,P041,3,178.5,0
2025-11-06,S05,P054,1,173.4,0
2025-11-06,S05,P057,5,122.4,0
2025-11-06,S05,P066,5,351.9,0
2025-11-06,S05,P074,5,168.3,0
2025-11-06,S05,P076,0,153,0
2025-11-06,S05,P082,3,209.1,0
2025-11-06,S05,P088,3,234.6,0
2025-11-06,S05,P099,5,35.7,0
2025-11-06,S05,P100,3,178.5,0
2025-11-06,S05,P112,2,127.5,0
2025-11-06,S05,P116,9,372.3,15
2025-11-06,S06,P024,5,474.3,10
2025-11-06,S06,P025,3,418.2,0
2025-11-06,S06,P037,7,61.2,0
2025-11-06,S06,P041,2,178.5,0
2025-11-06,S06,P054,1,173.4,0
2025-11-06,S06,P057,0,122.4,0
2025-11-06,S06,P066,0,351.9,0
2025-11-06,S06,P074,4,168.3,0
2025-11-06,S06,P076,8,153,0
2025-11-06,S06,P082,0,209.1,0
2025-11-06,S06,P088,5,234.6,0
2025-11-06,S06,P099,0,35.7,0
2025-11-06,S06,P100,0,178.5,0
2025-11-06,S06,P112,2,127.5,0
2025-11-06,S06,P116,2,372.3,0
2025-11-06,S08,P024,0,474.3,0
2025-11-06,S08,P025,2,418.2,0
2025-11-06,S08,P037,6,61.2,0
2025-11-06,S08,P041,1,178.5,0
2025-11-06,S08,P054,1,173.4,0
2025-11-06,S08,P057,3,122.4,0
2025-11-06,S08,P066,1,351.9,0
2025-11-06,S08,P074,3,168.3,0
2025-11-06,S08,P076,0,153,0
2025-11-06,S08,P082,4,209.1,0
2025-11-06,S08,P088,5,234.6,0
2025-11-06,S08,P099,0,35.7,0
2025-11-06,S08,P100,1,178.5,20
2025-11-06,S08,P112,6,127.5,0
2025-11-06,S08,P116,8,372.3,0
2025-11-07,S01,P024,8,474.3,0
2025-11-07,S01,P025,1,418.2,0
2025-11-07,S01,P037,2,61.2,0
2025-11-07,S01,P041,3,178.5,0
2025-11-07,S01,P054,7,173.4,0
2025-11-07,S01,P057,9,122.4,0
2025-11-07,S01,P066,2,351.9,0
2025-11-07,S01,P074,6,168.3,0
2025-11-07,S01,P076,36,153,10
2025-11-07,S01,P082,0,209.1,0
2025-11-07,S01,P088,3,234.6,0
2025-11-07,S01,P099,4,35.7,0
2025-11-07,S01,P100,9,178.5,0
2025-11-07,S01,P112,8,127.5,0
2025-11-07,S01,P116,8,372.3,0
2025-11-07,S02,P024,4,474.3,0
2025-11-07,S02,P025,1,418.2,0
2025-11-07,S02,P037,4,61.2,0
2025-11-07,S02,P041,3,178.5,0
2025-11-07,S02,P054,1,173.4,0
2025-11-07,S02,P057,0,122.4,0
2025-11-07,S02,P066,0,351.9,0
2025-11-07,S02,P074,0,168.3,0
2025-11-07,S02,P076,0,153,0
2025-11-07,S02,P082,2,209.1,0
2025-11-07,S02,P088,2,234.6,0
2025-11-07,S02,P099,4,35.7,0
2025-11-07,S02,P100,1,178.5,0
2025-11-07,S02,P112,2,127.5,5
2025-11-07,S02,P116,1,372.3,0
2025-11-07,S05,P024,17,474.3,10
2025-11-07,S05,P025,2,418.2,5
2025-11-07,S05,P037,12,61.2,5
2025-11-07,S05,P041,4,178.5,0
2025-11-07,S05,P054,5,173.4,0
2025-11-07,S05,P057,9,122.4,0
2025-11-07,S05,P066,3,351.9,0
2025-11-07,S05,P074,3,168.3,0
2025-11-07,S05,P076,0,153,0
2025-11-07,S05,P082,0,209.1,0
2025-11-07,S05,P088,3,234.6,0
2025-11-07,S05,P099,11,35.7,0
2025-11-07,S05,P100,2,178.5,0
2025-11-07,S05,P112,10,127.5,0
2025-11-07,S05,P116,6,372.3,0
2025-11-07,S06,P024,1,474.3,0
2025-11-07,S06,P025,3,418.2,0
2025-11-07,S06,P037,5,61.2,20
2025-11-07,S06,P041,2,178.5,0
2025-11-07,S06,P054,1,173.4,0
2025-11-07,S06,P057,0,122.4,0
2025-11-07,S06,P066,0,351.9,0
2025-11-07,S06,P074,1,168.3,0
2025-11-07,S06,P076,12,153,0
2025-11-07,S06,P082,1,209.1,0
2025-11-07,S06,P088,2,234.6,0
2025-11-07,S06,P099,1,35.7,0
2025-11-07,S06,P100,0,178.5,0
2025-11-07,S06,P112,4,127.5,0
2025-11-07,S06,P116,5,372.3,0
2025-11-07,S08,P024,0,474.3,0
2025-11-07,S08,P025,3,418.2,0
2025-11-07,S08,P037,3,61.2,0
2025-11-07,S08,P041,3,178.5,0
2025-11-07,S08,P054,2,173.4,0
2025-11-07,S08,P057,4,122.4,0
2025-11-07,S08,P066,5,351.9,0
2025-11-07,S08,P074,2,168.3,0
2025-11-07,S08,P076,0,153,0
2025-11-07,S08,P082,7,209.1,20
2025-11-07,S08,P088,6,234.6,0
2025-11-07,S08,P099,0,35.7,0
2025-11-07,S08,P100,2,178.5,0
2025-11-07,S08,P112,8,127.5,0
2025-11-07,S08,P116,8,372.3,0
2025-11-08,S01,P024,10,474.3,0
2025-11-08,S01,P025,4,418.2,0
2025-11-08,S01,P037,5,61.2,0
2025-11-08,S01,P041,0,178.5,0
2025-11-08,S01,P054,7,173.4,0
2025-11-08,S01,P057,9,122.4,0
2025-11-08,S01,P066,5,351.9,0
2025-11-08,S01,P074,0,168.3,0
2025-11-08,S01,P076,24,153,0
2025-11-08,S01,P082,0,209.1,0
2025-11-08,S01,P088,5,234.6,0
2025-11-08,S01,P099,0,35.7,0
2025-11-08,S01,P100,4,178.5,0
2025-11-08,S01,P112,8,127.5,0
2025-11-08,S01,P116,12,372.3,0
2025-11-08,S02,P024,7,474.3,0
2025-11-08,S02,P025,2,418.2,0
2025-11-08,S02,P037,2,61.2,0
2025-11-08,S02,P041,5,178.5,0
2025-11-08,S02,P054,1,173.4,0
2025-11-08,S02,P057,0,122.4,0
2025-11-08,S02,P066,1,351.9,0
2025-11-08,S02,P074,1,168.3,0
2025-11-08,S02,P076,0,153,0
2025-11-08,S02,P082,0,209.1,0
2025-11-08,S02,P088,2,234.6,0
2025-11-08,S02,P099,2,35.7,0
2025-11-08,S02,P100,5,178.5,0
2025-11-08,S02,P112,7,127.5,0
2025-11-08,S02,P116,1,372.3,0
2025-11-08,S05,P024,21,474.3,0
2025-11-08,S05,P025,2,418.2,0
2025-11-08,S05,P037,6,61.2,0
2025-11-08,S05,P041,8,178.5,0
2025-11-08,S05,P054,1,173.4,0
2025-11-08,S05,P057,6,122.4,0
2025-11-08,S05,P066,2,351.9,0
2025-11-08,S05,P074,7,168.3,0
2025-11-08,S05,P076,0,153,0
2025-11-08,S05,P082,5,209.1,0
2025-11-08,S05,P088,9,234.6,0
2025-11-08,S05,P099,7,35.7,0
2025-11-08,S05,P100,3,178.5,0
2025-11-08,S05,P112,9,127.5,0
2025-11-08,S05,P116,9,372.3,0
2025-11-08,S06,P024,0,474.3,0
2025-11-08,S06,P025,1,418.2,0
2025-11-08,S06,P037,3,61.2,0
2025-11-08,S06,P041,5,178.5,0
2025-11-08,S06,P054,0,173.4,0
2025-11-08,S06,P057,6,122.4,0
2025-11-08,S06,P066,0,351.9,0
2025-11-08,S06,P074,3,168.3,0
2025-11-08,S06,P076,9,153,0
2025-11-08,S06,P082,2,209.1,0
2025-11-08,S06,P088,8,234.6,0
2025-11-08,S06,P099,3,35.7,10
2025-11-08,S06,P100,2,178.5,0
2025-11-08,S06,P112,8,127.5,0
2025-11-08,S06,P116,2,372.3,0
2025-11-08,S08,P024,13,474.3,0
2025-11-08,S08,P025,1,418.2,0
2025-11-08,S08,P037,7,61.2,0
2025-11-08,S08,P041,4,178.5,0
2025-11-08,S08,P054,4,173.4,0
2025-11-08,S08,P057,6,122.4,0
2025-11-08,S08,P066,5,351.9,20
2025-11-08,S08,P074,4,168.3,0
2025-11-08,S08,P076,0,153,0
2025-11-08,S08,P082,7,209.1,0
2025-11-08,S08,P088,7,234.6,0
2025-11-08,S08,P099,0,35.7,0
2025-11-08,S08,P100,7,178.5,0
2025-11-08,S08,P112,6,127.5,0
2025-11-08,S08,P116,5,372.3,0
2025-11-09,S01,P024,11,474.3,0
2025-11-09,S01,P025,3,418.2,0
2025-11-09,S01,P037,11,61.2,0
2025-11-09,S01,P041,0,178.5,0
2025-11-09,S01,P054,8,173.4,0
2025-11-09,S01,P057,4,122.4,0
2025-11-09,S01,P066,3,351.9,0
2025-11-09,S01,P074,5,168.3,0
2025-11-09,S01,P076,25,153,0
2025-11-09,S01,P082,0,209.1,0
2025-11-09,S01,P088,11,234.6,0
2025-11-09,S01,P099,0,35.7,0
2025-11-09,S01,P100,3,178.5,0
2025-11-09,S01,P112,8,127.5,0
2025-11-09,S01,P116,13,372.3,0
2025-11-09,S02,P024,6,474.3,0
2025-11-09,S02,P025,3,418.2,0
2025-11-09,S02,P037,1,61.2,0
2025-11-09,S02,P041,4,178.5,15
2025-11-09,S02,P054,3,173.4,0
2025-11-09,S02,P057,0,122.4,0
2025-11-09,S02,P066,1,351.9,0
2025-11-09,S02,P074,1,168.3,0
2025-11-09,S02,P076,8,153,0
2025-11-09,S02,P082,0,209.1,0
2025-11-09,S02,P088,7,234.6,0
2025-11-09,S02,P099,5,35.7,
2025-11-09,S02,P100,5,178.5,0
2025-11-09,S02,P112,3,127.5,0
2025-11-09,S02,P116,5,372.3,0
2025-11-09,S05,P024,8,474.3,0
2025-11-09,S05,P025,5,418.2,20
2025-11-09,S05,P037,8,61.2,0
2025-11-09,S05,P041,0,178.5,15
2025-11-09,S05,P054,9,173.4,10
2025-11-09,S05,P057,10,122.4,0
2025-11-09,S05,P066,2,351.9,0
2025-11-09,S05,P074,8,168.3,0
2025-11-09,S05,P076,23,153,0
2025-11-09,S05,P082,8,209.1,0
2025-11-09,S05,P088,10,234.6,0
2025-11-09,S05,P099,9,35.7,0
2025-11-09,S05,P100,8,178.5,0
2025-11-09,S05,P112,9,127.5,0
2025-11-09,S05,P116,8,372.3,0
2025-11-09,S06,P024,0,474.3,0
2025-11-09,S06,P025,0,418.2,0
2025-11-09,S06,P037,1,61.2,0
2025-11-09,S06,P041,0,178.5,5
2025-11-09,S06,P054,1,173.4,0
2025-11-09,S06,P057,3,122.4,5
2025-11-09,S06,P066,0,351.9,0
2025-11-09,S06,P074,2,168.3,0
2025-11-09,S06,P076,12,153,0
2025-11-09,S06,P082,2,209.1,0
2025-11-09,S06,P088,2,234.6,0
2025-11-09,S06,P099,3,35.7,0
2025-11-09,S06,P100,2,178.5,0
2025-11-09,S06,P112,5,127.5,0
2025-11-09,S06,P116,6,372.3,0
2025-11-09,S08,P024,15,474.3,0
2025-11-09,S08,P025,0,418.2,0
2025-11-09,S08,P037,6,61.2,0
2025-11-09,S08,P041,6,178.5,0
2025-11-09,S08,P054,6,173.4,0
2025-11-09,S08,P057,3,122.4,15
2025-11-09,S08,P066,2,351.9,0
2025-11-09,S08,P074,4,1683,0
2025-11-09,S08,P076,0,153,0
2025-11-09,S08,P082,7,209.1,0
2025-11-09,S08,P088,3,234.6,0
2025-11-09,S08,P099,0,35.7,5
2025-11-09,S08,P100,9,178.5,0
2025-11-09,S08,P112,7,127.5,0
2025-11-09,S08,P116,20,372.3,0
2025-11-10,S01,P024,6,474.3,0
2025-11-10,S01,P025,5,418.2,0
2025-11-10,S01,P037,5,61.2,0
2025-11-10,S01,P041,0,178.5,15
2025-11-10,S01,P054,1,173.4,0
2025-11-10,S01,P057,2,122.4,0
2025-11-10,S01,P066,4,351.9,0
2025-11-10,S01,P074,6,168.3,0
2025-11-10,S01,P076,26,153,0
2025-11-10,S01,P082,0,209.1,0
2025-11-10,S01,P088,4,234.6,0
2025-11-10,S01,P099,0,35.7,0
2025-11-10,S01,P100,3,178.5,0
2025-11-10,S01,P112,3,127.5,0
2025-11-10,S01,P116,8,372.3,0
2025-11-10,S02,P024,6,474.3,0
2025-11-10,S02,P025,2,418.2,0
2025-11-10,S02,P037,1,61.2,0
2025-11-10,S02,P041,1,178.5,0
2025-11-10,S02,P054,4,173.4,0
2025-11-10,S02,P057,0,122.4,0
2025-11-10,S02,P066,1,351.9,0
2025-11-10,S02,P074,0,168.3,0
2025-11-10,S02,P076,8,153,0
2025-11-10,S02,P082,0,209.1,0
2025-11-10,S02,P088,3,234.6,0
2025-11-10,S02,P099,2,35.7,0
2025-11-10,S02,P100,4,178.5,0
2025-11-10,S02,P112,6,127.5,0
2025-11-10,S02,P116,5,372.3,0
2025-11-10,S05,P024,5,474.3,10
2025-11-10,S05,P025,0,418.2,0
2025-11-10,S05,P037,5,61.2,0
2025-11-10,S05,P041,0,178.5,0
2025-11-10,S05,P054,4,173.4,0
2025-11-10,S05,P057,6,122.4,0
2025-11-10,S05,P066,0,351.9,0
2025-11-10,S05,P074,1,168.3,0
2025-11-10,S05,P076,14,153,0
2025-11-10,S05,P082,2,209.1,0
2025-11-10,S05,P088,3,234.6,0
2025-11-10,S05,P099,0,35.7,0
2025-11-10,S05,P100,4,178.5,0
2025-11-10,S05,P112,3,127.5,0
2025-11-10,S05,P116,4,372.3,0
2025-11-10,S06,P024,6,474.3,0
2025-11-10,S06,P025,0,418.2,0
2025-11-10,S06,P037,3,61.2,0
2025-11-10,S06,P041,3,178.5,0
2025-11-10,S06,P054,3,173.4,15
2025-11-10,S06,P057,2,122.4,0
2025-11-10,S06,P066,0,351.9,0
2025-11-10,S06,P074,2,168.3,0
2025-11-10,S06,P076,11,153,0
2025-11-10,S06,P082,1,209.1,0
2025-11-10,S06,P088,4,234.6,0
2025-11-10,S06,P099,0,35.7,0
2025-11-10,S06,P100,0,178.5,0
2025-11-10,S06,P112,3,127.5,0
2025-11-10,S06,P116,1,372.3,0
2025-11-10,S08,P024,4,474.3,0
2025-11-10,S08,P025,0,418.2,0
2025-11-10,S08,P037,2,61.2,0
2025-11-10,S08,P041,1,178.5,0
2025-11-10,S08,P054,4,173.4,0
2025-11-10,S08,P057,3,122.4,0
2025-11-10,S08,P066,1,351.9,0
2025-11-10,S08,P074,6,168.3,0
2025-11-10,S08,P076,24,153,25
2025-11-10,S08,P082,6,209.1,20
2025-11-10,S08,P088,5,234.6,0
2025-11-10,S08,P099,2,35.7,0
2025-11-10,S08,P100,3,178.5,0
2025-11-10,S08,P112,5,127.5,0
2025-11-10,S08,P116,12,372.3,0
2025-11-11,S01,P024,5,474.3,0
2025-11-11,S01,P025,2,418.2,0
2025-11-11,S01,P037,7,61.2,0
2025-11-11,S01,P041,0,178.5,0
2025-11-11,S01,P054,6,173.4,0
2025-11-11,S01,P057,6,122.4,0
2025-11-11,S01,P066,3,351.9,0
2025-11-11,S01,P074,2,168.3,0
2025-11-11,S01,P076,9,153,0
2025-11-11,S01,P082,0,209.1,0
2025-11-11,S01,P088,3,234.6,0
2025-11-11,S01,P099,4,35.7,0
2025-11-11,S01,P100,4,178.5,0
2025-11-11,S01,P112,6,127.5,0
2025-11-11,S01,P116,3,372.3,0
2025-11-11,S02,P024,1,474.3,0
2025-11-11,S02,P025,3,418.2,0
2025-11-11,S02,P037,2,61.2,0
2025-11-11,S02,P041,1,178.5,0
2025-11-11,S02,P054,1,173.4,0
2025-11-11,S02,P057,0,122.4,0
2025-11-11,S02,P066,2,351.9,0
2025-11-11,S02,P074,1,168.3,0
2025-11-11,S02,P076,8,153,0
2025-11-11,S02,P082,1,209.1,0
2025-11-11,S02,P088,3,234.6,0
2025-11-11,S02,P099,2,35.7,0
2025-11-11,S02,P100,0,178.5,0
2025-11-11,S02,P112,2,127.5,0
2025-11-11,S02,P116,6,372.3,0
2025-11-11,S05,P024,0,474.3,0
2025-11-11,S05,P025,0,418.2,0
2025-11-11,S05,P037,4,61.2,0
2025-11-11,S05,P041,0,178.5,0
2025-11-11,S05,P054,5,173.4,0
2025-11-11,S05,P057,7,122.4,0
2025-11-11,S05,P066,0,351.9,5
2025-11-11,S05,P074,3,168.3,0
2025-11-11,S05,P076,17,153,0
2025-11-11,S05,P082,6,209.1,0
2025-11-11,S05,P088,5,234.6,0
2025-11-11,S05,P099,0,35.7,0
2025-11-11,S05,P100,1,178.5,0
2025-11-11,S05,P112,8,127.5,0
2025-11-11,S05,P116,0,372.3,0
2025-11-11,S06,P024,7,474.3,0
2025-11-11,S06,P025,2,418.2,0
2025-11-11,S06,P037,2,61.2,0
2025-11-11,S06,P041,2,178.5,0
2025-11-11,S06,P054,3,173.4,20
2025-11-11,S06,P057,6,122.4,0
2025-11-11,S06,P066,0,351.9,15
2025-11-11,S06,P074,0,168.3,0
2025-11-11,S06,P076,7,153,0
2025-11-11,S06,P082,2,209.1,0
2025-11-11,S06,P088,2,234.6,0
2025-11-11,S06,P099,3,35.7,0
2025-11-11,S06,P100,1,178.5,0
2025-11-11,S06,P112,7,127.5,0
2025-11-11,S06,P116,4,372.3,0
2025-11-11,S08,P024,7,474.3,0
2025-11-11,S08,P025,2,418.2,0
2025-11-11,S08,P037,7,61.2,0
2025-11-11,S08,P041,6,178.5,0
2025-11-11,S08,P054,4,173.4,0
2025-11-11,S08,P057,0,122.4,0
2025-11-11,S08,P066,0,351.9,0
2025-11-11,S08,P074,5,168.3,0
2025-11-11,S08,P076,19,153,0
2025-11-11,S08,P082,3,209.1,0
2025-11-11,S08,P088,4,234.6,0
2025-11-11,S08,P099,3,35.7,0
2025-11-11,S08,P100,7,178.5,0
2025-11-11,S08,P112,5,127.5,0
2025-11-11,S08,P116,3,372.3,0
2025-11-12,S01,P024,12,474.3,0
2025-11-12,S01,P025,1,418.2,0
2025-11-12,S01,P037,5,61.2,0
2025-11-12,S01,P041,0,178.5,0
2025-11-12,S01,P054,5,173.4,20
2025-11-12,S01,P057,4,122.4,0
2025-11-12,S01,P066,1,351.9,0
2025-11-12,S01,P074,5,168.3,0
2025-11-12,S01,P076,21,153,0
2025-11-12,S01,P082,0,209.1,0
2025-11-12,S01,P088,3,234.6,0
2025-11-12,S01,P099,5,35.7,0
2025-11-12,S01,P100,3,178.5,0
2025-11-12,S01,P112,5,127.5,0
2025-11-12,S01,P116,8,372.3,0
2025-11-12,S02,P024,10,474.3,0
2025-11-12,S02,P025,2,418.2,0
2025-11-12,S02,P037,1,61.2,0
2025-11-12,S02,P041,3,178.5,15
2025-11-12,S02,P054,1,173.4,0
2025-11-12,S02,P057,3,122.4,0
2025-11-12,S02,P066,3,351.9,0
2025-11-12,S02,P074,0,168.3,10
2025-11-12,S02,P076,9,153,0
2025-11-12,S02,P082,1,209.1,0
2025-11-12,S02,P088,3,234.6,0
2025-11-12,S02,P099,1,35.7,0
2025-11-12,S02,P100,1,178.5,0
2025-11-12,S02,P112,3,127.5,0
2025-11-12,S02,P116,2,372.3,0
2025-11-12,S05,P024,13,474.3,0
2025-11-12,S05,P025,2,418.2,0
2025-11-12,S05,P037,5,61.2,0
2025-11-12,S05,P041,4,178.5,0
2025-11-12,S05,P054,2,173.4,0
2025-11-12,S05,P057,5,122.4,0
2025-11-12,S05,P066,0,351.9,0
2025-11-12,S05,P074,3,168.3,5
2025-11-12,S05,P076,15,153,0
2025-11-12,S05,P082,2,209.1,0
2025-11-12,S05,P088,3,234.6,0
2025-11-12,S05,P099,0,35.7,0
2025-11-12,S05,P100,2,178.5,0
2025-11-12,S05,P112,4,127.5,0
2025-11-12,S05,P116,0,372.3,0
2025-11-12,S06,P024,2,474.3,5
2025-11-12,S06,P025,1,418.2,0
2025-11-12,S06,P037,4,61.2,0
2025-11-12,S06,P041,2,178.5,0
2025-11-12,S06,P054,0,173.4,0
2025-11-12,S06,P057,5,122.4,0
2025-11-12,S06,P066,0,351.9,0
2025-11-12,S06,P074,0,168.3,0
2025-11-12,S06,P076,11,153,0
2025-11-12,S06,P082,6,209.1,0
2025-11-12,S06,P088,2,234.6,0
2025-11-12,S06,P099,1,35.7,0
2025-11-12,S06,P100,0,178.5,0
2025-11-12,S06,P112,3,127.5,0
2025-11-12,S06,P116,1,372.3,0
2025-11-12,S08,P024,18,474.3,10
2025-11-12,S08,P025,2,418.2,0
2025-11-12,S08,P037,0,61.2,0
2025-11-12,S08,P041,2,178.5,0
2025-11-12,S08,P054,3,173.4,0
2025-11-12,S08,P057,0,122.4,0
2025-11-12,S08,P066,0,351.9,0
2025-11-12,S08,P074,2,168.3,0
2025-11-12,S08,P076,18,153,0
2025-11-12,S08,P082,0,209.1,0
2025-11-12,S08,P088,3,234.6,0
2025-11-12,S08,P099,5,35.7,0
2025-11-12,S08,P100,5,178.5,0
2025-11-12,S08,P112,4,127.5,0
2025-11-12,S08,P116,10,372.3,0
2025-11-13,S01,P024,8,474.3,0
2025-11-13,S01,P025,2,418.2,0
2025-11-13,S01,P037,9,61.2,10
2025-11-13,S01,P041,0,178.5,0
2025-11-13,S01,P054,4,173.4,0
2025-11-13,S01,P057,3,122.4,10
2025-11-13,S01,P066,2,351.9,0
2025-11-13,S01,P074,1,168.3,0
2025-11-13,S01,P076,19,153,0
2025-11-13,S01,P082,5,209.1,0
2025-11-13,S01,P088,0,234.6,0
2025-11-13,S01,P099,6,35.7,0
2025-11-13,S01,P100,3,178.5,0
2025-11-13,S01,P112,8,127.5,0
2025-11-13,S01,P116,9,372.3,0
2025-11-13,S02,P024,5,474.3,0
2025-11-13,S02,P025,2,418.2,0
2025-11-13,S02,P037,2,61.2,0
2025-11-13,S02,P041,6,178.5,0
2025-11-13,S02,P054,0,173.4,0
2025-11-13,S02,P057,3,122.4,0
2025-11-13,S02,P066,2,351.9,0
2025-11-13,S02,P074,0,168.3,0
2025-11-13,S02,P076,5,153,0
2025-11-13,S02,P082,3,209.1,0
2025-11-13,S02,P088,1,234.6,0
2025-11-13,S02,P099,3,35.7,0
2025-11-13,S02,P100,1,178.5,0
2025-11-13,S02,P112,4,127.5,0
2025-11-13,S02,P116,6,372.3,0
2025-11-13,S05,P024,6,474.3,0
2025-11-13,S05,P025,1,418.2,0
2025-11-13,S05,P037,3,61.2,0
2025-11-13,S05,P041,7,178.5,0
2025-11-13,S05,P054,4,173.4,15
2025-11-13,S05,P057,2,122.4,0
2025-11-13,S05,P066,0,351.9,0
2025-11-13,S05,P074,3,168.3,0
2025-11-13,S05,P076,17,153,0
2025-11-13,S05,P082,2,209.1,0
2025-11-13,S05,P088,3,234.6,0
2025-11-13,S05,P099,0,35.7,0
2025-11-13,S05,P100,0,178.5,0
2025-11-13,S05,P112,3,127.5,0
2025-11-13,S05,P116,0,372.3,0
2025-11-13,S06,P024,8,474.3,0
2025-11-13,S06,P025,0,418.2,0
2025-11-13,S06,P037,2,61.2,0
2025-11-13,S06,P041,1,178.5,0
2025-11-13,S06,P054,1,173.4,0
2025-11-13,S06,P057,2,122.4,0
2025-11-13,S06,P066,0,351.9,5
2025-11-13,S06,P074,2,168.3,0
2025-11-13,S06,P076,4,153,0
2025-11-13,S06,P082,2,209.1,0
2025-11-13,S06,P088,1,234.6,0
2025-11-13,S06,P099,0,35.7,0
2025-11-13,S06,P100,2,178.5,10
2025-11-13,S06,P112,3,127.5,0
2025-11-13,S06,P116,1,372.3,0
2025-11-13,S08,P024,7,474.3,0
2025-11-13,S08,P025,2,418.2,0
2025-11-13,S08,P037,0,61.2,0
2025-11-13,S08,P041,4,178.5,0
2025-11-13,S08,P054,2,173.4,0
2025-11-13,S08,P057,0,122.4,0
2025-11-13,S08,P066,0,351.9,0
2025-11-13,S08,P074,1,168.3,0
2025-11-13,S08,P076,17,153,0
2025-11-13,S08,P082,0,209.1,0
2025-11-13,S08,P088,4,234.6,0
2025-11-13,S08,P099,5,35.7,0
2025-11-13,S08,P100,0,178.5,0
2025-11-13,S08,P112,6,127.5,0
2025-11-13,S08,P116,10,372.3,0
2025-11-14,S01,P024,3,474.3,0
2025-11-14,S01,P025,3,418.2,0
2025-11-14,S01,P037,4,61.2,0
2025-11-14,S01,P041,0,178.5,0
2025-11-14,S01,P054,0,173.4,0
2025-11-14,S01,P057,7,122.4,0
2025-11-14,S01,P066,5,351.9,0
2025-11-14,S01,P074,2,168.3,0
2025-11-14,S01,P076,0,153,0
2025-11-14,S01,P082,5,209.1,0
2025-11-14,S01,P088,2,234.6,0
2025-11-14,S01,P099,11,35.7,0
2025-11-14,S01,P100,2,178.5,0
2025-11-14,S01,P112,3,127.5,0
2025-11-14,S01,P116,12,372.3,0
2025-11-14,S02,P024,6,474.3,0
2025-11-14,S02,P025,2,418.2,0
2025-11-14,S02,P037,1,61.2,0
2025-11-14,S02,P041,3,178.5,0
2025-11-14,S02,P054,2,173.4,0
2025-11-14,S02,P057,5,122.4,0
2025-11-14,S02,P066,3,351.9,0
2025-11-14,S02,P074,1,168.3,0
2025-11-14,S02,P076,12,153,0
2025-11-14,S02,P082,7,209.1,25
2025-11-14,S02,P088,4,234.6,0
2025-11-14,S02,P099,1,35.7,0
2025-11-14,S02,P100,3,178.5,0
2025-11-14,S02,P112,9,127.5,10
2025-11-14,S02,P116,4,372.3,0
2025-11-14,S05,P024,10,474.3,0
2025-11-14,S05,P025,2,418.2,0
2025-11-14,S05,P037,7,61.2,0
2025-11-14,S05,P041,8,178.5,0
2025-11-14,S05,P054,1,173.4,0
2025-11-14,S05,P057,5,122.4,0
2025-11-14,S05,P066,3,351.9,0
2025-11-14,S05,P074,4,168.3,0
2025-11-14,S05,P076,16,153,0
2025-11-14,S05,P082,3,209.1,0
2025-11-14,S05,P088,9,234.6,0
2025-11-14,S05,P099,0,35.7,0
2025-11-14,S05,P100,6,178.5,0
2025-11-14,S05,P112,6,127.5,0
2025-11-14,S05,P116,0,372.3,0
2025-11-14,S06,P024,6,474.3,0
2025-11-14,S06,P025,1,418.2,0
2025-11-14,S06,P037,5,61.2,0
2025-11-14,S06,P041,3,178.5,0
2025-11-14,S06,P054,2,173.4,0
2025-11-14,S06,P057,2,122.4,0
2025-11-14,S06,P066,0,351.9,0
2025-11-14,S06,P074,3,168.3,0
2025-11-14,S06,P076,10,153,0
2025-11-14,S06,P082,1,209.1,0
2025-11-14,S06,P088,0,234.6,0
2025-11-14,S06,P099,0,35.7,5
2025-11-14,S06,P100,1,178.5,0
2025-11-14,S06,P112,1,127.5,0
2025-11-14,S06,P116,1,372.3,0
2025-11-14,S08,P024,12,474.3,0
2025-11-14,S08,P025,6,418.2,0
2025-11-14,S08,P037,5,61.2,0
2025-11-14,S08,P041,5,178.5,0
2025-11-14,S08,P054,3,173.4,0
2025-11-14,S08,P057,0,122.4,0
2025-11-14,S08,P066,0,351.9,0
2025-11-14,S08,P074,5,168.3,0
2025-11-14,S08,P076,19,153,0
2025-11-14,S08,P082,0,209.1,0
2025-11-14,S08,P088,5,234.6,
2025-11-14,S08,P099,2,35.7,0
2025-11-14,S08,P100,0,178.5,0
2025-11-14,S08,P112,3,127.5,0
2025-11-14,S08,P116,9,372.3,0
2025-11-15,S01,P024,6,474.3,0
2025-11-15,S01,P025,3,418.2,0
2025-11-15,S01,P037,10,61.2,10
2025-11-15,S01,P041,4,178.5,0
2025-11-15,S01,P054,10,173.4,0
2025-11-15,S01,P057,11,122.4,0
2025-11-15,S01,P066,7,351.9,0
2025-11-15,S01,P074,2,168.3,0
2025-11-15,S01,P076,0,153,25
2025-11-15,S01,P082,6,209.1,0
2025-11-15,S01,P088,5,234.6,0
2025-11-15,S01,P099,5,35.7,0
2025-11-15,S01,P100,2,178.5,0
2025-11-15,S01,P112,8,127.5,10
2025-11-15,S01,P116,6,372.3,0
2025-11-15,S02,P024,12,474.3,0
2025-11-15,S02,P025,4,418.2,0
2025-11-15,S02,P037,3,61.2,0
2025-11-15,S02,P041,6,178.5,0
2025-11-15,S02,P054,4,173.4,0
2025-11-15,S02,P057,7,122.4,0
2025-11-15,S02,P066,1,351.9,0
2025-11-15,S02,P074,2,168.3,0
2025-11-15,S02,P076,11,153,0
2025-11-15,S02,P082,3,209.1,0
2025-11-15,S02,P088,8,234.6,25
2025-11-15,S02,P099,5,35.7,0
2025-11-15,S02,P100,1,178.5,25
2025-11-15,S02,P112,2,127.5,0
2025-11-15,S02,P116,5,372.3,0
2025-11-15,S05,P024,13,474.3,0
2025-11-15,S05,P025,2,418.2,0
2025-11-15,S05,P037,5,61.2,0
2025-11-15,S05,P041,7,178.5,0
2025-11-15,S05,P054,4,173.4,0
2025-11-15,S05,P057,13,122.4,0
2025-11-15,S05,P066,3,351.9,0
2025-11-15,S05,P074,3,168.3,0
2025-11-15,S05,P076,19,153,0
2025-11-15,S05,P082,3,209.1,0
2025-11-15,S05,P088,8,234.6,0
2025-11-15,S05,P099,0,35.7,0
2025-11-15,S05,P100,6,178.5,0
2025-11-15,S05,P112,7,127.5,0
2025-11-15,S05,P116,0,372.3,0
2025-11-15,S06,P024,8,474.3,0
2025-11-15,S06,P025,2,418.2,0
2025-11-15,S06,P037,2,61.2,0
2025-11-15,S06,P041,3,178.5,20
2025-11-15,S06,P054,3,173.4,0
2025-11-15,S06,P057,6,122.4,0
2025-11-15,S06,P066,0,351.9,0
2025-11-15,S06,P074,3,168.3,0
2025-11-15,S06,P076,9,153,0
2025-11-15,S06,P082,2,209.1,0
2025-11-15,S06,P088,0,234.6,0
2025-11-15,S06,P099,0,35.7,0
2025-11-15,S06,P100,3,178.5,0
2025-11-15,S06,P112,5,127.5,0
2025-11-15,S06,P116,4,372.3,0
2025-11-15,S08,P024,6,474.3,0
2025-11-15,S08,P025,4,418.2,0
2025-11-15,S08,P037,9,61.2,0
2025-11-15,S08,P041,1,178.5,0
2025-11-15,S08,P054,2,173.4,0
2025-11-15,S08,P057,6,122.4,0
2025-11-15,S08,P066,0,351.9,0
2025-11-15,S08,P074,5,168.3,0
2025-11-15,S08,P076,33,153,0
2025-11-15,S08,P082,0,209.1,0
2025-11-15,S08,P088,3,234.6,0
2025-11-15,S08,P099,6,35.7,0
2025-11-15,S08,P100,13,178.5,0
2025-11-15,S08,P112,13,127.5,0
2025-11-15,S08,P116,6,372.3,0
2025-11-16,S01,P024,10,474.3,0
2025-11-16,S01,P025,4,418.2,0
2025-11-16,S01,P037,10,61.2,5
2025-11-16,S01,P041,6,178.5,0
2025-11-16,S01,P054,3,173.4,0
2025-11-16,S01,P057,11,122.4,0
2025-11-16,S01,P066,0,351.9,0
2025-11-16,S01,P074,5,168.3,0
2025-11-16,S01,P076,0,153,0
2025-11-16,S01,P082,1,209.1,0
2025-11-16,S01,P088,7,234.6,0
2025-11-16,S01,P099,6,35.7,0
2025-11-16,S01,P100,3,178.5,0
2025-11-16,S01,P112,9,127.5,0
2025-11-16,S01,P116,4,372.3,15
2025-11-16,S02,P024,6,474.3,0
2025-11-16,S02,P025,1,418.2,0
2025-11-16,S02,P037,2,61.2,0
2025-11-16,S02,P041,4,178.5,0
2025-11-16,S02,P054,2,173.4,0
2025-11-16,S02,P057,9,122.4,20
2025-11-16,S02,P066,4,351.9,0
2025-11-16,S02,P074,1,168.3,0
2025-11-16,S02,P076,11,153,0
2025-11-16,S02,P082,3,209.1,0
2025-11-16,S02,P088,5,234.6,0
2025-11-16,S02,P099,3,35.7,0
2025-11-16,S02,P100,5,178.5,0
2025-11-16,S02,P112,1,127.5,0
2025-11-16,S02,P116,5,372.3,0
2025-11-16,S05,P024,11,474.3,0
2025-11-16,S05,P025,5,418.2,20
2025-11-16,S05,P037,6,61.2,0
2025-11-16,S05,P041,8,178.5,0
2025-11-16,S05,P054,2,173.4,0
2025-11-16,S05,P057,9,122.4,0
2025-11-16,S05,P066,2,351.9,0
2025-11-16,S05,P074,4,168.3,0
2025-11-16,S05,P076,6,153,0
2025-11-16,S05,P082,6,209.1,0
2025-11-16,S05,P088,6,234.6,0
2025-11-16,S05,P099,0,35.7,0
2025-11-16,S05,P100,0,178.5,0
2025-11-16,S05,P112,8,127.5,0
2025-11-16,S05,P116,0,372.3,0
2025-11-16,S06,P024,4,474.3,0
2025-11-16,S06,P025,3,418.2,0
2025-11-16,S06,P037,3,61.2,10
2025-11-16,S06,P041,5,178.5,0
2025-11-16,S06,P054,0,173.4,0
2025-11-16,S06,P057,4,122.4,0
2025-11-16,S06,P066,0,351.9,0
2025-11-16,S06,P074,2,168.3,0
2025-11-16,S06,P076,16,153,0
2025-11-16,S06,P082,2,209.1,0
2025-11-16,S06,P088,2,234.6,0
2025-11-16,S06,P099,0,35.7,0
2025-11-16,S06,P100,1,178.5,0
2025-11-16,S06,P112,3,127.5,0
2025-11-16,S06,P116,2,372.3,0
2025-11-16,S08,P024,0,474.3,0
2025-11-16,S08,P025,4,418.2,0
2025-11-16,S08,P037,11,61.2,0
2025-11-16,S08,P041,6,178.5,0
2025-11-16,S08,P054,5,173.4,0
2025-11-16,S08,P057,5,122.4,0
2025-11-16,S08,P066,0,351.9,0
2025-11-16,S08,P074,4,168.3,0
2025-11-16,S08,P076,23,153,0
2025-11-16,S08,P082,1,209.1,0
2025-11-16,S08,P088,4,234.6,0
2025-11-16,S08,P099,12,35.7,0
2025-11-16,S08,P100,3,178.5,0
2025-11-16,S08,P112,12,127.5,0
2025-11-16,S08,P116,12,372.3,0
2025-11-17,S01,P024,6,474.3,0
2025-11-17,S01,P025,5,418.2,0
2025-11-17,S01,P037,4,61.2,0
2025-11-17,S01,P041,1,178.5,0
2025-11-17,S01,P054,7,173.4,0
2025-11-17,S01,P057,4,122.4,0
2025-11-17,S01,P066,2,351.9,0
2025-11-17,S01,P074,1,168.3,0
2025-11-17,S01,P076,19,153,0
2025-11-17,S01,P082,2,209.1,20
2025-11-17,S01,P088,6,234.6,0
2025-11-17,S01,P099,5,35.7,0
2025-11-17,S01,P100,2,178.5,0
2025-11-17,S01,P112,6,127.5,0
2025-11-17,S01,P116,0,372.3,0
2025-11-17,S02,P024,5,474.3,0
2025-11-17,S02,P025,1,418.2,0
2025-11-17,S02,P037,6,61.2,0
2025-11-17,S02,P041,2,178.5,0
2025-11-17,S02,P054,2,173.4,0
2025-11-17,S02,P057,1,122.4,0
2025-11-17,S02,P066,1,351.9,5
2025-11-17,S02,P074,2,168.3,0
2025-11-17,S02,P076,6,153,0
2025-11-17,S02,P082,2,209.1,0
2025-11-17,S02,P088,5,234.6,0
2025-11-17,S02,P099,2,35.7,0
2025-11-17,S02,P100,1,178.5,0
2025-11-17,S02,P112,0,127.5,0
2025-11-17,S02,P116,3,372.3,0
2025-11-17,S05,P024,6,474.3,0
2025-11-17,S05,P025,1,418.2,0
2025-11-17,S05,P037,3,61.2,0
2025-11-17,S05,P041,3,178.5,0
2025-11-17,S05,P054,5,173.4,0
2025-11-17,S05,P057,4,122.4,0
2025-11-17,S05,P066,3,351.9,10
2025-11-17,S05,P074,4,168.3,0
2025-11-17,S05,P076,0,153,0
2025-11-17,S05,P082,4,209.1,0
2025-11-17,S05,P088,6,234.6,10
2025-11-17,S05,P099,0,35.7,0
2025-11-17,S05,P100,3,178.5,10
2025-11-17,S05,P112,5,127.5,0
2025-11-17,S05,P116,0,372.3,0
2025-11-17,S06,P024,4,474.3,0
2025-11-17,S06,P025,0,418.2,0
2025-11-17,S06,P037,4,61.2,0
2025-11-17,S06,P041,2,178.5,0
2025-11-17,S06,P054,1,173.4,0
2025-11-17,S06,P057,0,122.4,0
2025-11-17,S06,P066,1,351.9,0
2025-11-17,S06,P074,1,168.3,0
2025-11-17,S06,P076,8,153,0
2025-11-17,S06,P082,2,209.1,0
2025-11-17,S06,P088,1,234.6,0
2025-11-17,S06,P099,0,35.7,0
2025-11-17,S06,P100,3,178.5,0
2025-11-17,S06,P112,3,127.5,20
2025-11-17,S06,P116,2,372.3,0
2025-11-17,S08,P024,13,474.3,0
2025-11-17,S08,P025,3,418.2,0
2025-11-17,S08,P037,5,61.2,0
2025-11-17,S08,P041,4,178.5,5
2025-11-17,S08,P054,3,173.4,10
2025-11-17,S08,P057,1,122.4,0
2025-11-17,S08,P066,0,351.9,0
2025-11-17,S08,P074,4,168.3,0
2025-11-17,S08,P076,12,153,0
2025-11-17,S08,P082,13,209.1,15
2025-11-17,S08,P088,1,234.6,0
2025-11-17,S08,P099,2,35.7,0
2025-11-17,S08,P100,3,178.5,0
2025-11-17,S08,P112,8,127.5,0
2025-11-17,S08,P116,7,372.3,0
2025-11-18,S01,P024,5,474.3,0
2025-11-18,S01,P025,4,418.2,0
2025-11-18,S01,P037,2,61.2,0
2025-11-18,S01,P041,1,178.5,0
2025-11-18,S01,P054,3,173.4,0
2025-11-18,S01,P057,4,122.4,0
2025-11-18,S01,P066,1,351.9,0
2025-11-18,S01,P074,3,168.3,0
2025-11-18,S01,P076,17,153,0
2025-11-18,S01,P082,5,209.1,0
2025-11-18,S01,P088,4,234.6,0
2025-11-18,S01,P099,0,35.7,0
2025-11-18,S01,P100,1,178.5,0
2025-11-18,S01,P112,4,127.5,0
2025-11-18,S01,P116,0,372.3,0
2025-11-18,S02,P024,8,474.3,0
2025-11-18,S02,P025,0,418.2,15
2025-11-18,S02,P037,1,61.2,0
2025-11-18,S02,P041,2,178.5,0
2025-11-18,S02,P054,1,173.4,0
2025-11-18,S02,P057,3,122.4,0
2025-11-18,S02,P066,3,351.9,0
2025-11-18,S02,P074,1,168.3,0
2025-11-18,S02,P076,1,153,0
2025-11-18,S02,P082,1,209.1,0
2025-11-18,S02,P088,3,234.6,0
2025-11-18,S02,P099,3,35.7,0
2025-11-18,S02,P100,2,178.5,0
2025-11-18,S02,P112,0,127.5,0
2025-11-18,S02,P116,3,372.3,0
2025-11-18,S05,P024,4,474.3,0
2025-11-18,S05,P025,2,418.2,0
2025-11-18,S05,P037,7,61.2,0
2025-11-18,S05,P041,6,178.5,0
2025-11-18,S05,P054,4,173.4,0
2025-11-18,S05,P057,4,122.4,0
2025-11-18,S05,P066,3,351.9,0
2025-11-18,S05,P074,3,168.3,0
2025-11-18,S05,P076,0,153,0
2025-11-18,S05,P082,3,209.1,0
2025-11-18,S05,P088,5,234.6,0
2025-11-18,S05,P099,0,35.7,0
2025-11-18,S05,P100,5,178.5,0
2025-11-18,S05,P112,5,127.5,0
2025-11-18,S05,P116,0,372.3,0
2025-11-18,S06,P024,4,474.3,15
2025-11-18,S06,P025,1,418.2,0
2025-11-18,S06,P037,4,61.2,0
2025-11-18,S06,P041,1,178.5,0
2025-11-18,S06,P054,5,173.4,0
2025-11-18,S06,P057,0,122.4,0
2025-11-18,S06,P066,3,351.9,0
2025-11-18,S06,P074,1,168.3,0
2025-11-18,S06,P076,8,153,0
2025-11-18,S06,P082,0,209.1,0
2025-11-18,S06,P088,3,234.6,0
2025-11-18,S06,P099,0,35.7,0
2025-11-18,S06,P100,3,178.5,0
2025-11-18,S06,P112,2,127.5,5
2025-11-18,S06,P116,1,372.3,0
2025-11-18,S08,P024,8,474.3,0
2025-11-18,S08,P025,2,418.2,0
2025-11-18,S08,P037,2,61.2,0
2025-11-18,S08,P041,4,178.5,0
2025-11-18,S08,P054,5,173.4,0
2025-11-18,S08,P057,3,122.4,0
2025-11-18,S08,P066,2,351.9,0
2025-11-18,S08,P074,5,168.3,0
2025-11-18,S08,P076,10,153,0
2025-11-18,S08,P082,4,209.1,0
2025-11-18,S08,P088,7,234.6,0
2025-11-18,S08,P099,5,35.7,0
2025-11-18,S08,P100,4,178.5,0
2025-11-18,S08,P112,2,127.5,0
2025-11-18,S08,P116,11,372.3,0
2025-11-19,S01,P024,8,474.3,0
2025-11-19,S01,P025,3,418.2,0
2025-11-19,S01,P037,6,61.2,0
2025-11-19,S01,P041,1,178.5,0
2025-11-19,S01,P054,1,173.4,0
2025-11-19,S01,P057,5,122.4,0
2025-11-19,S01,P066,6,351.9,0
2025-11-19,S01,P074,3,168.3,0
2025-11-19,S01,P076,17,153,0
2025-11-19,S01,P082,2,209.1,0
2025-11-19,S01,P088,1,234.6,0
2025-11-19,S01,P099,0,35.7,0
2025-11-19,S01,P100,3,178.5,0
2025-11-19,S01,P112,0,127.5,0
2025-11-19,S01,P116,8,372.3,0
2025-11-19,S02,P024,5,474.3,0
2025-11-19,S02,P025,0,418.2,0
2025-11-19,S02,P037,5,61.2,0
2025-11-19,S02,P041,3,178.5,0
2025-11-19,S02,P054,1,173.4,0
2025-11-19,S02,P057,2,122.4,0
2025-11-19,S02,P066,2,351.9,0
2025-11-19,S02,P074,1,168.3,0
2025-11-19,S02,P076,8,153,0
2025-11-19,S02,P082,0,209.1,0
2025-11-19,S02,P088,2,234.6,0
2025-11-19,S02,P099,5,35.7,0
2025-11-19,S02,P100,4,178.5,0
2025-11-19,S02,P112,0,127.5,0
2025-11-19,S02,P116,7,372.3,0
2025-11-19,S05,P024,5,474.3,0
2025-11-19,S05,P025,0,418.2,0
2025-11-19,S05,P037,7,61.2,0
2025-11-19,S05,P041,5,178.5,0
2025-11-19,S05,P054,3,173.4,0
2025-11-19,S05,P057,5,122.4,0
2025-11-19,S05,P066,0,351.9,0
2025-11-19,S05,P074,5,168.3,15
2025-11-19,S05,P076,0,153,0
2025-11-19,S05,P082,1,209.1,0
2025-11-19,S05,P088,5,234.6,0
2025-11-19,S05,P099,0,35.7,0
2025-11-19,S05,P100,3,178.5,0
2025-11-19,S05,P112,4,127.5,0
2025-11-19,S05,P116,3,372.3,0
2025-11-19,S06,P024,1,474.3,0
2025-11-19,S06,P025,0,418.2,0
2025-11-19,S06,P037,1,61.2,0
2025-11-19,S06,P041,4,178.5,0
2025-11-19,S06,P054,1,173.4,0
2025-11-19,S06,P057,0,122.4,0
2025-11-19,S06,P066,3,351.9,0
2025-11-19,S06,P074,4,168.3,0
2025-11-19,S06,P076,6,153,0
2025-11-19,S06,P082,5,209.1,0
2025-11-19,S06,P088,1,234.6,0
2025-11-19,S06,P099,0,35.7,0
2025-11-19,S06,P100,1,178.5,0
2025-11-19,S06,P112,2,127.5,0
2025-11-19,S06,P116,3,372.3,0
2025-11-19,S08,P024,5,474.3,0
2025-11-19,S08,P025,3,418.2,0
2025-11-19,S08,P037,2,61.2,0
2025-11-19,S08,P041,3,178.5,0
2025-11-19,S08,P054,3,173.4,0
2025-11-19,S08,P057,0,122.4,0
2025-11-19,S08,P066,2,351.9,0
2025-11-19,S08,P074,3,168.3,0
2025-11-19,S08,P076,0,153,0
2025-11-19,S08,P082,7,209.1,0
2025-11-19,S08,P088,2,234.6,0
2025-11-19,S08,P099,0,35.7,0
2025-11-19,S08,P100,3,178.5,0
2025-11-19,S08,P112,10,127.5,0
2025-11-19,S08,P116,1,372.3,0
2025-11-20,S01,P024,7,474.3,0
2025-11-20,S01,P025,0,418.2,0
2025-11-20,S01,P037,6,61.2,10
2025-11-20,S01,P041,3,178.5,0
2025-11-20,S01,P054,9,173.4,0
2025-11-20,S01,P057,4,122.4,0
2025-11-20,S01,P066,1,351.9,0
2025-11-20,S01,P074,4,168.3,0
2025-11-20,S01,P076,14,153,0
2025-11-20,S01,P082,4,209.1,10
2025-11-20,S01,P088,4,234.6,0
2025-11-20,S01,P099,0,35.7,0
2025-11-20,S01,P100,4,178.5,0
2025-11-20,S01,P112,8,127.5,0
2025-11-20,S01,P116,12,372.3,0
2025-11-20,S02,P024,9,474.3,0
2025-11-20,S02,P025,1,418.2,0
2025-11-20,S02,P037,4,61.2,0
2025-11-20,S02,P041,2,178.5,0
2025-11-20,S02,P054,3,173.4,0
2025-11-20,S02,P057,2,122.4,0
2025-11-20,S02,P066,1,351.9,0
2025-11-20,S02,P074,2,168.3,0
2025-11-20,S02,P076,7,153,0
2025-11-20,S02,P082,4,209.1,0
2025-11-20,S02,P088,5,234.6,0
2025-11-20,S02,P099,3,35.7,0
2025-11-20,S02,P100,2,178.5,0
2025-11-20,S02,P112,4,127.5,0
2025-11-20,S02,P116,4,372.3,0
2025-11-20,S05,P024,7,474.3,0
2025-11-20,S05,P025,4,418.2,0
2025-11-20,S05,P037,2,61.2,0
2025-11-20,S05,P041,4,178.5,0
2025-11-20,S05,P054,2,173.4,0
2025-11-20,S05,P057,2,122.4,0
2025-11-20,S05,P066,4,351.9,0
2025-11-20,S05,P074,3,168.3,0
2025-11-20,S05,P076,0,153,0
2025-11-20,S05,P082,3,209.1,0
2025-11-20,S05,P088,4,234.6,0
2025-11-20,S05,P099,0,35.7,0
2025-11-20,S05,P100,3,178.5,0
2025-11-20,S05,P112,9,127.5,0
2025-11-20,S05,P116,5,372.3,0
2025-11-20,S06,P024,4,474.3,0
2025-11-20,S06,P025,0,418.2,0
2025-11-20,S06,P037,3,61.2,0
2025-11-20,S06,P041,4,178.5,15
2025-11-20,S06,P054,1,173.4,0
2025-11-20,S06,P057,0,122.4,0
2025-11-20,S06,P066,1,351.9,0
2025-11-20,S06,P074,3,168.3,0
2025-11-20,S06,P076,9,153,0
2025-11-20,S06,P082,2,209.1,0
2025-11-20,S06,P088,6,234.6,0
2025-11-20,S06,P099,5,35.7,0
2025-11-20,S06,P100,0,178.5,0
2025-11-20,S06,P112,2,127.5,0
2025-11-20,S06,P116,2,372.3,0
2025-11-20,S08,P024,7,474.3,0
2025-11-20,S08,P025,3,418.2,0
2025-11-20,S08,P037,5,61.2,0
2025-11-20,S08,P041,2,178.5,0
2025-11-20,S08,P054,4,173.4,0
2025-11-20,S08,P057,4,122.4,0
2025-11-20,S08,P066,4,351.9,0
2025-11-20,S08,P074,2,168.3,0
2025-11-20,S08,P076,0,153,0
2025-11-20,S08,P082,4,209.1,0
2025-11-20,S08,P088,2,234.6,0
2025-11-20,S08,P099,0,35.7,0
2025-11-20,S08,P100,3,178.5,0
2025-11-20,S08,P112,5,127.5,0
2025-11-20,S08,P116,9,372.3,0
2025-11-21,S01,P024,7,474.3,0
2025-11-21,S01,P025,3,418.2,0
2025-11-21,S01,P037,10,61.2,0
2025-11-21,S01,P041,7,178.5,0
2025-11-21,S01,P054,2,173.4,0
2025-11-21,S01,P057,7,122.4,20
2025-11-21,S01,P066,3,351.9,0
2025-11-21,S01,P074,6,168.3,0
2025-11-21,S01,P076,13,153,0
2025-11-21,S01,P082,4,209.1,0
2025-11-21,S01,P088,7,234.6,0
2025-11-21,S01,P099,0,35.7,0
2025-11-21,S01,P100,10,178.5,15
2025-11-21,S01,P112,5,127.5,0
2025-11-21,S01,P116,10,372.3,0
2025-11-21,S02,P024,3,474.3,0
2025-11-21,S02,P025,0,418.2,0
2025-11-21,S02,P037,2,61.2,0
2025-11-21,S02,P041,3,178.5,0
2025-11-21,S02,P054,5,173.4,0
2025-11-21,S02,P057,1,122.4,0
2025-11-21,S02,P066,1,351.9,0
2025-11-21,S02,P074,2,168.3,0
2025-11-21,S02,P076,17,153,20
2025-11-21,S02,P082,1,209.1,0
2025-11-21,S02,P088,5,234.6,0
2025-11-21,S02,P099,3,35.7,0
2025-11-21,S02,P100,1,178.5,0
2025-11-21,S02,P112,5,127.5,0
2025-11-21,S02,P116,3,372.3,0
2025-11-21,S05,P024,11,474.3,0
2025-11-21,S05,P025,2,418.2,15
2025-11-21,S05,P037,4,61.2,0
2025-11-21,S05,P041,1,178.5,0
2025-11-21,S05,P054,7,173.4,0
2025-11-21,S05,P057,4,122.4,0
2025-11-21,S05,P066,1,351.9,0
2025-11-21,S05,P074,4,168.3,0
2025-11-21,S05,P076,11,153,0
2025-11-21,S05,P082,5,209.1,0
2025-11-21,S05,P088,6,234.6,0
2025-11-21,S05,P099,0,35.7,0
2025-11-21,S05,P100,3,178.5,0
2025-11-21,S05,P112,7,127.5,0
2025-11-21,S05,P116,10,372.3,0
2025-11-21,S06,P024,5,474.3,0
2025-11-21,S06,P025,0,418.2,0
2025-11-21,S06,P037,1,61.2,0
2025-11-21,S06,P041,0,178.5,0
2025-11-21,S06,P054,5,173.4,0
2025-11-21,S06,P057,0,122.4,0
2025-11-21,S06,P066,0,351.9,0
2025-11-21,S06,P074,0,168.3,0
2025-11-21,S06,P076,13,153,0
2025-11-21,S06,P082,1,209.1,0
2025-11-21,S06,P088,3,234.6,0
2025-11-21,S06,P099,6,35.7,20
2025-11-21,S06,P100,2,178.5,0
2025-11-21,S06,P112,3,127.5,0
2025-11-21,S06,P116,6,372.3,0
2025-11-21,S08,P024,8,474.3,0
2025-11-21,S08,P025,3,418.2,0
2025-11-21,S08,P037,4,61.2,0
2025-11-21,S08,P041,7,178.5,0
2025-11-21,S08,P054,5,173.4,5
2025-11-21,S08,P057,6,122.4,0
2025-11-21,S08,P066,2,351.9,0
2025-11-21,S08,P074,5,168.3,0
2025-11-21,S08,P076,0,153,0
2025-11-21,S08,P082,4,209.1,0
2025-11-21,S08,P088,5,234.6,0
2025-11-21,S08,P099,0,35.7,25
2025-11-21,S08,P100,6,178.5,0
2025-11-21,S08,P112,5,127.5,0
2025-11-21,S08,P116,9,372.3,0
2025-11-22,S01,P024,15,474.3,20
2025-11-22,S01,P025,1,418.2,0
2025-11-22,S01,P037,6,61.2,
2025-11-22,S01,P041,10,178.5,0
2025-11-22,S01,P054,3,173.4,0
2025-11-22,S01,P057,5,122.4,0
2025-11-22,S01,P066,3,351.9,0
2025-11-22,S01,P074,2,168.3,0
2025-11-22,S01,P076,40,153,0
2025-11-22,S01,P082,6,209.1,0
2025-11-22,S01,P088,6,234.6,0
2025-11-22,S01,P099,0,35.7,0
2025-11-22,S01,P100,4,178.5,0
2025-11-22,S01,P112,3,127.5,0
2025-11-22,S01,P116,7,372.3,0
2025-11-22,S02,P024,10,474.3,0
2025-11-22,S02,P025,3,418.2,0
2025-11-22,S02,P037,1,61.2,0
2025-11-22,S02,P041,0,178.5,0
2025-11-22,S02,P054,6,173.4,0
2025-11-22,S02,P057,0,122.4,0
2025-11-22,S02,P066,1,351.9,0
2025-11-22,S02,P074,3,168.3,0
2025-11-22,S02,P076,8,153,0
2025-11-22,S02,P082,1,209.1,0
2025-11-22,S02,P088,2,234.6,0
2025-11-22,S02,P099,6,35.7,0
2025-11-22,S02,P100,5,178.5,0
2025-11-22,S02,P112,9,127.5,0
2025-11-22,S02,P116,0,372.3,0
2025-11-22,S05,P024,12,474.3,0
2025-11-22,S05,P025,2,418.2,0
2025-11-22,S05,P037,5,61.2,0
2025-11-22,S05,P041,7,178.5,0
2025-11-22,S05,P054,9,173.4,0
2025-11-22,S05,P057,12,122.4,0
2025-11-22,S05,P066,3,351.9,0
2025-11-22,S05,P074,7,168.3,0
2025-11-22,S05,P076,17,153,0
2025-11-22,S05,P082,7,209.1,0
2025-11-22,S05,P088,8,234.6,0
2025-11-22,S05,P099,6,35.7,0
2025-11-22,S05,P100,6,178.5,0
2025-11-22,S05,P112,12,127.5,10
2025-11-22,S05,P116,6,372.3,0
2025-11-22,S06,P024,6,474.3,0
2025-11-22,S06,P025,0,418.2,0
2025-11-22,S06,P037,8,61.2,0
2025-11-22,S06,P041,0,178.5,0
2025-11-22,S06,P054,5,173.4,0
2025-11-22,S06,P057,8,122.4,0
2025-11-22,S06,P066,2,351.9,0
2025-11-22,S06,P074,4,168.3,0
2025-11-22,S06,P076,7,153,0
2025-11-22,S06,P082,7,209.1,0
2025-11-22,S06,P088,4,234.6,0
2025-11-22,S06,P099,5,35.7,0
2025-11-22,S06,P100,2,178.5,0
2025-11-22,S06,P112,3,127.5,0
2025-11-22,S06,P116,5,372.3,0
2025-11-22,S08,P024,20,474.3,0
2025-11-22,S08,P025,1,418.2,0
2025-11-22,S08,P037,6,61.2,0
2025-11-22,S08,P041,7,178.5,0
2025-11-22,S08,P054,7,173.4,0
2025-11-22,S08,P057,9,122.4,0
2025-11-22,S08,P066,0,351.9,0
2025-11-22,S08,P074,7,168.3,0
2025-11-22,S08,P076,0,153,0
2025-11-22,S08,P082,4,209.1,0
2025-11-22,S08,P088,9,234.6,0
2025-11-22,S08,P099,0,35.7,0
2025-11-22,S08,P100,8,178.5,0
2025-11-22,S08,P112,13,127.5,0
2025-11-22,S08,P116,9,372.3,0
2025-11-23,S01,P024,9,474.3,0
2025-11-23,S01,P025,3,418.2,0
2025-11-23,S01,P037,6,61.2,0
2025-11-23,S01,P041,8,178.5,0
2025-11-23,S01,P054,3,173.4,0
2025-11-23,S01,P057,11,122.4,0
2025-11-23,S01,P066,2,351.9,0
2025-11-23,S01,P074,6,168.3,0
2025-11-23,S01,P076,28,153,0
2025-11-23,S01,P082,0,209.1,0
2025-11-23,S01,P088,7,234.6,0
2025-11-23,S01,P099,10,35.7,0
2025-11-23,S01,P100,2,178.5,0
2025-11-23,S01,P112,8,127.5,0
2025-11-23,S01,P116,9,372.3,0
2025-11-23,S02,P024,4,474.3,0
2025-11-23,S02,P025,2,418.2,0
2025-11-23,S02,P037,2,61.2,0
2025-11-23,S02,P041,3,178.5,0
2025-11-23,S02,P054,7,173.4,25
2025-11-23,S02,P057,0,122.4,0
2025-11-23,S02,P066,2,351.9,0
2025-11-23,S02,P074,2,168.3,0
2025-11-23,S02,P076,8,153,0
2025-11-23,S02,P082,1,209.1,0
2025-11-23,S02,P088,4,234.6,0
2025-11-23,S02,P099,2,35.7,0
2025-11-23,S02,P100,2,178.5,0
2025-11-23,S02,P112,6,127.5,0
2025-11-23,S02,P116,0,372.3,0
2025-11-23,S05,P024,12,474.3,0
2025-11-23,S05,P025,4,418.2,0
2025-11-23,S05,P037,5,61.2,0
2025-11-23,S05,P041,0,178.5,0
2025-11-23,S05,P054,5,173.4,0
2025-11-23,S05,P057,9,122.4,0
2025-11-23,S05,P066,0,351.9,0
2025-11-23,S05,P074,6,168.3,0
2025-11-23,S05,P076,12,153,0
2025-11-23,S05,P082,5,209.1,0
2025-11-23,S05,P088,7,234.6,0
2025-11-23,S05,P099,10,35.7,0
2025-11-23,S05,P100,5,178.5,0
2025-11-23,S05,P112,6,127.5,0
2025-11-23,S05,P116,14,372.3,0
2025-11-23,S06,P024,11,474.3,0
2025-11-23,S06,P025,1,418.2,0
2025-11-23,S06,P037,1,61.2,0
2025-11-23,S06,P041,0,178.5,5
2025-11-23,S06,P054,1,173.4,0
2025-11-23,S06,P057,6,122.4,0
2025-11-23,S06,P066,6,351.9,15
2025-11-23,S06,P074,4,168.3,0
2025-11-23,S06,P076,10,153,0
2025-11-23,S06,P082,2,209.1,0
2025-11-23,S06,P088,2,234.6,0
2025-11-23,S06,P099,10,35.7,0
2025-11-23,S06,P100,3,178.5,0
2025-11-23,S06,P112,2,127.5,0
2025-11-23,S06,P116,7,372.3,0
2025-11-23,S08,P024,15,474.3,0
2025-11-23,S08,P025,3,418.2,0
2025-11-23,S08,P037,7,61.2,0
2025-11-23,S08,P041,3,178.5,0
2025-11-23,S08,P054,6,173.4,0
2025-11-23,S08,P057,6,122.4,0
2025-11-23,S08,P066,6,351.9,0
2025-11-23,S08,P074,6,168.3,0
2025-11-23,S08,P076,19,153,0
2025-11-23,S08,P082,4,209.1,0
2025-11-23,S08,P088,6,234.6,0
2025-11-23,S08,P099,0,35.7,0
2025-11-23,S08,P100,1,178.5,0
2025-11-23,S08,P112,7,127.5,0
2025-11-23,S08,P116,11,372.3,0
2025-11-24,S01,P024,11,474.3,0
2025-11-24,S01,P025,1,418.2,0
2025-11-24,S01,P037,5,61.2,0
2025-11-24,S01,P041,9,178.5,0
2025-11-24,S01,P054,1,173.4,0
2025-11-24,S01,P057,4,122.4,20
2025-11-24,S01,P066,1,351.9,0
2025-11-24,S01,P074,0,168.3,0
2025-11-24,S01,P076,13,153,0
2025-11-24,S01,P082,0,209.1,0
2025-11-24,S01,P088,2,234.6,0
2025-11-24,S01,P099,5,35.7,0
2025-11-24,S01,P100,3,178.5,0
2025-11-24,S01,P112,9,127.5,0
2025-11-24,S01,P116,4,372.3,0
2025-11-24,S02,P024,6,474.3,0
2025-11-24,S02,P025,1,418.2,0
2025-11-24,S02,P037,2,61.2,0
2025-11-24,S02,P041,5,178.5,0
2025-11-24,S02,P054,4,173.4,0
2025-11-24,S02,P057,0,122.4,5
2025-11-24,S02,P066,0,351.9,0
2025-11-24,S02,P074,1,168.3,0
2025-11-24,S02,P076,5,153,0
2025-11-24,S02,P082,4,209.1,0
2025-11-24,S02,P088,2,234.6,0
2025-11-24,S02,P099,2,35.7,0
2025-11-24,S02,P100,2,178.5,0
2025-11-24,S02,P112,0,127.5,0
2025-11-24,S02,P116,6,372.3,0
2025-11-24,S05,P024,5,474.3,0
2025-11-24,S05,P025,3,418.2,0
2025-11-24,S05,P037,7,61.2,0
2025-11-24,S05,P041,0,178.5,0
2025-11-24,S05,P054,6,173.4,0
2025-11-24,S05,P057,4,122.4,0
2025-11-24,S05,P066,0,351.9,0
2025-11-24,S05,P074,2,168.3,0
2025-11-24,S05,P076,14,153,0
2025-11-24,S05,P082,6,209.1,0
2025-11-24,S05,P088,2,234.6,0
2025-11-24,S05,P099,5,35.7,0
2025-11-24,S05,P100,3,178.5,0
2025-11-24,S05,P112,5,127.5,0
2025-11-24,S05,P116,3,372.3,0
2025-11-24,S06,P024,4,474.3,0
2025-11-24,S06,P025,1,418.2,20
2025-11-24,S06,P037,2,61.2,0
2025-11-24,S06,P041,0,178.5,0
2025-11-24,S06,P054,2,173.4,0
2025-11-24,S06,P057,5,122.4,0
2025-11-24,S06,P066,0,351.9,0
2025-11-24,S06,P074,0,168.3,0
2025-11-24,S06,P076,15,153,0
2025-11-24,S06,P082,2,209.1,0
2025-11-24,S06,P088,1,234.6,0
2025-11-24,S06,P099,3,35.7,0
2025-11-24,S06,P100,2,178.5,5
2025-11-24,S06,P112,0,127.5,0
2025-11-24,S06,P116,4,372.3,0
2025-11-24,S08,P024,6,474.3,0
2025-11-24,S08,P025,3,418.2,0
2025-11-24,S08,P037,5,61.2,0
2025-11-24,S08,P041,2,178.5,0
2025-11-24,S08,P054,2,173.4,0
2025-11-24,S08,P057,4,122.4,0
2025-11-24,S08,P066,4,351.9,0
2025-11-24,S08,P074,3,168.3,0
2025-11-24,S08,P076,16,153,0
2025-11-24,S08,P082,6,209.1,0
2025-11-24,S08,P088,5,234.6,0
2025-11-24,S08,P099,9,35.7,0
2025-11-24,S08,P100,1,178.5,0
2025-11-24,S08,P112,6,127.5,0
2025-11-24,S08,P116,7,372.3,0
2025-11-25,S01,P024,8,474.3,0
2025-11-25,S01,P025,4,418.2,0
2025-11-25,S01,P037,7,61.2,0
2025-11-25,S01,P041,3,178.5,0
2025-11-25,S01,P054,7,173.4,0
2025-11-25,S01,P057,6,122.4,0
2025-11-25,S01,P066,3,351.9,0
2025-11-25,S01,P074,4,168.3,0
2025-11-25,S01,P076,13,153,0
2025-11-25,S01,P082,0,209.1,0
2025-11-25,S01,P088,4,234.6,0
2025-11-25,S01,P099,9,35.7,0
2025-11-25,S01,P100,1,178.5,0
2025-11-25,S01,P112,6,127.5,0
2025-11-25,S01,P116,6,372.3,0
2025-11-25,S02,P024,3,474.3,0
2025-11-25,S02,P025,0,418.2,0
2025-11-25,S02,P037,2,61.2,0
2025-11-25,S02,P041,1,178.5,0
2025-11-25,S02,P054,0,173.4,0
2025-11-25,S02,P057,4,122.4,0
2025-11-25,S02,P066,2,351.9,0
2025-11-25,S02,P074,1,168.3,0
2025-11-25,S02,P076,10,153,0
2025-11-25,S02,P082,3,209.1,0
2025-11-25,S02,P088,1,234.6,0
2025-11-25,S02,P099,3,35.7,0
2025-11-25,S02,P100,1,178.5,0
2025-11-25,S02,P112,2,127.5,0
2025-11-25,S02,P116,4,372.3,0
2025-11-25,S05,P024,10,474.3,0
2025-11-25,S05,P025,1,418.2,0
2025-11-25,S05,P037,6,61.2,0
2025-11-25,S05,P041,0,178.5,0
2025-11-25,S05,P054,7,173.4,0
2025-11-25,S05,P057,4,122.4,0
2025-11-25,S05,P066,0,351.9,0
2025-11-25,S05,P074,5,168.3,20
2025-11-25,S05,P076,19,153,0
2025-11-25,S05,P082,3,209.1,0
2025-11-25,S05,P088,6,234.6,0
2025-11-25,S05,P099,3,35.7,0
2025-11-25,S05,P100,2,178.5,0
2025-11-25,S05,P112,4,127.5,0
2025-11-25,S05,P116,5,372.3,0
2025-11-25,S06,P024,6,474.3,0
2025-11-25,S06,P025,3,418.2,0
2025-11-25,S06,P037,6,61.2,0
2025-11-25,S06,P041,7,178.5,10
2025-11-25,S06,P054,1,173.4,0
2025-11-25,S06,P057,3,122.4,0
2025-11-25,S06,P066,0,351.9,0
2025-11-25,S06,P074,3,168.3,0
2025-11-25,S06,P076,13,153,5
2025-11-25,S06,P082,2,209.1,0
2025-11-25,S06,P088,6,234.6,0
2025-11-25,S06,P099,1,35.7,0
2025-11-25,S06,P100,1,178.5,0
2025-11-25,S06,P112,3,127.5,0
2025-11-25,S06,P116,5,372.3,0
2025-11-25,S08,P024,0,474.3,0
2025-11-25,S08,P025,1,418.2,0
2025-11-25,S08,P037,4,61.2,0
2025-11-25,S08,P041,1,178.5,0
2025-11-25,S08,P054,6,173.4,10
2025-11-25,S08,P057,3,122.4,0
2025-11-25,S08,P066,5,351.9,0
2025-11-25,S08,P074,2,168.3,0
2025-11-25,S08,P076,14,153,0
2025-11-25,S08,P082,3,209.1,5
2025-11-25,S08,P088,1,234.6,20
2025-11-25,S08,P099,5,35.7,10
2025-11-25,S08,P100,5,178.5,0
2025-11-25,S08,P112,5,127.5,20
2025-11-25,S08,P116,5,372.3,0
2025-11-26,S01,P024,3,474.3,0
2025-11-26,S01,P025,2,418.2,0
2025-11-26,S01,P037,7,61.2,0
2025-11-26,S01,P041,3,178.5,5
2025-11-26,S01,P054,2,173.4,0
2025-11-26,S01,P057,8,122.4,0
2025-11-26,S01,P066,1,351.9,0
2025-11-26,S01,P074,3,168.3,0
2025-11-26,S01,P076,2,153,0
2025-11-26,S01,P082,0,209.1,0
2025-11-26,S01,P088,2,234.6,0
2025-11-26,S01,P099,2,35.7,0
2025-11-26,S01,P100,3,178.5,0
2025-11-26,S01,P112,6,127.5,0
2025-11-26,S01,P116,8,372.3,0
2025-11-26,S02,P024,1,474.3,0
2025-11-26,S02,P025,1,418.2,0
2025-11-26,S02,P037,4,61.2,0
2025-11-26,S02,P041,3,178.5,0
2025-11-26,S02,P054,2,173.4,0
2025-11-26,S02,P057,2,122.4,0
2025-11-26,S02,P066,2,351.9,0
2025-11-26,S02,P074,0,168.3,0
2025-11-26,S02,P076,9,153,0
2025-11-26,S02,P082,2,209.1,0
2025-11-26,S02,P088,4,234.6,10
2025-11-26,S02,P099,2,35.7,0
2025-11-26,S02,P100,3,178.5,0
2025-11-26,S02,P112,5,127.5,0
2025-11-26,S02,P116,6,372.3,0
2025-11-26,S05,P024,11,474.3,0
2025-11-26,S05,P025,3,418.2,0
2025-11-26,S05,P037,5,61.2,0
2025-11-26,S05,P041,2,178.5,0
2025-11-26,S05,P054,4,173.4,0
2025-11-26,S05,P057,6,122.4,0
2025-11-26,S05,P066,0,351.9,0
2025-11-26,S05,P074,3,168.3,0
2025-11-26,S05,P076,19,153,0
2025-11-26,S05,P082,0,209.1,0
2025-11-26,S05,P088,4,234.6,0
2025-11-26,S05,P099,10,35.7,0
2025-11-26,S05,P100,4,178.5,0
2025-11-26,S05,P112,8,127.5,0
2025-11-26,S05,P116,6,372.3,0
2025-11-26,S06,P024,2,474.3,0
2025-11-26,S06,P025,0,418.2,5
2025-11-26,S06,P037,3,61.2,0
2025-11-26,S06,P041,1,178.5,5
2025-11-26,S06,P054,0,173.4,0
2025-11-26,S06,P057,1,122.4,0
2025-11-26,S06,P066,1,351.9,0
2025-11-26,S06,P074,0,168.3,0
2025-11-26,S06,P076,12,153,0
2025-11-26,S06,P082,0,209.1,0
2025-11-26,S06,P088,3,234.6,0
2025-11-26,S06,P099,0,35.7,0
2025-11-26,S06,P100,1,178.5,0
2025-11-26,S06,P112,4,127.5,0
2025-11-26,S06,P116,9,372.3,0
2025-11-26,S08,P024,0,474.3,20
2025-11-26,S08,P025,4,418.2,0
2025-11-26,S08,P037,5,61.2,0
2025-11-26,S08,P041,6,178.5,25
2025-11-26,S08,P054,6,173.4,0
2025-11-26,S08,P057,5,122.4,0
2025-11-26,S08,P066,3,351.9,0
2025-11-26,S08,P074,4,168.3,0
2025-11-26,S08,P076,30,153,15
2025-11-26,S08,P082,3,209.1,0
2025-11-26,S08,P088,4,234.6,0
2025-11-26,S08,P099,9,35.7,0
2025-11-26,S08,P100,1,178.5,0
2025-11-26,S08,P112,7,127.5,0
2025-11-26,S08,P116,8,372.3,0
2025-11-27,S01,P024,3,474.3,0
2025-11-27,S01,P025,1,418.2,0
2025-11-27,S01,P037,4,61.2,0
2025-11-27,S01,P041,4,178.5,0
2025-11-27,S01,P054,6,173.4,0
2025-11-27,S01,P057,9,122.4,0
2025-11-27,S01,P066,4,351.9,0
2025-11-27,S01,P074,4,168.3,0
2025-11-27,S01,P076,0,153,0
2025-11-27,S01,P082,3,209.1,0
2025-11-27,S01,P088,3,234.6,0
2025-11-27,S01,P099,7,35.7,0
2025-11-27,S01,P100,1,178.5,0
2025-11-27,S01,P112,11,127.5,0
2025-11-27,S01,P116,8,372.3,0
2025-11-27,S02,P024,6,474.3,0
2025-11-27,S02,P025,0,418.2,0
2025-11-27,S02,P037,3,61.2,0
2025-11-27,S02,P041,3,178.5,0
2025-11-27,S02,P054,1,173.4,0
2025-11-27,S02,P057,3,122.4,0
2025-11-27,S02,P066,2,351.9,0
2025-11-27,S02,P074,3,168.3,0
2025-11-27,S02,P076,7,153,0
2025-11-27,S02,P082,1,209.1,0
2025-11-27,S02,P088,2,234.6,0
2025-11-27,S02,P099,4,35.7,0
2025-11-27,S02,P100,2,178.5,0
2025-11-27,S02,P112,0,127.5,0
2025-11-27,S02,P116,4,372.3,0
2025-11-27,S05,P024,8,474.3,0
2025-11-27,S05,P025,3,418.2,0
2025-11-27,S05,P037,6,61.2,5
2025-11-27,S05,P041,6,178.5,0
2025-11-27,S05,P054,3,173.4,0
2025-11-27,S05,P057,6,122.4,0
2025-11-27,S05,P066,2,351.9,0
2025-11-27,S05,P074,5,168.3,0
2025-11-27,S05,P076,11,153,0
2025-11-27,S05,P082,5,209.1,0
2025-11-27,S05,P088,6,234.6,20
2025-11-27,S05,P099,7,35.7,0
2025-11-27,S05,P100,4,178.5,0
2025-11-27,S05,P112,4,127.5,0
2025-11-27,S05,P116,4,372.3,0
2025-11-27,S06,P024,4,474.3,0
2025-11-27,S06,P025,0,418.2,0
2025-11-27,S06,P037,1,61.2,0
2025-11-27,S06,P041,2,178.5,0
2025-11-27,S06,P054,1,173.4,0
2025-11-27,S06,P057,2,122.4,0
2025-11-27,S06,P066,0,351.9,0
2025-11-27,S06,P074,3,168.3,0
2025-11-27,S06,P076,11,153,25
2025-11-27,S06,P082,0,209.1,0
2025-11-27,S06,P088,2,234.6,0
2025-11-27,S06,P099,3,35.7,0
2025-11-27,S06,P100,3,178.5,0
2025-11-27,S06,P112,5,127.5,0
2025-11-27,S06,P116,8,372.3,0
2025-11-27,S08,P024,7,474.3,0
2025-11-27,S08,P025,3,418.2,0
2025-11-27,S08,P037,5,61.2,0
2025-11-27,S08,P041,3,178.5,0
2025-11-27,S08,P054,3,173.4,0
2025-11-27,S08,P057,6,122.4,0
2025-11-27,S08,P066,0,351.9,0
2025-11-27,S08,P074,0,168.3,0
2025-11-27,S08,P076,19,153,0
2025-11-27,S08,P082,2,209.1,0
2025-11-27,S08,P088,3,234.6,0
2025-11-27,S08,P099,3,35.7,0
2025-11-27,S08,P100,2,178.5,0
2025-11-27,S08,P112,4,127.5,0
2025-11-27,S08,P116,7,372.3,0
2025-11-28,S01,P024,4,474.3,0
2025-11-28,S01,P025,2,418.2,15
2025-11-28,S01,P037,1,61.2,0
2025-11-28,S01,P041,0,178.5,0
2025-11-28,S01,P054,7,173.4,0
2025-11-28,S01,P057,7,122.4,0
2025-11-28,S01,P066,5,351.9,0
2025-11-28,S01,P074,4,168.3,0
2025-11-28,S01,P076,0,153,0
2025-11-28,S01,P082,4,209.1,0
2025-11-28,S01,P088,5,234.6,0
2025-11-28,S01,P099,6,35.7,0
2025-11-28,S01,P100,5,178.5,0
2025-11-28,S01,P112,5,127.5,0
2025-11-28,S01,P116,6,372.3,0
2025-11-28,S02,P024,5,474.3,0
2025-11-28,S02,P025,2,418.2,0
2025-11-28,S02,P037,4,61.2,0
2025-11-28,S02,P041,4,178.5,0
2025-11-28,S02,P054,2,173.4,0
2025-11-28,S02,P057,2,122.4,0
2025-11-28,S02,P066,1,351.9,0
2025-11-28,S02,P074,2,168.3,5
2025-11-28,S02,P076,0,153,0
2025-11-28,S02,P082,2,209.1,0
2025-11-28,S02,P088,3,234.6,0
2025-11-28,S02,P099,2,35.7,0
2025-11-28,S02,P100,1,178.5,0
2025-11-28,S02,P112,1,127.5,0
2025-11-28,S02,P116,7,372.3,0
2025-11-28,S05,P024,17,474.3,20
2025-11-28,S05,P025,1,418.2,0
2025-11-28,S05,P037,6,61.2,10
2025-11-28,S05,P041,5,178.5,0
2025-11-28,S05,P054,4,173.4,0
2025-11-28,S05,P057,8,122.4,10
2025-11-28,S05,P066,2,351.9,0
2025-11-28,S05,P074,6,168.3,0
2025-11-28,S05,P076,14,153,0
2025-11-28,S05,P082,4,209.1,0
2025-11-28,S05,P088,5,234.6,0
2025-11-28,S05,P099,0,35.7,25
2025-11-28,S05,P100,9,178.5,0
2025-11-28,S05,P112,5,127.5,0
2025-11-28,S05,P116,8,372.3,0
2025-11-28,S06,P024,5,474.3,0
2025-11-28,S06,P025,2,418.2,0
2025-11-28,S06,P037,2,61.2,0
2025-11-28,S06,P041,6,178.5,0
2025-11-28,S06,P054,1,173.4,0
2025-11-28,S06,P057,1,122.4,10
2025-11-28,S06,P066,0,351.9,0
2025-11-28,S06,P074,4,168.3,0
2025-11-28,S06,P076,14,153,20
2025-11-28,S06,P082,0,209.1,0
2025-11-28,S06,P088,2,234.6,0
2025-11-28,S06,P099,2,35.7,0
2025-11-28,S06,P100,0,178.5,0
2025-11-28,S06,P112,8,127.5,10
2025-11-28,S06,P116,4,372.3,0
2025-11-28,S08,P024,13,474.3,0
2025-11-28,S08,P025,4,418.2,0
2025-11-28,S08,P037,5,61.2,0
2025-11-28,S08,P041,5,178.5,0
2025-11-28,S08,P054,5,173.4,0
2025-11-28,S08,P057,4,122.4,0
2025-11-28,S08,P066,0,351.9,0
2025-11-28,S08,P074,3,168.3,0
2025-11-28,S08,P076,23,153,0
2025-11-28,S08,P082,3,209.1,0
2025-11-28,S08,P088,2,234.6,0
2025-11-28,S08,P099,2,35.7,0
2025-11-28,S08,P100,0,178.5,0
2025-11-28,S08,P112,2,127.5,0
2025-11-28,S08,P116,10,372.3,0
2025-11-29,S01,P024,8,474.3,0
2025-11-29,S01,P025,3,418.2,0
2025-11-29,S01,P037,7,61.2,0
2025-11-29,S01,P041,0,178.5,0
2025-11-29,S01,P054,11,173.4,15
2025-11-29,S01,P057,9,122.4,0
2025-11-29,S01,P066,6,351.9,0
2025-11-29,S01,P074,7,168.3,0
2025-11-29,S01,P076,24,153,0
2025-11-29,S01,P082,9,209.1,0
2025-11-29,S01,P088,4,234.6,0
2025-11-29,S01,P099,3,35.7,0
2025-11-29,S01,P100,8,178.5,0
2025-11-29,S01,P112,5,127.5,0
2025-11-29,S01,P116,8,372.3,0
2025-11-29,S02,P024,10,474.3,0
2025-11-29,S02,P025,0,418.2,0
2025-11-29,S02,P037,3,61.2,0
2025-11-29,S02,P041,3,178.5,0
2025-11-29,S02,P054,4,173.4,0
2025-11-29,S02,P057,8,122.4,0
2025-11-29,S02,P066,0,351.9,0
2025-11-29,S02,P074,1,168.3,0
2025-11-29,S02,P076,15,153,0
2025-11-29,S02,P082,0,209.1,0
2025-11-29,S02,P088,3,234.6,0
2025-11-29,S02,P099,4,35.7,0
2025-11-29,S02,P100,3,178.5,0
2025-11-29,S02,P112,8,127.5,0
2025-11-29,S02,P116,3,372.3,0
2025-11-29,S05,P024,3,474.3,0
2025-11-29,S05,P025,4,418.2,0
2025-11-29,S05,P037,11,61.2,0
2025-11-29,S05,P041,4,178.5,0
2025-11-29,S05,P054,4,173.4,0
2025-11-29,S05,P057,10,122.4,15
2025-11-29,S05,P066,7,351.9,0
2025-11-29,S05,P074,5,168.3,0
2025-11-29,S05,P076,10,153,0
2025-11-29,S05,P082,2,209.1,25
2025-11-29,S05,P088,9,234.6,0
2025-11-29,S05,P099,0,35.7,20
2025-11-29,S05,P100,4,178.5,10
2025-11-29,S05,P112,11,127.5,0
2025-11-29,S05,P116,13,372.3,0
2025-11-29,S06,P024,3,474.3,0
2025-11-29,S06,P025,2,418.2,0
2025-11-29,S06,P037,6,61.2,0
2025-11-29,S06,P041,4,178.5,0
2025-11-29,S06,P054,0,173.4,0
2025-11-29,S06,P057,7,122.4,0
2025-11-29,S06,P066,0,351.9,0
2025-11-29,S06,P074,4,168.3,0
2025-11-29,S06,P076,9,153,0
2025-11-29,S06,P082,0,209.1,0
2025-11-29,S06,P088,2,234.6,0
2025-11-29,S06,P099,1,35.7,0
2025-11-29,S06,P100,2,178.5,0
2025-11-29,S06,P112,3,127.5,0
2025-11-29,S06,P116,6,372.3,0
2025-11-29,S08,P024,10,474.3,0
2025-11-29,S08,P025,4,418.2,0
2025-11-29,S08,P037,8,61.2,0
2025-11-29,S08,P041,2,178.5,0
2025-11-29,S08,P054,4,173.4,0
2025-11-29,S08,P057,4,122.4,0
2025-11-29,S08,P066,0,351.9,0
2025-11-29,S08,P074,3,168.3,0
2025-11-29,S08,P076,28,153,0
2025-11-29,S08,P082,5,209.1,0
2025-11-29,S08,P088,2,234.6,0
2025-11-29,S08,P099,5,35.7,0
2025-11-29,S08,P100,2,178.5,0
2025-11-29,S08,P112,10,127.5,0
2025-11-29,S08,P116,14,372.3,0
2025-11-30,S01,P024,10,474.3,0
2025-11-30,S01,P025,3,418.2,0
2025-11-30,S01,P037,10,61.2,0
2025-11-30,S01,P041,0,178.5,0
2025-11-30,S01,P054,6,173.4,0
2025-11-30,S01,P057,6,122.4,0
2025-11-30,S01,P066,6,351.9,0
2025-11-30,S01,P074,2,168.3,0
2025-11-30,S01,P076,21,153,0
2025-11-30,S01,P082,8,209.1,0
2025-11-30,S01,P088,7,234.6,0
2025-11-30,S01,P099,0,35.7,0
2025-11-30,S01,P100,5,178.5,0
2025-11-30,S01,P112,10,127.5,0
2025-11-30,S01,P116,14,372.3,0
2025-11-30,S02,P024,7,474.3,0
2025-11-30,S02,P025,3,418.2,0
2025-11-30,S02,P037,3,61.2,0
2025-11-30,S02,P041,2,178.5,0
2025-11-30,S02,P054,2,173.4,0
2025-11-30,S02,P057,6,122.4,0
2025-11-30,S02,P066,4,351.9,0
2025-11-30,S02,P074,2,168.3,0
2025-11-30,S02,P076,10,153,0
2025-11-30,S02,P082,1,209.1,0
2025-11-30,S02,P088,4,234.6,0
2025-11-30,S02,P099,8,35.7,10
2025-11-30,S02,P100,2,178.5,10
2025-11-30,S02,P112,10,127.5,0
2025-11-30,S02,P116,5,372.3,0
2025-11-30,S05,P024,10,474.3,0
2025-11-30,S05,P025,2,418.2,0
2025-11-30,S05,P037,3,61.2,0
2025-11-30,S05,P041,4,178.5,0
2025-11-30,S05,P054,3,173.4,0
2025-11-30,S05,P057,12,122.4,0
2025-11-30,S05,P066,2,351.9,0
2025-11-30,S05,P074,1,168.3,0
2025-11-30,S05,P076,0,153,0
2025-11-30,S05,P082,2,209.1,0
2025-11-30,S05,P088,2,234.6,0
2025-11-30,S05,P099,0,35.7,0
2025-11-30,S05,P100,2,178.5,0
2025-11-30,S05,P112,3,127.5,0
2025-11-30,S05,P116,7,372.3,0
2025-11-30,S06,P024,7,474.3,0
2025-11-30,S06,P025,0,418.2,0
2025-11-30,S06,P037,3,61.2,0
2025-11-30,S06,P041,3,178.5,0
2025-11-30,S06,P054,2,173.4,10
2025-11-30,S06,P057,3,122.4,0
2025-11-30,S06,P066,0,351.9,0
2025-11-30,S06,P074,5,168.3,5
2025-11-30,S06,P076,13,153,0
2025-11-30,S06,P082,0,209.1,0
2025-11-30,S06,P088,3,234.6,0
2025-11-30,S06,P099,0,35.7,0
2025-11-30,S06,P100,3,178.5,0
2025-11-30,S06,P112,14,127.5,0
2025-11-30,S06,P116,3,372.3,0
2025-11-30,S08,P024,10,474.3,0
2025-11-30,S08,P025,2,418.2,0
2025-11-30,S08,P037,11,61.2,0
2025-11-30,S08,P041,4,178.5,0
2025-11-30,S08,P054,0,173.4,0
2025-11-30,S08,P057,6,122.4,0
2025-11-30,S08,P066,0,351.9,0
2025-11-30,S08,P074,5,168.3,0
2025-11-30,S08,P076,26,153,0
2025-11-30,S08,P082,6,209.1,0
2025-11-30,S08,P088,5,234.6,0
2025-11-30,S08,P099,4,35.7,0
2025-11-30,S08,P100,2,178.5,0
2025-11-30,S08,P112,11,127.5,0
2025-11-30,S08,P116,9,372.3,0
2025-12-01,S01,P024,4,475.23,0
2025-12-01,S01,P025,2,419.02,0
2025-12-01,S01,P037,3,61.32,10
2025-12-01,S01,P041,7,178.85,0
2025-12-01,S01,P054,1,173.74,0
2025-12-01,S01,P057,8,122.64,0
2025-12-01,S01,P066,3,352.59,0
2025-12-01,S01,P074,2,168.63,0
2025-12-01,S01,P076,19,153.3,0
2025-12-01,S01,P082,4,209.51,0
2025-12-01,S01,P088,1,235.06,0
2025-12-01,S01,P099,0,35.77,0
2025-12-01,S01,P100,6,178.85,0
2025-12-01,S01,P112,5,127.75,0
2025-12-01,S01,P116,0,373.03,0
2025-12-01,S02,P024,12,475.23,20
2025-12-01,S02,P025,3,419.02,0
2025-12-01,S02,P037,3,61.32,0
2025-12-01,S02,P041,3,178.85,0
2025-12-01,S02,P054,2,173.74,0
2025-12-01,S02,P057,6,122.64,0
2025-12-01,S02,P066,2,352.59,0
2025-12-01,S02,P074,1,168.63,0
2025-12-01,S02,P076,7,153.3,0
2025-12-01,S02,P082,1,209.51,0
2025-12-01,S02,P088,1,235.06,0
2025-12-01,S02,P099,2,35.77,0
2025-12-01,S02,P100,0,178.85,0
2025-12-01,S02,P112,2,127.75,0
2025-12-01,S02,P116,5,373.03,0
2025-12-01,S05,P024,10,475.23,0
2025-12-01,S05,P025,6,419.02,0
2025-12-01,S05,P037,4,61.32,0
2025-12-01,S05,P041,3,178.85,0
2025-12-01,S05,P054,2,173.74,0
2025-12-01,S05,P057,5,122.64,0
2025-12-01,S05,P066,1,352.59,0
2025-12-01,S05,P074,7,168.63,0
2025-12-01,S05,P076,0,153.3,0
2025-12-01,S05,P082,0,209.51,0
2025-12-01,S05,P088,5,235.06,0
2025-12-01,S05,P099,0,35.77,0
2025-12-01,S05,P100,2,178.85,0
2025-12-01,S05,P112,5,127.75,0
2025-12-01,S05,P116,9,373.03,0
2025-12-01,S06,P024,4,475.23,0
2025-12-01,S06,P025,1,419.02,0
2025-12-01,S06,P037,4,61.32,0
2025-12-01,S06,P041,2,178.85,0
2025-12-01,S06,P054,2,173.74,0
2025-12-01,S06,P057,0,122.64,0
2025-12-01,S06,P066,0,352.59,0
2025-12-01,S06,P074,1,168.63,0
2025-12-01,S06,P076,12,153.3,0
2025-12-01,S06,P082,0,209.51,0
2025-12-01,S06,P088,0,235.06,0
2025-12-01,S06,P099,0,35.77,20
2025-12-01,S06,P100,2,178.85,0
2025-12-01,S06,P112,2,127.75,5
2025-12-01,S06,P116,0,373.03,0
2025-12-01,S08,P024,16,475.23,0
2025-12-01,S08,P025,2,419.02,0
2025-12-01,S08,P037,2,61.32,0
2025-12-01,S08,P041,3,178.85,0
2025-12-01,S08,P054,0,173.74,10
2025-12-01,S08,P057,2,122.64,0
2025-12-01,S08,P066,0,352.59,0
2025-12-01,S08,P074,3,168.63,0
2025-12-01,S08,P076,0,153.3,0
2025-12-01,S08,P082,4,209.51,0
2025-12-01,S08,P088,6,235.06,0
2025-12-01,S08,P099,5,35.77,20
2025-12-01,S08,P100,4,178.85,25
2025-12-01,S08,P112,6,127.75,0
2025-12-01,S08,P116,6,373.03,0
2025-12-02,S01,P024,8,475.23,0
2025-12-02,S01,P025,3,419.02,0
2025-12-02,S01,P037,4,61.32,0
2025-12-02,S01,P041,3,178.85,0
2025-12-02,S01,P054,0,173.74,0
2025-12-02,S01,P057,3,122.64,0
2025-12-02,S01,P066,3,352.59,0
2025-12-02,S01,P074,1,168.63,0
2025-12-02,S01,P076,12,153.3,0
2025-12-02,S01,P082,2,209.51,0
2025-12-02,S01,P088,4,235.06,0
2025-12-02,S01,P099,0,35.77,0
2025-12-02,S01,P100,3,178.85,0
2025-12-02,S01,P112,5,127.75,0
2025-12-02,S01,P116,0,373.03,0
2025-12-02,S02,P024,3,475.23,0
2025-12-02,S02,P025,0,419.02,0
2025-12-02,S02,P037,4,61.32,0
2025-12-02,S02,P041,4,178.85,0
2025-12-02,S02,P054,4,173.74,0
2025-12-02,S02,P057,3,122.64,0
2025-12-02,S02,P066,3,352.59,0
2025-12-02,S02,P074,4,168.63,0
2025-12-02,S02,P076,7,153.3,0
2025-12-02,S02,P082,1,209.51,0
2025-12-02,S02,P088,2,235.06,0
2025-12-02,S02,P099,0,35.77,0
2025-12-02,S02,P100,1,178.85,0
2025-12-02,S02,P112,2,127.75,0
2025-12-02,S02,P116,3,373.03,0
2025-12-02,S05,P024,5,475.23,0
2025-12-02,S05,P025,3,419.02,0
2025-12-02,S05,P037,5,61.32,0
2025-12-02,S05,P041,4,178.85,0
2025-12-02,S05,P054,4,173.74,0
2025-12-02,S05,P057,8,122.64,0
2025-12-02,S05,P066,2,352.59,0
2025-12-02,S05,P074,2,168.63,0
2025-12-02,S05,P076,0,153.3,0
2025-12-02,S05,P082,0,209.51,0
2025-12-02,S05,P088,3,235.06,0
2025-12-02,S05,P099,0,35.77,10
2025-12-02,S05,P100,5,178.85,0
2025-12-02,S05,P112,2,127.75,0
2025-12-02,S05,P116,7,373.03,0
2025-12-02,S06,P024,3,475.23,0
2025-12-02,S06,P025,1,419.02,0
2025-12-02,S06,P037,1,61.32,0
2025-12-02,S06,P041,1,178.85,0
2025-12-02,S06,P054,2,173.74,0
2025-12-02,S06,P057,0,122.64,0
2025-12-02,S06,P066,0,352.59,0
2025-12-02,S06,P074,1,168.63,0
2025-12-02,S06,P076,11,153.3,0
2025-12-02,S06,P082,0,209.51,0
2025-12-02,S06,P088,2,235.06,0
2025-12-02,S06,P099,0,35.77,0
2025-12-02,S06,P100,4,178.85,0
2025-12-02,S06,P112,2,127.75,0
2025-12-02,S06,P116,0,373.03,0
2025-12-02,S08,P024,10,475.23,0
2025-12-02,S08,P025,0,419.02,0
2025-12-02,S08,P037,2,61.32,0
2025-12-02,S08,P041,3,178.85,0
2025-12-02,S08,P054,0,173.74,0
2025-12-02,S08,P057,7,122.64,0
2025-12-02,S08,P066,0,352.59,0
2025-12-02,S08,P074,0,168.63,0
2025-12-02,S08,P076,0,153.3,0
2025-12-02,S08,P082,3,209.51,0
2025-12-02,S08,P088,6,235.06,15
2025-12-02,S08,P099,0,35.77,0
2025-12-02,S08,P100,5,178.85,0
2025-12-02,S08,P112,5,127.75,0
2025-12-02,S08,P116,5,373.03,0
2025-12-03,S01,P024,5,475.23,0
2025-12-03,S01,P025,7,419.02,0
2025-12-03,S01,P037,7,61.32,0
2025-12-03,S01,P041,2,178.85,
2025-12-03,S01,P054,4,173.74,0
2025-12-03,S01,P057,5,122.64,0
2025-12-03,S01,P066,0,352.59,0
2025-12-03,S01,P074,1,168.63,0
2025-12-03,S01,P076,16,153.3,0
2025-12-03,S01,P082,2,209.51,0
2025-12-03,S01,P088,3,235.06,0
2025-12-03,S01,P099,0,35.77,0
2025-12-03,S01,P100,0,178.85,0
2025-12-03,S01,P112,6,127.75,0
2025-12-03,S01,P116,0,373.03,0
2025-12-03,S02,P024,8,475.23,0
2025-12-03,S02,P025,2,419.02,0
2025-12-03,S02,P037,0,61.32,10
2025-12-03,S02,P041,2,178.85,0
2025-12-03,S02,P054,1,173.74,0
2025-12-03,S02,P057,1,122.64,0
2025-12-03,S02,P066,2,352.59,0
2025-12-03,S02,P074,0,168.63,0
2025-12-03,S02,P076,5,153.3,0
2025-12-03,S02,P082,2,209.51,0
2025-12-03,S02,P088,4,235.06,0
2025-12-03,S02,P099,0,35.77,0
2025-12-03,S02,P100,6,178.85,0
2025-12-03,S02,P112,1,127.75,0
2025-12-03,S02,P116,2,373.03,0
2025-12-03,S05,P024,7,475.23,0
2025-12-03,S05,P025,2,419.02,0
2025-12-03,S05,P037,3,61.32,0
2025-12-03,S05,P041,6,178.85,0
2025-12-03,S05,P054,5,173.74,0
2025-12-03,S05,P057,3,122.64,0
2025-12-03,S05,P066,2,352.59,0
2025-12-03,S05,P074,1,168.63,0
2025-12-03,S05,P076,0,153.3,0
2025-12-03,S05,P082,0,209.51,0
2025-12-03,S05,P088,5,235.06,0
2025-12-03,S05,P099,0,35.77,0
2025-12-03,S05,P100,1,178.85,0
2025-12-03,S05,P112,8,127.75,20
2025-12-03,S05,P116,0,373.03,0
2025-12-03,S06,P024,4,475.23,0
2025-12-03,S06,P025,1,419.02,0
2025-12-03,S06,P037,1,61.32,0
2025-12-03,S06,P041,6,178.85,0
2025-12-03,S06,P054,0,173.74,0
2025-12-03,S06,P057,0,122.64,0
2025-12-03,S06,P066,0,352.59,0
2025-12-03,S06,P074,2,168.63,0
2025-12-03,S06,P076,10,153.3,0
2025-12-03,S06,P082,0,209.51,0
2025-12-03,S06,P088,3,235.06,0
2025-12-03,S06,P099,0,35.77,0
2025-12-03,S06,P100,2,178.85,0
2025-12-03,S06,P112,2,127.75,0
2025-12-03,S06,P116,2,373.03,0
2025-12-03,S08,P024,5,475.23,0
2025-12-03,S08,P025,4,419.02,0
2025-12-03,S08,P037,3,61.32,0
2025-12-03,S08,P041,4,178.85,0
2025-12-03,S08,P054,4,173.74,0
2025-12-03,S08,P057,1,122.64,0
2025-12-03,S08,P066,0,352.59,0
2025-12-03,S08,P074,2,168.63,0
2025-12-03,S08,P076,0,153.3,5
2025-12-03,S08,P082,5,209.51,25
2025-12-03,S08,P088,4,235.06,0
2025-12-03,S08,P099,0,35.77,0
2025-12-03,S08,P100,2,178.85,0
2025-12-03,S08,P112,10,127.75,0
2025-12-03,S08,P116,3,373.03,0
2025-12-04,S01,P024,13,475.23,0
2025-12-04,S01,P025,2,419.02,0
2025-12-04,S01,P037,5,61.32,0
2025-12-04,S01,P041,7,178.85,25
2025-12-04,S01,P054,5,173.74,0
2025-12-04,S01,P057,11,122.64,0
2025-12-04,S01,P066,1,352.59,0
2025-12-04,S01,P074,3,168.63,0
2025-12-04,S01,P076,26,153.3,0
2025-12-04,S01,P082,4,209.51,0
2025-12-04,S01,P088,8,235.06,0
2025-12-04,S01,P099,6,35.77,0
2025-12-04,S01,P100,7,178.85,0
2025-12-04,S01,P112,5,127.75,0
2025-12-04,S01,P116,8,373.03,0
2025-12-04,S02,P024,4,475.23,0
2025-12-04,S02,P025,1,419.02,0
2025-12-04,S02,P037,8,61.32,0
2025-12-04,S02,P041,4,178.85,5
2025-12-04,S02,P054,5,173.74,0
2025-12-04,S02,P057,1,122.64,0
2025-12-04,S02,P066,1,352.59,0
2025-12-04,S02,P074,1,168.63,0
2025-12-04,S02,P076,9,153.3,0
2025-12-04,S02,P082,3,209.51,0
2025-12-04,S02,P088,2,235.06,0
2025-12-04,S02,P099,4,35.77,0
2025-12-04,S02,P100,4,178.85,0
2025-12-04,S02,P112,5,127.75,0
2025-12-04,S02,P116,6,373.03,0
2025-12-04,S05,P024,9,475.23,0
2025-12-04,S05,P025,1,419.02,0
2025-12-04,S05,P037,7,61.32,0
2025-12-04,S05,P041,6,178.85,0
2025-12-04,S05,P054,6,173.74,0
2025-12-04,S05,P057,6,122.64,0
2025-12-04,S05,P066,1,352.59,0
2025-12-04,S05,P074,1,168.63,0
2025-12-04,S05,P076,0,153.3,0
2025-12-04,S05,P082,0,209.51,0
2025-12-04,S05,P088,2,235.06,0
2025-12-04,S05,P099,0,35.77,0
2025-12-04,S05,P100,4,178.85,0
2025-12-04,S05,P112,5,127.75,0
2025-12-04,S05,P116,0,373.03,0
2025-12-04,S06,P024,6,475.23,0
2025-12-04,S06,P025,3,419.02,0
2025-12-04,S06,P037,5,61.32,25
2025-12-04,S06,P041,2,178.85,0
2025-12-04,S06,P054,1,173.74,0
2025-12-04,S06,P057,0,122.64,0
2025-12-04,S06,P066,0,352.59,0
2025-12-04,S06,P074,0,168.63,0
2025-12-04,S06,P076,10,153.3,0
2025-12-04,S06,P082,0,209.51,0
2025-12-04,S06,P088,1,235.06,0
2025-12-04,S06,P099,5,35.77,0
2025-12-04,S06,P100,2,178.85,0
2025-12-04,S06,P112,5,127.75,0
2025-12-04,S06,P116,1,373.03,0
2025-12-04,S08,P024,11,475.23,0
2025-12-04,S08,P025,4,419.02,0
2025-12-04,S08,P037,5,61.32,0
2025-12-04,S08,P041,2,178.85,20
2025-12-04,S08,P054,9,173.74,0
2025-12-04,S08,P057,0,122.64,0
2025-12-04,S08,P066,3,352.59,0
2025-12-04,S08,P074,2,168.63,0
2025-12-04,S08,P076,0,153.3,0
2025-12-04,S08,P082,5,209.51,0
2025-12-04,S08,P088,7,235.06,0
2025-12-04,S08,P099,0,35.77,0
2025-12-04,S08,P100,3,178.85,0
2025-12-04,S08,P112,2,127.75,0
2025-12-04,S08,P116,7,373.03,0
2025-12-05,S01,P024,6,475.23,0
2025-12-05,S01,P025,2,419.02,0
2025-12-05,S01,P037,2,61.32,0
2025-12-05,S01,P041,2,178.85,0
2025-12-05,S01,P054,4,173.74,0
2025-12-05,S01,P057,5,122.64,0
2025-12-05,S01,P066,3,352.59,0
2025-12-05,S01,P074,0,168.63,0
2025-12-05,S01,P076,17,153.3,0
2025-12-05,S01,P082,4,209.51,25
2025-12-05,S01,P088,4,235.06,0
2025-12-05,S01,P099,2,35.77,0
2025-12-05,S01,P100,3,178.85,0
2025-12-05,S01,P112,8,127.75,0
2025-12-05,S01,P116,9,373.03,0
2025-12-05,S02,P024,5,475.23,0
2025-12-05,S02,P025,6,419.02,0
2025-12-05,S02,P037,5,61.32,0
2025-12-05,S02,P041,1,178.85,0
2025-12-05,S02,P054,1,173.74,0
2025-12-05,S02,P057,0,122.64,0
2025-12-05,S02,P066,2,352.59,0
2025-12-05,S02,P074,2,168.63,0
2025-12-05,S02,P076,12,153.3,0
2025-12-05,S02,P082,3,209.51,0
2025-12-05,S02,P088,1,235.06,15
2025-12-05,S02,P099,3,35.77,0
2025-12-05,S02,P100,2,178.85,0
2025-12-05,S02,P112,3,127.75,0
2025-12-05,S02,P116,0,373.03,0
2025-12-05,S05,P024,14,475.23,0
2025-12-05,S05,P025,1,419.02,5
2025-12-05,S05,P037,10,61.32,0
2025-12-05,S05,P041,7,178.85,0
2025-12-05,S05,P054,5,173.74,0
2025-12-05,S05,P057,9,122.64,0
2025-12-05,S05,P066,1,352.59,0
2025-12-05,S05,P074,5,168.63,0
2025-12-05,S05,P076,0,153.3,0
2025-12-05,S05,P082,0,209.51,0
2025-12-05,S05,P088,4,235.06,0
2025-12-05,S05,P099,0,35.77,0
2025-12-05,S05,P100,2,178.85,0
2025-12-05,S05,P112,8,127.75,5
2025-12-05,S05,P116,0,373.03,20
2025-12-05,S06,P024,6,475.23,0
2025-12-05,S06,P025,2,419.02,0
2025-12-05,S06,P037,3,61.32,0
2025-12-05,S06,P041,3,178.85,5
2025-12-05,S06,P054,4,173.74,5
2025-12-05,S06,P057,5,122.64,20
2025-12-05,S06,P066,0,352.59,0
2025-12-05,S06,P074,7,168.63,0
2025-12-05,S06,P076,10,153.3,0
2025-12-05,S06,P082,4,209.51,20
2025-12-05,S06,P088,3,235.06,0
2025-12-05,S06,P099,3,35.77,0
2025-12-05,S06,P100,1,178.85,0
2025-12-05,S06,P112,2,127.75,0
2025-12-05,S06,P116,6,373.03,0
2025-12-05,S08,P024,0,475.23,0
2025-12-05,S08,P025,2,419.02,0
2025-12-05,S08,P037,7,61.32,0
2025-12-05,S08,P041,3,178.85,0
2025-12-05,S08,P054,7,173.74,0
2025-12-05,S08,P057,0,122.64,0
2025-12-05,S08,P066,1,352.59,0
2025-12-05,S08,P074,2,168.63,0
2025-12-05,S08,P076,0,153.3,0
2025-12-05,S08,P082,3,209.51,0
2025-12-05,S08,P088,9,235.06,0
2025-12-05,S08,P099,0,35.77,0
2025-12-05,S08,P100,4,178.85,0
2025-12-05,S08,P112,4,127.75,0
2025-12-05,S08,P116,6,373.03,0
2025-12-06,S01,P024,11,475.23,0
2025-12-06,S01,P025,1,419.02,0
2025-12-06,S01,P037,4,61.32,0
2025-12-06,S01,P041,6,178.85,0
2025-12-06,S01,P054,6,173.74,0
2025-12-06,S01,P057,11,122.64,0
2025-12-06,S01,P066,6,352.59,0
2025-12-06,S01,P074,7,168.63,0
2025-12-06,S01,P076,28,153.3,0
2025-12-06,S01,P082,0,209.51,0
2025-12-06,S01,P088,7,235.06,0
2025-12-06,S01,P099,6,35.77,0
2025-12-06,S01,P100,3,178.85,0
2025-12-06,S01,P112,2,127.75,0
2025-12-06,S01,P116,10,373.03,0
2025-12-06,S02,P024,5,475.23,0
2025-12-06,S02,P025,3,419.02,0
2025-12-06,S02,P037,6,61.32,0
2025-12-06,S02,P041,2,178.85,0
2025-12-06,S02,P054,2,173.74,0
2025-12-06,S02,P057,0,122.64,5
2025-12-06,S02,P066,3,352.59,20
2025-12-06,S02,P074,2,168.63,0
2025-12-06,S02,P076,14,153.3,0
2025-12-06,S02,P082,3,209.51,0
2025-12-06,S02,P088,4,235.06,0
2025-12-06,S02,P099,5,35.77,0
2025-12-06,S02,P100,1,178.85,0
2025-12-06,S02,P112,3,127.75,0
2025-12-06,S02,P116,4,373.03,0
2025-12-06,S05,P024,13,475.23,0
2025-12-06,S05,P025,3,419.02,0
2025-12-06,S05,P037,14,61.32,0
2025-12-06,S05,P041,9,178.85,0
2025-12-06,S05,P054,1,173.74,0
2025-12-06,S05,P057,6,122.64,0
2025-12-06,S05,P066,2,352.59,0
2025-12-06,S05,P074,2,168.63,10
2025-12-06,S05,P076,0,153.3,0
2025-12-06,S05,P082,5,209.51,0
2025-12-06,S05,P088,9,235.06,0
2025-12-06,S05,P099,0,35.77,0
2025-12-06,S05,P100,1,178.85,0
2025-12-06,S05,P112,7,127.75,0
2025-12-06,S05,P116,5,373.03,0
2025-12-06,S06,P024,6,475.23,0
2025-12-06,S06,P025,2,419.02,0
2025-12-06,S06,P037,4,61.32,0
2025-12-06,S06,P041,3,178.85,0
2025-12-06,S06,P054,4,173.74,0
2025-12-06,S06,P057,7,122.64,0
2025-12-06,S06,P066,1,352.59,0
2025-12-06,S06,P074,6,168.63,0
2025-12-06,S06,P076,15,153.3,0
2025-12-06,S06,P082,1,209.51,0
2025-12-06,S06,P088,4,235.06,0
2025-12-06,S06,P099,0,35.77,0
2025-12-06,S06,P100,5,178.85,0
2025-12-06,S06,P112,9,127.75,0
2025-12-06,S06,P116,8,373.03,0
2025-12-06,S08,P024,0,475.23,0
2025-12-06,S08,P025,3,419.02,0
2025-12-06,S08,P037,4,61.32,0
2025-12-06,S08,P041,7,178.85,0
2025-12-06,S08,P054,7,173.74,0
2025-12-06,S08,P057,10,122.64,0
2025-12-06,S08,P066,4,352.59,0
2025-12-06,S08,P074,5,168.63,0
2025-12-06,S08,P076,18,153.3,0
2025-12-06,S08,P082,4,209.51,0
2025-12-06,S08,P088,4,235.06,0
2025-12-06,S08,P099,10,35.77,0
2025-12-06,S08,P100,3,178.85,0
2025-12-06,S08,P112,7,127.75,0
2025-12-06,S08,P116,11,373.03,0
2025-12-07,S01,P024,7,475.23,0
2025-12-07,S01,P025,4,419.02,0
2025-12-07,S01,P037,7,61.32,0
2025-12-07,S01,P041,9,178.85,0
2025-12-07,S01,P054,5,173.74,0
2025-12-07,S01,P057,15,122.64,0
2025-12-07,S01,P066,1,352.59,0
2025-12-07,S01,P074,4,168.63,0
2025-12-07,S01,P076,13,153.3,0
2025-12-07,S01,P082,0,209.51,0
2025-12-07,S01,P088,7,235.06,0
2025-12-07,S01,P099,3,35.77,0
2025-12-07,S01,P100,5,178.85,0
2025-12-07,S01,P112,6,127.75,0
2025-12-07,S01,P116,8,373.03,0
2025-12-07,S02,P024,7,475.23,0
2025-12-07,S02,P025,2,419.02,0
2025-12-07,S02,P037,1,61.32,0
2025-12-07,S02,P041,3,178.85,0
2025-12-07,S02,P054,3,173.74,0
2025-12-07,S02,P057,0,122.64,0
2025-12-07,S02,P066,2,352.59,0
2025-12-07,S02,P074,3,168.63,0
2025-12-07,S02,P076,0,153.3,0
2025-12-07,S02,P082,0,209.51,0
2025-12-07,S02,P088,4,235.06,0
2025-12-07,S02,P099,3,35.77,0
2025-12-07,S02,P100,2,178.85,0
2025-12-07,S02,P112,8,127.75,0
2025-12-07,S02,P116,11,373.03,0
2025-12-07,S05,P024,8,475.23,0
2025-12-07,S05,P025,3,419.02,0
2025-12-07,S05,P037,8,61.32,0
2025-12-07,S05,P041,4,178.85,0
2025-12-07,S05,P054,6,173.74,0
2025-12-07,S05,P057,7,122.64,0
2025-12-07,S05,P066,0,352.59,0
2025-12-07,S05,P074,11,168.63,0
2025-12-07,S05,P076,0,153.3,0
2025-12-07,S05,P082,3,209.51,0
2025-12-07,S05,P088,10,235.06,0
2025-12-07,S05,P099,0,35.77,0
2025-12-07,S05,P100,3,178.85,0
2025-12-07,S05,P112,9,127.75,0
2025-12-07,S05,P116,7,373.03,0
2025-12-07,S06,P024,6,475.23,0
2025-12-07,S06,P025,6,419.02,0
2025-12-07,S06,P037,6,61.32,0
2025-12-07,S06,P041,3,178.85,0
2025-12-07,S06,P054,2,173.74,0
2025-12-07,S06,P057,3,122.64,0
2025-12-07,S06,P066,3,352.59,0
2025-12-07,S06,P074,3,168.63,0
2025-12-07,S06,P076,10,153.3,0
2025-12-07,S06,P082,5,209.51,10
2025-12-07,S06,P088,3,235.06,0
2025-12-07,S06,P099,3,35.77,0
2025-12-07,S06,P100,1,178.85,0
2025-12-07,S06,P112,3,127.75,0
2025-12-07,S06,P116,3,373.03,0
2025-12-07,S08,P024,12,475.23,0
2025-12-07,S08,P025,1,419.02,0
2025-12-07,S08,P037,7,61.32,0
2025-12-07,S08,P041,6,178.85,0
2025-12-07,S08,P054,3,173.74,0
2025-12-07,S08,P057,7,122.64,15
2025-12-07,S08,P066,6,352.59,0
2025-12-07,S08,P074,4,168.63,0
2025-12-07,S08,P076,22,153.3,0
2025-12-07,S08,P082,8,209.51,0
2025-12-07,S08,P088,6,,20
2025-12-07,S08,P099,2,35.77,0
2025-12-07,S08,P100,6,178.85,20
2025-12-07,S08,P112,11,127.75,0
2025-12-07,S08,P116,11,373.03,0
2025-12-08,S01,P024,8,475.23,0
2025-12-08,S01,P025,2,419.02,15
2025-12-08,S01,P037,5,61.32,0
2025-12-08,S01,P041,4,178.85,0
2025-12-08,S01,P054,2,173.74,0
2025-12-08,S01,P057,1,122.64,0
2025-12-08,S01,P066,3,352.59,0
2025-12-08,S01,P074,4,168.63,0
2025-12-08,S01,P076,0,153.3,0
2025-12-08,S01,P082,0,209.51,0
2025-12-08,S01,P088,2,235.06,0
2025-12-08,S01,P099,6,35.77,0
2025-12-08,S01,P100,3,178.85,0
2025-12-08,S01,P112,9,127.75,0
2025-12-08,S01,P116,3,373.03,0
2025-12-08,S02,P024,10,475.23,0
2025-12-08,S02,P025,2,419.02,0
2025-12-08,S02,P037,6,61.32,0
2025-12-08,S02,P041,5,178.85,0
2025-12-08,S02,P054,2,173.74,0
2025-12-08,S02,P057,0,122.64,0
2025-12-08,S02,P066,3,352.59,0
2025-12-08,S02,P074,2,168.63,0
2025-12-08,S02,P076,11,153.3,0
2025-12-08,S02,P082,4,209.51,0
2025-12-08,S02,P088,3,235.06,0
2025-12-08,S02,P099,1,35.77,0
2025-12-08,S02,P100,2,178.85,0
2025-12-08,S02,P112,4,127.75,0
2025-12-08,S02,P116,4,373.03,0
2025-12-08,S05,P024,6,475.23,0
2025-12-08,S05,P025,3,419.02,0
2025-12-08,S05,P037,4,61.32,0
2025-12-08,S05,P041,0,178.85,0
2025-12-08,S05,P054,1,173.74,0
2025-12-08,S05,P057,4,122.64,0
2025-12-08,S05,P066,0,352.59,20
2025-12-08,S05,P074,3,168.63,0
2025-12-08,S05,P076,0,153.3,0
2025-12-08,S05,P082,4,209.51,0
2025-12-08,S05,P088,4,235.06,0
2025-12-08,S05,P099,0,35.77,0
2025-12-08,S05,P100,1,178.85,0
2025-12-08,S05,P112,7,127.75,0
2025-12-08,S05,P116,7,373.03,0
2025-12-08,S06,P024,6,475.23,0
2025-12-08,S06,P025,0,419.02,0
2025-12-08,S06,P037,4,61.32,0
2025-12-08,S06,P041,1,178.85,0
2025-12-08,S06,P054,0,173.74,0
2025-12-08,S06,P057,4,122.64,0
2025-12-08,S06,P066,1,352.59,0
2025-12-08,S06,P074,1,168.63,0
2025-12-08,S06,P076,10,153.3,0
2025-12-08,S06,P082,4,209.51,5
2025-12-08,S06,P088,4,235.06,0
2025-12-08,S06,P099,2,35.77,0
2025-12-08,S06,P100,2,178.85,0
2025-12-08,S06,P112,5,127.75,0
2025-12-08,S06,P116,3,373.03,0
2025-12-08,S08,P024,7,475.23,0
2025-12-08,S08,P025,1,419.02,0
2025-12-08,S08,P037,3,61.32,0
2025-12-08,S08,P041,2,178.85,0
2025-12-08,S08,P054,3,173.74,0
2025-12-08,S08,P057,0,122.64,0
2025-12-08,S08,P066,2,352.59,0
2025-12-08,S08,P074,3,168.63,0
2025-12-08,S08,P076,18,153.3,0
2025-12-08,S08,P082,4,209.51,0
2025-12-08,S08,P088,1,235.06,0
2025-12-08,S08,P099,2,35.77,0
2025-12-08,S08,P100,2,178.85,0
2025-12-08,S08,P112,8,127.75,10
2025-12-08,S08,P116,4,373.03,0
2025-12-09,S01,P024,4,475.23,0
2025-12-09,S01,P025,0,419.02,0
2025-12-09,S01,P037,2,61.32,0
2025-12-09,S01,P041,1,178.85,0
2025-12-09,S01,P054,3,173.74,10
2025-12-09,S01,P057,7,122.64,0
2025-12-09,S01,P066,3,352.59,0
2025-12-09,S01,P074,1,168.63,0
2025-12-09,S01,P076,0,153.3,0
2025-12-09,S01,P082,0,209.51,0
2025-12-09,S01,P088,8,235.06,0
2025-12-09,S01,P099,6,35.77,0
2025-12-09,S01,P100,4,178.85,0
2025-12-09,S01,P112,5,127.75,0
2025-12-09,S01,P116,8,373.03,0
2025-12-09,S02,P024,7,475.23,0
2025-12-09,S02,P025,2,419.02,0
2025-12-09,S02,P037,4,61.32,0
2025-12-09,S02,P041,5,178.85,0
2025-12-09,S02,P054,1,173.74,0
2025-12-09,S02,P057,2,122.64,0
2025-12-09,S02,P066,2,352.59,0
2025-12-09,S02,P074,1,168.63,0
2025-12-09,S02,P076,14,153.3,25
2025-12-09,S02,P082,1,209.51,0
2025-12-09,S02,P088,0,235.06,0
2025-12-09,S02,P099,1,35.77,0
2025-12-09,S02,P100,0,178.85,0
2025-12-09,S02,P112,2,127.75,0
2025-12-09,S02,P116,4,373.03,0
2025-12-09,S05,P024,7,475.23,0
2025-12-09,S05,P025,4,419.02,0
2025-12-09,S05,P037,3,61.32,0
2025-12-09,S05,P041,0,178.85,0
2025-12-09,S05,P054,2,173.74,0
2025-12-09,S05,P057,3,122.64,0
2025-12-09,S05,P066,0,352.59,0
2025-12-09,S05,P074,6,168.63,0
2025-12-09,S05,P076,0,153.3,25
2025-12-09,S05,P082,2,209.51,0
2025-12-09,S05,P088,1,235.06,0
2025-12-09,S05,P099,0,35.77,0
2025-12-09,S05,P100,3,178.85,0
2025-12-09,S05,P112,1,127.75,0
2025-12-09,S05,P116,9,373.03,0
2025-12-09,S06,P024,2,475.23,0
2025-12-09,S06,P025,1,419.02,0
2025-12-09,S06,P037,4,61.32,0
2025-12-09,S06,P041,3,178.85,0
2025-12-09,S06,P054,1,173.74,0
2025-12-09,S06,P057,3,122.64,0
2025-12-09,S06,P066,1,352.59,0
2025-12-09,S06,P074,0,168.63,0
2025-12-09,S06,P076,9,153.3,0
2025-12-09,S06,P082,2,209.51,0
2025-12-09,S06,P088,4,235.06,0
2025-12-09,S06,P099,0,35.77,0
2025-12-09,S06,P100,1,178.85,0
2025-12-09,S06,P112,1,127.75,0
2025-12-09,S06,P116,4,373.03,0
2025-12-09,S08,P024,3,475.23,0
2025-12-09,S08,P025,4,419.02,0
2025-12-09,S08,P037,1,61.32,0
2025-12-09,S08,P041,3,178.85,0
2025-12-09,S08,P054,5,173.74,0
2025-12-09,S08,P057,4,122.64,0
2025-12-09,S08,P066,2,352.59,0
2025-12-09,S08,P074,2,168.63,0
2025-12-09,S08,P076,9,153.3,0
2025-12-09,S08,P082,4,209.51,0
2025-12-09,S08,P088,4,235.06,0
2025-12-09,S08,P099,6,35.77,0
2025-12-09,S08,P100,2,178.85,10
2025-12-09,S08,P112,4,127.75,15
2025-12-09,S08,P116,9,373.03,0
2025-12-10,S01,P024,8,475.23,
2025-12-10,S01,P025,0,419.02,0
2025-12-10,S01,P037,6,61.32,0
2025-12-10,S01,P041,1,178.85,0
2025-12-10,S01,P054,3,173.74,0
2025-12-10,S01,P057,4,122.64,0
2025-12-10,S01,P066,3,352.59,0
2025-12-10,S01,P074,2,168.63,0
2025-12-10,S01,P076,0,153.3,0
2025-12-10,S01,P082,0,209.51,0
2025-12-10,S01,P088,6,235.06,0
2025-12-10,S01,P099,5,35.77,0
2025-12-10,S01,P100,1,178.85,0
2025-12-10,S01,P112,9,127.75,0
2025-12-10,S01,P116,5,373.03,0
2025-12-10,S02,P024,7,475.23,0
2025-12-10,S02,P025,4,419.02,0
2025-12-10,S02,P037,6,61.32,0
2025-12-10,S02,P041,7,178.85,0
2025-12-10,S02,P054,3,173.74,0
2025-12-10,S02,P057,5,122.64,0
2025-12-10,S02,P066,2,352.59,0
2025-12-10,S02,P074,1,168.63,0
2025-12-10,S02,P076,11,153.3,0
2025-12-10,S02,P082,2,209.51,0
2025-12-10,S02,P088,4,235.06,0
2025-12-10,S02,P099,4,35.77,0
2025-12-10,S02,P100,1,178.85,0
2025-12-10,S02,P112,2,127.75,0
2025-12-10,S02,P116,5,373.03,0
2025-12-10,S05,P024,5,475.23,0
2025-12-10,S05,P025,1,419.02,0
2025-12-10,S05,P037,5,61.32,0
2025-12-10,S05,P041,0,178.85,0
2025-12-10,S05,P054,2,173.74,0
2025-12-10,S05,P057,3,122.64,0
2025-12-10,S05,P066,0,352.59,0
2025-12-10,S05,P074,1,168.63,0
2025-12-10,S05,P076,0,153.3,0
2025-12-10,S05,P082,3,209.51,20
2025-12-10,S05,P088,5,235.06,0
2025-12-10,S05,P099,0,35.77,0
2025-12-10,S05,P100,2,178.85,0
2025-12-10,S05,P112,7,127.75,0
2025-12-10,S05,P116,8,373.03,0
2025-12-10,S06,P024,0,475.23,0
2025-12-10,S06,P025,1,419.02,0
2025-12-10,S06,P037,4,61.32,0
2025-12-10,S06,P041,2,178.85,0
2025-12-10,S06,P054,1,173.74,0
2025-12-10,S06,P057,3,122.64,0
2025-12-10,S06,P066,3,352.59,0
2025-12-10,S06,P074,0,168.63,0
2025-12-10,S06,P076,8,153.3,0
2025-12-10,S06,P082,1,209.51,0
2025-12-10,S06,P088,3,235.06,0
2025-12-10,S06,P099,3,35.77,0
2025-12-10,S06,P100,1,178.85,0
2025-12-10,S06,P112,3,127.75,0
2025-12-10,S06,P116,3,373.03,0
2025-12-10,S08,P024,9,475.23,0
2025-12-10,S08,P025,5,419.02,0
2025-12-10,S08,P037,4,61.32,0
2025-12-10,S08,P041,2,178.85,0
2025-12-10,S08,P054,5,173.74,25
2025-12-10,S08,P057,3,122.64,0
2025-12-10,S08,P066,2,352.59,0
2025-12-10,S08,P074,6,168.63,0
2025-12-10,S08,P076,16,153.3,0
2025-12-10,S08,P082,3,209.51,0
2025-12-10,S08,P088,5,235.06,0
2025-12-10,S08,P099,7,35.77,0
2025-12-10,S08,P100,6,178.85,25
2025-12-10,S08,P112,6,127.75,0
2025-12-10,S08,P116,12,373.03,0
2025-12-11,S01,P024,8,475.23,0
2025-12-11,S01,P025,3,419.02,25
2025-12-11,S01,P037,6,61.32,0
2025-12-11,S01,P041,4,178.85,0
2025-12-11,S01,P054,1,173.74,0
2025-12-11,S01,P057,5,122.64,0
2025-12-11,S01,P066,7,352.59,0
2025-12-11,S01,P074,3,168.63,0
2025-12-11,S01,P076,21,153.3,0
2025-12-11,S01,P082,0,209.51,0
2025-12-11,S01,P088,8,235.06,0
2025-12-11,S01,P099,5,35.77,5
2025-12-11,S01,P100,5,178.85,0
2025-12-11,S01,P112,3,127.75,0
2025-12-11,S01,P116,6,373.03,0
2025-12-11,S02,P024,8,475.23,0
2025-12-11,S02,P025,0,419.02,0
2025-12-11,S02,P037,2,61.32,10
2025-12-11,S02,P041,0,178.85,0
2025-12-11,S02,P054,2,173.74,0
2025-12-11,S02,P057,4,122.64,0
2025-12-11,S02,P066,0,352.59,0
2025-12-11,S02,P074,2,168.63,0
2025-12-11,S02,P076,8,153.3,0
2025-12-11,S02,P082,2,209.51,0
2025-12-11,S02,P088,2,235.06,0
2025-12-11,S02,P099,3,35.77,0
2025-12-11,S02,P100,4,178.85,0
2025-12-11,S02,P112,6,127.75,0
2025-12-11,S02,P116,6,373.03,0
2025-12-11,S05,P024,8,475.23,0
2025-12-11,S05,P025,4,419.02,25
2025-12-11,S05,P037,7,61.32,0
2025-12-11,S05,P041,0,178.85,0
2025-12-11,S05,P054,4,173.74,0
2025-12-11,S05,P057,2,122.64,0
2025-12-11,S05,P066,0,352.59,0
2025-12-11,S05,P074,3,168.63,0
2025-12-11,S05,P076,10,153.3,0
2025-12-11,S05,P082,3,209.51,0
2025-12-11,S05,P088,6,235.06,10
2025-12-11,S05,P099,6,35.77,0
2025-12-11,S05,P100,5,178.85,0
2025-12-11,S05,P112,5,127.75,0
2025-12-11,S05,P116,3,373.03,0
2025-12-11,S06,P024,2,475.23,0
2025-12-11,S06,P025,2,419.02,0
2025-12-11,S06,P037,0,61.32,0
2025-12-11,S06,P041,4,178.85,25
2025-12-11,S06,P054,0,173.74,0
2025-12-11,S06,P057,3,122.64,0
2025-12-11,S06,P066,1,352.59,0
2025-12-11,S06,P074,4,168.63,0
2025-12-11,S06,P076,10,153.3,0
2025-12-11,S06,P082,1,209.51,0
2025-12-11,S06,P088,0,235.06,0
2025-12-11,S06,P099,3,35.77,0
2025-12-11,S06,P100,2,178.85,0
2025-12-11,S06,P112,5,127.75,0
2025-12-11,S06,P116,6,373.03,0
2025-12-11,S08,P024,10,475.23,0
2025-12-11,S08,P025,2,419.02,0
2025-12-11,S08,P037,4,61.32,0
2025-12-11,S08,P041,8,178.85,0
2025-12-11,S08,P054,2,173.74,0
2025-12-11,S08,P057,6,122.64,5
2025-12-11,S08,P066,1,352.59,0
2025-12-11,S08,P074,5,168.63,0
2025-12-11,S08,P076,21,153.3,0
2025-12-11,S08,P082,2,209.51,0
2025-12-11,S08,P088,1,235.06,0
2025-12-11,S08,P099,1,35.77,0
2025-12-11,S08,P100,4,178.85,0
2025-12-11,S08,P112,8,127.75,25
2025-12-11,S08,P116,11,373.03,0
2025-12-12,S01,P024,4,475.23,0
2025-12-12,S01,P025,4,419.02,0
2025-12-12,S01,P037,7,61.32,0
2025-12-12,S01,P041,5,178.85,0
2025-12-12,S01,P054,1,173.74,5
2025-12-12,S01,P057,8,122.64,0
2025-12-12,S01,P066,3,352.59,0
2025-12-12,S01,P074,2,168.63,0
2025-12-12,S01,P076,19,153.3,0
2025-12-12,S01,P082,4,209.51,0
2025-12-12,S01,P088,2,235.06,0
2025-12-12,S01,P099,3,35.77,0
2025-12-12,S01,P100,1,178.85,0
2025-12-12,S01,P112,4,127.75,0
2025-12-12,S01,P116,7,373.03,0
2025-12-12,S02,P024,3,475.23,0
2025-12-12,S02,P025,2,419.02,0
2025-12-12,S02,P037,2,61.32,0
2025-12-12,S02,P041,0,178.85,0
2025-12-12,S02,P054,2,173.74,0
2025-12-12,S02,P057,8,122.64,0
2025-12-12,S02,P066,3,352.59,0
2025-12-12,S02,P074,6,168.63,0
2025-12-12,S02,P076,18,153.3,25
2025-12-12,S02,P082,0,209.51,0
2025-12-12,S02,P088,4,235.06,0
2025-12-12,S02,P099,2,35.77,0
2025-12-12,S02,P100,2,178.85,0
2025-12-12,S02,P112,7,127.75,0
2025-12-12,S02,P116,7,373.03,0
2025-12-12,S05,P024,16,475.23,0
2025-12-12,S05,P025,1,419.02,0
2025-12-12,S05,P037,4,61.32,0
2025-12-12,S05,P041,8,178.85,0
2025-12-12,S05,P054,5,173.74,0
2025-12-12,S05,P057,5,122.64,0
2025-12-12,S05,P066,0,352.59,0
2025-12-12,S05,P074,6,168.63,0
2025-12-12,S05,P076,19,153.3,0
2025-12-12,S05,P082,3,209.51,0
2025-12-12,S05,P088,6,235.06,0
2025-12-12,S05,P099,3,35.77,0
2025-12-12,S05,P100,2,178.85,0
2025-12-12,S05,P112,10,127.75,25
2025-12-12,S05,P116,9,373.03,0
2025-12-12,S06,P024,7,475.23,0
2025-12-12,S06,P025,0,419.02,0
2025-12-12,S06,P037,2,61.32,0
2025-12-12,S06,P041,1,178.85,0
2025-12-12,S06,P054,0,173.74,0
2025-12-12,S06,P057,5,122.64,15
2025-12-12,S06,P066,1,352.59,0
2025-12-12,S06,P074,5,168.63,0
2025-12-12,S06,P076,5,153.3,0
2025-12-12,S06,P082,3,209.51,0
2025-12-12,S06,P088,4,235.06,0
2025-12-12,S06,P099,3,35.77,0
2025-12-12,S06,P100,0,178.85,0
2025-12-12,S06,P112,3,127.75,0
2025-12-12,S06,P116,4,373.03,0
2025-12-12,S08,P024,13,475.23,0
2025-12-12,S08,P025,3,419.02,0
2025-12-12,S08,P037,8,61.32,0
2025-12-12,S08,P041,3,178.85,0
2025-12-12,S08,P054,8,173.74,0
2025-12-12,S08,P057,5,122.64,0
2025-12-12,S08,P066,4,352.59,0
2025-12-12,S08,P074,5,168.63,0
2025-12-12,S08,P076,27,153.3,0
2025-12-12,S08,P082,3,209.51,0
2025-12-12,S08,P088,3,235.06,0
2025-12-12,S08,P099,5,35.77,0
2025-12-12,S08,P100,3,178.85,0
2025-12-12,S08,P112,9,127.75,0
2025-12-12,S08,P116,5,373.03,0
2025-12-13,S01,P024,15,475.23,25
2025-12-13,S01,P025,1,419.02,0
2025-12-13,S01,P037,8,61.32,0
2025-12-13,S01,P041,9,178.85,0
2025-12-13,S01,P054,13,173.74,5
2025-12-13,S01,P057,7,122.64,0
2025-12-13,S01,P066,6,352.59,0
2025-12-13,S01,P074,6,168.63,0
2025-12-13,S01,P076,20,153.3,0
2025-12-13,S01,P082,7,209.51,0
2025-12-13,S01,P088,5,235.06,0
2025-12-13,S01,P099,0,35.77,5
2025-12-13,S01,P100,3,178.85,0
2025-12-13,S01,P112,4,127.75,0
2025-12-13,S01,P116,9,373.03,0
2025-12-13,S02,P024,5,475.23,0
2025-12-13,S02,P025,1,419.02,0
2025-12-13,S02,P037,4,61.32,0
2025-12-13,S02,P041,0,178.85,0
2025-12-13,S02,P054,1,173.74,0
2025-12-13,S02,P057,4,122.64,0
2025-12-13,S02,P066,2,352.59,0
2025-12-13,S02,P074,2,168.63,0
2025-12-13,S02,P076,8,153.3,0
2025-12-13,S02,P082,0,209.51,0
2025-12-13,S02,P088,3,235.06,0
2025-12-13,S02,P099,2,35.77,0
2025-12-13,S02,P100,2,178.85,0
2025-12-13,S02,P112,4,127.75,0
2025-12-13,S02,P116,4,373.03,0
2025-12-13,S05,P024,12,475.23,0
2025-12-13,S05,P025,1,419.02,0
2025-12-13,S05,P037,10,61.32,10
2025-12-13,S05,P041,10,178.85,0
2025-12-13,S05,P054,4,173.74,0
2025-12-13,S05,P057,6,122.64,0
2025-12-13,S05,P066,0,352.59,0
2025-12-13,S05,P074,8,168.63,0
2025-12-13,S05,P076,21,153.3,0
2025-12-13,S05,P082,4,209.51,0
2025-12-13,S05,P088,7,235.06,0
2025-12-13,S05,P099,12,35.77,0
2025-12-13,S05,P100,3,178.85,0
2025-12-13,S05,P112,6,127.75,0
2025-12-13,S05,P116,5,373.03,0
2025-12-13,S06,P024,8,475.23,0
2025-12-13,S06,P025,1,419.02,0
2025-12-13,S06,P037,3,61.32,0
2025-12-13,S06,P041,1,178.85,0
2025-12-13,S06,P054,2,173.74,0
2025-12-13,S06,P057,3,122.64,0
2025-12-13,S06,P066,3,352.59,0
2025-12-13,S06,P074,4,168.63,0
2025-12-13,S06,P076,10,153.3,0
2025-12-13,S06,P082,2,209.51,0
2025-12-13,S06,P088,0,235.06,0
2025-12-13,S06,P099,5,35.77,0
2025-12-13,S06,P100,1,178.85,0
2025-12-13,S06,P112,6,127.75,0
2025-12-13,S06,P116,8,373.03,0
2025-12-13,S08,P024,7,475.23,0
2025-12-13,S08,P025,5,419.02,0
2025-12-13,S08,P037,13,61.32,0
2025-12-13,S08,P041,5,178.85,0
2025-12-13,S08,P054,8,173.74,0
2025-12-13,S08,P057,5,122.64,0
2025-12-13,S08,P066,3,352.59,0
2025-12-13,S08,P074,1,168.63,0
2025-12-13,S08,P076,29,153.3,0
2025-12-13,S08,P082,2,209.51,0
2025-12-13,S08,P088,5,235.06,0
2025-12-13,S08,P099,8,35.77,0
2025-12-13,S08,P100,0,178.85,0
2025-12-13,S08,P112,8,127.75,0
2025-12-13,S08,P116,12,373.03,0
2025-12-14,S01,P024,10,475.23,0
2025-12-14,S01,P025,4,419.02,0
2025-12-14,S01,P037,8,61.32,0
2025-12-14,S01,P041,0,178.85,0
2025-12-14,S01,P054,7,173.74,0
2025-12-14,S01,P057,4,122.64,0
2025-12-14,S01,P066,9,352.59,0
2025-12-14,S01,P074,2,168.63,0
2025-12-14,S01,P076,46,153.3,10
2025-12-14,S01,P082,5,209.51,0
2025-12-14,S01,P088,3,235.06,0
2025-12-14,S01,P099,0,35.77,0
2025-12-14,S01,P100,4,178.85,0
2025-12-14,S01,P112,4,127.75,0
2025-12-14,S01,P116,15,373.03,0
2025-12-14,S02,P024,8,475.23,0
2025-12-14,S02,P025,2,419.02,0
2025-12-14,S02,P037,3,61.32,0
2025-12-14,S02,P041,0,178.85,0
2025-12-14,S02,P054,1,173.74,0
2025-12-14,S02,P057,0,122.64,0
2025-12-14,S02,P066,2,352.59,0
2025-12-14,S02,P074,2,168.63,0
2025-12-14,S02,P076,9,153.3,10
2025-12-14,S02,P082,0,209.51,0
2025-12-14,S02,P088,5,235.06,0
2025-12-14,S02,P099,1,35.77,0
2025-12-14,S02,P100,2,178.85,0
2025-12-14,S02,P112,1,127.75,0
2025-12-14,S02,P116,4,373.03,0
2025-12-14,S05,P024,9,475.23,0
2025-12-14,S05,P025,2,419.02,0
2025-12-14,S05,P037,11,61.32,25
2025-12-14,S05,P041,4,178.85,0
2025-12-14,S05,P054,4,173.74,0
2025-12-14,S05,P057,6,122.64,0
2025-12-14,S05,P066,0,352.59,0
2025-12-14,S05,P074,5,168.63,0
2025-12-14,S05,P076,27,153.3,10
2025-12-14,S05,P082,2,209.51,0
2025-12-14,S05,P088,3,235.06,0
2025-12-14,S05,P099,3,35.77,0
2025-12-14,S05,P100,3,178.85,0
2025-12-14,S05,P112,6,127.75,0
2025-12-14,S05,P116,5,373.03,0
2025-12-14,S06,P024,7,475.23,0
2025-12-14,S06,P025,0,419.02,0
2025-12-14,S06,P037,2,61.32,0
2025-12-14,S06,P041,4,178.85,0
2025-12-14,S06,P054,3,173.74,0
2025-12-14,S06,P057,0,122.64,0
2025-12-14,S06,P066,3,352.59,0
2025-12-14,S06,P074,2,168.63,0
2025-12-14,S06,P076,16,153.3,0
2025-12-14,S06,P082,4,209.51,0
2025-12-14,S06,P088,0,235.06,0
2025-12-14,S06,P099,4,35.77,0
2025-12-14,S06,P100,2,178.85,0
2025-12-14,S06,P112,5,127.75,0
2025-12-14,S06,P116,9,373.03,25
2025-12-14,S08,P024,13,475.23,0
2025-12-14,S08,P025,2,419.02,0
2025-12-14,S08,P037,9,61.32,0
2025-12-14,S08,P041,8,178.85,0
2025-12-14,S08,P054,5,173.74,0
2025-12-14,S08,P057,6,122.64,15
2025-12-14,S08,P066,0,352.59,0
2025-12-14,S08,P074,1,168.63,0
2025-12-14,S08,P076,15,153.3,25
2025-12-14,S08,P082,6,209.51,0
2025-12-14,S08,P088,4,235.06,0
2025-12-14,S08,P099,1,35.77,0
2025-12-14,S08,P100,2,178.85,0
2025-12-14,S08,P112,10,127.75,0
2025-12-14,S08,P116,13,373.03,0
2025-12-15,S01,P024,8,475.23,0
2025-12-15,S01,P025,3,419.02,5
2025-12-15,S01,P037,1,61.32,0
2025-12-15,S01,P041,3,178.85,0
2025-12-15,S01,P054,4,173.74,0
2025-12-15,S01,P057,6,122.64,0
2025-12-15,S01,P066,3,352.59,0
2025-12-15,S01,P074,3,168.63,0
2025-12-15,S01,P076,14,153.3,0
2025-12-15,S01,P082,3,209.51,15
2025-12-15,S01,P088,4,235.06,0
2025-12-15,S01,P099,0,35.77,0
2025-12-15,S01,P100,0,178.85,0
2025-12-15,S01,P112,4,127.75,0
2025-12-15,S01,P116,7,373.03,0
2025-12-15,S02,P024,4,475.23,0
2025-12-15,S02,P025,0,419.02,0
2025-12-15,S02,P037,2,61.32,0
2025-12-15,S02,P041,1,178.85,5
2025-12-15,S02,P054,0,173.74,0
2025-12-15,S02,P057,3,122.64,0
2025-12-15,S02,P066,2,352.59,0
2025-12-15,S02,P074,1,168.63,0
2025-12-15,S02,P076,0,153.3,0
2025-12-15,S02,P082,0,209.51,0
2025-12-15,S02,P088,3,235.06,0
2025-12-15,S02,P099,2,35.77,0
2025-12-15,S02,P100,0,178.85,0
2025-12-15,S02,P112,0,127.75,0
2025-12-15,S02,P116,0,373.03,10
2025-12-15,S05,P024,6,475.23,0
2025-12-15,S05,P025,0,419.02,0
2025-12-15,S05,P037,2,61.32,0
2025-12-15,S05,P041,6,178.85,0
2025-12-15,S05,P054,2,173.74,0
2025-12-15,S05,P057,6,122.64,10
2025-12-15,S05,P066,0,352.59,0
2025-12-15,S05,P074,3,168.63,0
2025-12-15,S05,P076,9,153.3,0
2025-12-15,S05,P082,4,209.51,0
2025-12-15,S05,P088,5,235.06,0
2025-12-15,S05,P099,4,35.77,0
2025-12-15,S05,P100,3,178.85,0
2025-12-15,S05,P112,6,127.75,0
2025-12-15,S05,P116,4,373.03,0
2025-12-15,S06,P024,4,475.23,0
2025-12-15,S06,P025,1,419.02,0
2025-12-15,S06,P037,2,61.32,0
2025-12-15,S06,P041,1,178.85,0
2025-12-15,S06,P054,2,173.74,0
2025-12-15,S06,P057,0,122.64,0
2025-12-15,S06,P066,0,352.59,0
2025-12-15,S06,P074,1,168.63,0
2025-12-15,S06,P076,10,153.3,0
2025-12-15,S06,P082,7,209.51,0
2025-12-15,S06,P088,2,235.06,0
2025-12-15,S06,P099,5,35.77,0
2025-12-15,S06,P100,2,178.85,0
2025-12-15,S06,P112,8,127.75,0
2025-12-15,S06,P116,2,373.03,0
2025-12-15,S08,P024,8,475.23,0
2025-12-15,S08,P025,2,419.02,0
2025-12-15,S08,P037,5,61.32,0
2025-12-15,S08,P041,8,178.85,25
2025-12-15,S08,P054,3,173.74,0
2025-12-15,S08,P057,2,122.64,0
2025-12-15,S08,P066,0,352.59,0
2025-12-15,S08,P074,2,168.63,0
2025-12-15,S08,P076,0,153.3,0
2025-12-15,S08,P082,5,209.51,0
2025-12-15,S08,P088,8,235.06,25
2025-12-15,S08,P099,0,35.77,10
2025-12-15,S08,P100,4,178.85,0
2025-12-15,S08,P112,3,127.75,0
2025-12-15,S08,P116,8,373.03,0
2025-12-16,S01,P024,6,475.23,0
2025-12-16,S01,P025,2,419.02,0
2025-12-16,S01,P037,4,61.32,0
2025-12-16,S01,P041,4,178.85,0
2025-12-16,S01,P054,4,173.74,0
2025-12-16,S01,P057,10,122.64,0
2025-12-16,S01,P066,4,352.59,0
2025-12-16,S01,P074,6,168.63,0
2025-12-16,S01,P076,12,153.3,0
2025-12-16,S01,P082,3,209.51,0
2025-12-16,S01,P088,1,235.06,0
2025-12-16,S01,P099,1,35.77,0
2025-12-16,S01,P100,2,178.85,0
2025-12-16,S01,P112,4,127.75,0
2025-12-16,S01,P116,5,373.03,0
2025-12-16,S02,P024,8,475.23,0
2025-12-16,S02,P025,1,419.02,0
2025-12-16,S02,P037,3,61.32,0
2025-12-16,S02,P041,3,178.85,0
2025-12-16,S02,P054,2,173.74,0
2025-12-16,S02,P057,5,122.64,25
2025-12-16,S02,P066,2,352.59,0
2025-12-16,S02,P074,4,168.63,0
2025-12-16,S02,P076,0,153.3,0
2025-12-16,S02,P082,0,209.51,0
2025-12-16,S02,P088,3,235.06,0
2025-12-16,S02,P099,4,35.77,0
2025-12-16,S02,P100,0,178.85,0
2025-12-16,S02,P112,0,127.75,0
2025-12-16,S02,P116,0,373.03,0
2025-12-16,S05,P024,6,475.23,0
2025-12-16,S05,P025,1,419.02,0
2025-12-16,S05,P037,4,61.32,0
2025-12-16,S05,P041,2,178.85,0
2025-12-16,S05,P054,2,173.74,0
2025-12-16,S05,P057,3,122.64,0
2025-12-16,S05,P066,2,352.59,0
2025-12-16,S05,P074,2,168.63,0
2025-12-16,S05,P076,11,153.3,0
2025-12-16,S05,P082,3,209.51,0
2025-12-16,S05,P088,3,235.06,0
2025-12-16,S05,P099,6,35.77,0
2025-12-16,S05,P100,3,178.85,0
2025-12-16,S05,P112,1,127.75,0
2025-12-16,S05,P116,8,373.03,0
2025-12-16,S06,P024,3,475.23,0
2025-12-16,S06,P025,4,419.02,0
2025-12-16,S06,P037,1,61.32,0
2025-12-16,S06,P041,0,178.85,0
2025-12-16,S06,P054,0,173.74,0
2025-12-16,S06,P057,0,122.64,0
2025-12-16,S06,P066,0,352.59,0
2025-12-16,S06,P074,2,168.63,0
2025-12-16,S06,P076,8,153.3,0
2025-12-16,S06,P082,6,209.51,0
2025-12-16,S06,P088,0,235.06,0
2025-12-16,S06,P099,0,35.77,0
2025-12-16,S06,P100,0,178.85,0
2025-12-16,S06,P112,3,127.75,0
2025-12-16,S06,P116,5,373.03,0
2025-12-16,S08,P024,0,475.23,0
2025-12-16,S08,P025,1,414.92,0
2025-12-16,S08,P037,3,61.32,0
2025-12-16,S08,P041,2,178.85,0
2025-12-16,S08,P054,4,173.74,0
2025-12-16,S08,P057,0,122.64,0
2025-12-16,S08,P066,0,352.59,0
2025-12-16,S08,P074,2,168.63,0
2025-12-16,S08,P076,0,153.3,0
2025-12-16,S08,P082,3,209.51,0
2025-12-16,S08,P088,2,235.06,0
2025-12-16,S08,P099,0,35.77,0
2025-12-16,S08,P100,4,178.85,0
2025-12-16,S08,P112,3,127.75,0
2025-12-16,S08,P116,10,373.03,0
2025-12-17,S01,P024,10,475.23,0
2025-12-17,S01,P025,0,419.02,0
2025-12-17,S01,P037,6,61.32,0
2025-12-17,S01,P041,2,178.85,0
2025-12-17,S01,P054,3,173.74,0
2025-12-17,S01,P057,2,122.64,0
2025-12-17,S01,P066,2,352.59,0
2025-12-17,S01,P074,3,168.63,0
2025-12-17,S01,P076,17,153.3,0
2025-12-17,S01,P082,3,209.51,0
2025-12-17,S01,P088,5,235.06,0
2025-12-17,S01,P099,6,35.77,0
2025-12-17,S01,P100,2,178.85,0
2025-12-17,S01,P112,5,127.75,0
2025-12-17,S01,P116,0,373.03,0
2025-12-17,S02,P024,3,475.23,0
2025-12-17,S02,P025,2,419.02,0
2025-12-17,S02,P037,3,61.32,0
2025-12-17,S02,P041,0,178.85,0
2025-12-17,S02,P054,1,173.74,0
2025-12-17,S02,P057,1,122.64,0
2025-12-17,S02,P066,0,352.59,0
2025-12-17,S02,P074,3,168.63,20
2025-12-17,S02,P076,0,153.3,0
2025-12-17,S02,P082,0,209.51,20
2025-12-17,S02,P088,2,235.06,0
2025-12-17,S02,P099,4,35.77,0
2025-12-17,S02,P100,2,178.85,0
2025-12-17,S02,P112,0,127.75,0
2025-12-17,S02,P116,0,373.03,0
2025-12-17,S05,P024,10,475.23,0
2025-12-17,S05,P025,1,419.02,0
2025-12-17,S05,P037,5,61.32,0
2025-12-17,S05,P041,3,178.85,0
2025-12-17,S05,P054,5,173.74,0
2025-12-17,S05,P057,7,122.64,0
2025-12-17,S05,P066,1,352.59,0
2025-12-17,S05,P074,3,168.63,0
2025-12-17,S05,P076,11,153.3,0
2025-12-17,S05,P082,2,209.51,0
2025-12-17,S05,P088,4,235.06,0
2025-12-17,S05,P099,2,35.77,0
2025-12-17,S05,P100,3,178.85,0
2025-12-17,S05,P112,8,127.75,0
2025-12-17,S05,P116,11,373.03,
2025-12-17,S06,P024,3,475.23,0
2025-12-17,S06,P025,0,419.02,0
2025-12-17,S06,P037,3,61.32,0
2025-12-17,S06,P041,0,178.85,0
2025-12-17,S06,P054,3,173.74,0
2025-12-17,S06,P057,0,122.64,0
2025-12-17,S06,P066,0,352.59,0
2025-12-17,S06,P074,1,168.63,0
2025-12-17,S06,P076,10,153.3,0
2025-12-17,S06,P082,2,209.51,0
2025-12-17,S06,P088,1,235.06,0
2025-12-17,S06,P099,0,35.77,0
2025-12-17,S06,P100,2,178.85,0
2025-12-17,S06,P112,2,127.75,0
2025-12-17,S06,P116,4,373.03,0
2025-12-17,S08,P024,0,475.23,0
2025-12-17,S08,P025,5,419.02,0
2025-12-17,S08,P037,7,61.32,0
2025-12-17,S08,P041,2,178.85,0
2025-12-17,S08,P054,5,173.74,0
2025-12-17,S08,P057,3,122.64,0
2025-12-17,S08,P066,0,352.59,0
2025-12-17,S08,P074,3,168.63,0
2025-12-17,S08,P076,0,153.3,0
2025-12-17,S08,P082,3,209.51,0
2025-12-17,S08,P088,5,235.06,0
2025-12-17,S08,P099,0,35.77,0
2025-12-17,S08,P100,2,178.85,0
2025-12-17,S08,P112,7,127.75,0
2025-12-17,S08,P116,6,373.03,0
2025-12-18,S01,P024,2,475.23,0
2025-12-18,S01,P025,3,419.02,0
2025-12-18,S01,P037,3,61.32,0
2025-12-18,S01,P041,3,178.85,0
2025-12-18,S01,P054,2,173.74,0
2025-12-18,S01,P057,7,122.64,0
2025-12-18,S01,P066,1,352.59,10
2025-12-18,S01,P074,6,168.63,0
2025-12-18,S01,P076,11,153.3,0
2025-12-18,S01,P082,4,209.51,0
2025-12-18,S01,P088,7,235.06,0
2025-12-18,S01,P099,3,35.77,0
2025-12-18,S01,P100,4,178.85,0
2025-12-18,S01,P112,8,127.75,0
2025-12-18,S01,P116,0,373.03,0
2025-12-18,S02,P024,5,475.23,0
2025-12-18,S02,P025,4,419.02,0
2025-12-18,S02,P037,3,61.32,0
2025-12-18,S02,P041,4,178.85,0
2025-12-18,S02,P054,0,173.74,0
2025-12-18,S02,P057,4,122.64,0
2025-12-18,S02,P066,2,352.59,0
2025-12-18,S02,P074,1,168.63,0
2025-12-18,S02,P076,0,153.3,0
2025-12-18,S02,P082,0,209.51,0
2025-12-18,S02,P088,3,235.06,0
2025-12-18,S02,P099,1,35.77,0
2025-12-18,S02,P100,2,178.85,0
2025-12-18,S02,P112,0,127.75,0
2025-12-18,S02,P116,1,373.03,0
2025-12-18,S05,P024,9,475.23,0
2025-12-18,S05,P025,1,419.02,0
2025-12-18,S05,P037,5,61.32,0
2025-12-18,S05,P041,3,178.85,0
2025-12-18,S05,P054,10,173.74,0
2025-12-18,S05,P057,4,122.64,0
2025-12-18,S05,P066,3,352.59,0
2025-12-18,S05,P074,4,168.63,15
2025-12-18,S05,P076,19,153.3,0
2025-12-18,S05,P082,7,209.51,0
2025-12-18,S05,P088,10,235.06,0
2025-12-18,S05,P099,4,35.77,0
2025-12-18,S05,P100,7,178.85,0
2025-12-18,S05,P112,2,127.75,0
2025-12-18,S05,P116,8,373.03,0
2025-12-18,S06,P024,8,475.23,0
2025-12-18,S06,P025,2,419.02,0
2025-12-18,S06,P037,3,61.32,0
2025-12-18,S06,P041,0,178.85,0
2025-12-18,S06,P054,3,173.74,0
2025-12-18,S06,P057,0,122.64,0
2025-12-18,S06,P066,0,352.59,0
2025-12-18,S06,P074,2,168.63,0
2025-12-18,S06,P076,9,153.3,0
2025-12-18,S06,P082,2,209.51,0
2025-12-18,S06,P088,5,235.06,15
2025-12-18,S06,P099,0,35.77,0
2025-12-18,S06,P100,4,178.85,0
2025-12-18,S06,P112,8,127.75,0
2025-12-18,S06,P116,3,373.03,0
2025-12-18,S08,P024,9,475.23,0
2025-12-18,S08,P025,2,419.02,10
2025-12-18,S08,P037,7,61.32,0
2025-12-18,S08,P041,5,178.85,0
2025-12-18,S08,P054,6,173.74,0
2025-12-18,S08,P057,4,122.64,0
2025-12-18,S08,P066,5,352.59,0
2025-12-18,S08,P074,2,168.63,0
2025-12-18,S08,P076,0,153.3,0
2025-12-18,S08,P082,6,209.51,0
2025-12-18,S08,P088,4,235.06,0
2025-12-18,S08,P099,0,35.77,0
2025-12-18,S08,P100,5,178.85,0
2025-12-18,S08,P112,6,127.75,0
2025-12-18,S08,P116,11,373.03,0
2025-12-19,S01,P024,9,475.23,0
2025-12-19,S01,P025,1,419.02,0
2025-12-19,S01,P037,6,61.32,0
2025-12-19,S01,P041,2,178.85,0
2025-12-19,S01,P054,6,173.74,0
2025-12-19,S01,P057,8,122.64,0
2025-12-19,S01,P066,6,352.59,0
2025-12-19,S01,P074,5,168.63,0
2025-12-19,S01,P076,16,153.3,0
2025-12-19,S01,P082,4,209.51,0
2025-12-19,S01,P088,4,235.06,0
2025-12-19,S01,P099,8,35.77,0
2025-12-19,S01,P100,3,178.85,0
2025-12-19,S01,P112,9,127.75,0
2025-12-19,S01,P116,0,373.03,0
2025-12-19,S02,P024,9,475.23,0
2025-12-19,S02,P025,2,419.02,0
2025-12-19,S02,P037,6,61.32,15
2025-12-19,S02,P041,2,178.85,0
2025-12-19,S02,P054,4,173.74,0
2025-12-19,S02,P057,0,122.64,0
2025-12-19,S02,P066,2,352.59,0
2025-12-19,S02,P074,1,168.63,0
2025-12-19,S02,P076,0,153.3,0
2025-12-19,S02,P082,0,209.51,0
2025-12-19,S02,P088,2,235.06,0
2025-12-19,S02,P099,4,35.77,0
2025-12-19,S02,P100,1,178.85,0
2025-12-19,S02,P112,0,127.75,0
2025-12-19,S02,P116,5,373.03,0
2025-12-19,S05,P024,13,475.23,0
2025-12-19,S05,P025,1,419.02,0
2025-12-19,S05,P037,12,61.32,0
2025-12-19,S05,P041,3,178.85,0
2025-12-19,S05,P054,3,173.74,0
2025-12-19,S05,P057,7,122.64,0
2025-12-19,S05,P066,7,352.59,25
2025-12-19,S05,P074,4,168.63,0
2025-12-19,S05,P076,0,153.3,0
2025-12-19,S05,P082,2,209.51,0
2025-12-19,S05,P088,3,235.06,0
2025-12-19,S05,P099,1,35.77,0
2025-12-19,S05,P100,5,178.85,0
2025-12-19,S05,P112,5,127.75,15
2025-12-19,S05,P116,11,373.03,25
2025-12-19,S06,P024,6,475.23,0
2025-12-19,S06,P025,2,419.02,0
2025-12-19,S06,P037,1,61.32,0
2025-12-19,S06,P041,2,178.85,0
2025-12-19,S06,P054,3,173.74,0
2025-12-19,S06,P057,4,122.64,0
2025-12-19,S06,P066,0,352.59,0
2025-12-19,S06,P074,2,168.63,0
2025-12-19,S06,P076,7,153.3,0
2025-12-19,S06,P082,0,209.51,0
2025-12-19,S06,P088,3,235.06,0
2025-12-19,S06,P099,0,35.77,0
2025-12-19,S06,P100,3,178.85,0
2025-12-19,S06,P112,6,127.75,0
2025-12-19,S06,P116,4,373.03,0
2025-12-19,S08,P024,10,475.23,0
2025-12-19,S08,P025,3,419.02,0
2025-12-19,S08,P037,10,61.32,0
2025-12-19,S08,P041,4,178.85,0
2025-12-19,S08,P054,3,173.74,0
2025-12-19,S08,P057,0,122.64,0
2025-12-19,S08,P066,6,352.59,0
2025-12-19,S08,P074,2,168.63,0
2025-12-19,S08,P076,24,153.3,10
2025-12-19,S08,P082,6,209.51,0
2025-12-19,S08,P088,2,235.06,0
2025-12-19,S08,P099,0,35.77,0
2025-12-19,S08,P100,3,178.85,0
2025-12-19,S08,P112,4,127.75,0
2025-12-19,S08,P116,7,373.03,0
2025-12-20,S01,P024,14,475.23,0
2025-12-20,S01,P025,2,419.02,0
2025-12-20,S01,P037,9,61.32,0
2025-12-20,S01,P041,8,178.85,0
2025-12-20,S01,P054,7,173.74,0
2025-12-20,S01,P057,5,122.64,0
2025-12-20,S01,P066,3,352.59,0
2025-12-20,S01,P074,4,168.63,0
2025-12-20,S01,P076,0,153.3,0
2025-12-20,S01,P082,6,209.51,0
2025-12-20,S01,P088,7,235.06,0
2025-12-20,S01,P099,5,35.77,0
2025-12-20,S01,P100,3,178.85,0
2025-12-20,S01,P112,2,127.75,0
2025-12-20,S01,P116,7,373.03,0
2025-12-20,S02,P024,9,475.23,0
2025-12-20,S02,P025,2,419.02,0
2025-12-20,S02,P037,3,61.32,0
2025-12-20,S02,P041,7,178.85,0
2025-12-20,S02,P054,5,173.74,0
2025-12-20,S02,P057,0,122.64,0
2025-12-20,S02,P066,4,352.59,0
2025-12-20,S02,P074,2,168.63,0
2025-12-20,S02,P076,0,153.3,20
2025-12-20,S02,P082,0,209.51,0
2025-12-20,S02,P088,3,235.06,25
2025-12-20,S02,P099,8,35.77,0
2025-12-20,S02,P100,1,178.85,0
2025-12-20,S02,P112,0,127.75,0
2025-12-20,S02,P116,5,373.03,10
2025-12-20,S05,P024,9,475.23,0
2025-12-20,S05,P025,2,419.02,0
2025-12-20,S05,P037,4,61.32,0
2025-12-20,S05,P041,5,178.85,0
2025-12-20,S05,P054,5,173.74,0
2025-12-20,S05,P057,11,122.64,0
2025-12-20,S05,P066,3,352.59,0
2025-12-20,S05,P074,1,168.63,0
2025-12-20,S05,P076,0,153.3,0
2025-12-20,S05,P082,3,209.51,0
2025-12-20,S05,P088,7,235.06,0
2025-12-20,S05,P099,0,35.77,0
2025-12-20,S05,P100,3,178.85,0
2025-12-20,S05,P112,4,127.75,0
2025-12-20,S05,P116,0,373.03,0
2025-12-20,S06,P024,2,475.23,0
2025-12-20,S06,P025,1,419.02,0
2025-12-20,S06,P037,4,61.32,0
2025-12-20,S06,P041,1,178.85,0
2025-12-20,S06,P054,2,173.74,0
2025-12-20,S06,P057,10,122.64,0
2025-12-20,S06,P066,2,352.59,0
2025-12-20,S06,P074,2,168.63,0
2025-12-20,S06,P076,6,153.3,0
2025-12-20,S06,P082,2,209.51,0
2025-12-20,S06,P088,3,235.06,0
2025-12-20,S06,P099,0,35.77,0
2025-12-20,S06,P100,6,178.85,0
2025-12-20,S06,P112,11,127.75,0
2025-12-20,S06,P116,5,373.03,0
2025-12-20,S08,P024,12,475.23,0
2025-12-20,S08,P025,3,419.02,0
2025-12-20,S08,P037,6,61.32,0
2025-12-20,S08,P041,6,178.85,0
2025-12-20,S08,P054,6,173.74,0
2025-12-20,S08,P057,5,122.64,0
2025-12-20,S08,P066,3,352.59,0
2025-12-20,S08,P074,9,168.63,0
2025-12-20,S08,P076,33,153.3,0
2025-12-20,S08,P082,10,209.51,15
2025-12-20,S08,P088,5,235.06,0
2025-12-20,S08,P099,8,35.77,0
2025-12-20,S08,P100,2,178.85,0
2025-12-20,S08,P112,7,127.75,0
2025-12-20,S08,P116,14,373.03,0
2025-12-21,S01,P024,10,475.23,0
2025-12-21,S01,P025,1,419.02,0
2025-12-21,S01,P037,3,61.32,0
2025-12-21,S01,P041,5,178.85,0
2025-12-21,S01,P054,3,173.74,0
2025-12-21,S01,P057,7,122.64,0
2025-12-21,S01,P066,2,352.59,0
2025-12-21,S01,P074,3,168.63,0
2025-12-21,S01,P076,0,153.3,0
2025-12-21,S01,P082,1,209.51,0
2025-12-21,S01,P088,5,235.06,0
2025-12-21,S01,P099,4,35.77,0
2025-12-21,S01,P100,2,178.85,0
2025-12-21,S01,P112,5,127.75,0
2025-12-21,S01,P116,6,373.03,0
2025-12-21,S02,P024,7,475.23,0
2025-12-21,S02,P025,0,419.02,0
2025-12-21,S02,P037,3,61.32,0
2025-12-21,S02,P041,1,178.85,0
2025-12-21,S02,P054,1,173.74,0
2025-12-21,S02,P057,0,122.64,0
2025-12-21,S02,P066,2,352.59,0
2025-12-21,S02,P074,0,168.63,0
2025-12-21,S02,P076,0,153.3,0
2025-12-21,S02,P082,0,209.51,15
2025-12-21,S02,P088,1,235.06,0
2025-12-21,S02,P099,0,35.77,0
2025-12-21,S02,P100,6,178.85,0
2025-12-21,S02,P112,9,127.75,5
2025-12-21,S02,P116,9,373.03,15
2025-12-21,S05,P024,13,475.23,0
2025-12-21,S05,P025,4,419.02,0
2025-12-21,S05,P037,7,61.32,0
2025-12-21,S05,P041,4,178.85,0
2025-12-21,S05,P054,3,173.74,0
2025-12-21,S05,P057,7,122.64,0
2025-12-21,S05,P066,3,352.59,5
2025-12-21,S05,P074,7,168.63,0
2025-12-21,S05,P076,0,153.3,0
2025-12-21,S05,P082,3,209.51,0
2025-12-21,S05,P088,10,235.06,0
2025-12-21,S05,P099,0,35.77,10
2025-12-21,S05,P100,5,178.85,0
2025-12-21,S05,P112,9,127.75,5
2025-12-21,S05,P116,0,373.03,0
2025-12-21,S06,P024,0,475.23,0
2025-12-21,S06,P025,1,419.02,0
2025-12-21,S06,P037,1,61.32,0
2025-12-21,S06,P041,5,178.85,0
2025-12-21,S06,P054,5,173.74,0
2025-12-21,S06,P057,3,122.64,0
2025-12-21,S06,P066,2,352.59,0
2025-12-21,S06,P074,2,168.63,0
2025-12-21,S06,P076,9,153.3,0
2025-12-21,S06,P082,0,209.51,0
2025-12-21,S06,P088,5,235.06,0
2025-12-21,S06,P099,0,35.77,0
2025-12-21,S06,P100,0,178.85,0
2025-12-21,S06,P112,5,127.75,0
2025-12-21,S06,P116,5,373.03,0
2025-12-21,S08,P024,18,475.23,25
2025-12-21,S08,P025,4,419.02,0
2025-12-21,S08,P037,10,61.32,0
2025-12-21,S08,P041,5,178.85,0
2025-12-21,S08,P054,6,173.74,0
2025-12-21,S08,P057,2,122.64,0
2025-12-21,S08,P066,4,352.59,0
2025-12-21,S08,P074,5,168.63,0
2025-12-21,S08,P076,26,153.3,0
2025-12-21,S08,P082,3,209.51,0
2025-12-21,S08,P088,4,235.06,0
2025-12-21,S08,P099,6,35.77,25
2025-12-21,S08,P100,4,178.85,0
2025-12-21,S08,P112,18,127.75,20
2025-12-21,S08,P116,11,373.03,0
2025-12-22,S01,P024,7,475.23,10
2025-12-22,S01,P025,0,419.02,0
2025-12-22,S01,P037,7,61.32,0
2025-12-22,S01,P041,3,178.85,0
2025-12-22,S01,P054,3,173.74,0
2025-12-22,S01,P057,9,122.64,0
2025-12-22,S01,P066,4,352.59,0
2025-12-22,S01,P074,1,168.63,0
2025-12-22,S01,P076,0,153.3,5
2025-12-22,S01,P082,0,209.51,0
2025-12-22,S01,P088,2,235.06,0
2025-12-22,S01,P099,2,35.77,0
2025-12-22,S01,P100,1,178.85,0
2025-12-22,S01,P112,4,127.75,0
2025-12-22,S01,P116,10,373.03,0
2025-12-22,S02,P024,4,475.23,0
2025-12-22,S02,P025,3,419.02,0
2025-12-22,S02,P037,1,61.32,0
2025-12-22,S02,P041,2,178.85,0
2025-12-22,S02,P054,0,173.74,0
2025-12-22,S02,P057,2,122.64,0
2025-12-22,S02,P066,2,352.59,0
2025-12-22,S02,P074,3,168.63,0
2025-12-22,S02,P076,0,153.3,0
2025-12-22,S02,P082,1,209.51,0
2025-12-22,S02,P088,4,235.06,0
2025-12-22,S02,P099,3,35.77,0
2025-12-22,S02,P100,2,178.85,0
2025-12-22,S02,P112,8,127.75,0
2025-12-22,S02,P116,10,373.03,0
2025-12-22,S05,P024,7,475.23,0
2025-12-22,S05,P025,1,419.02,0
2025-12-22,S05,P037,7,61.32,0
2025-12-22,S05,P041,1,178.85,0
2025-12-22,S05,P054,5,173.74,0
2025-12-22,S05,P057,7,122.64,0
2025-12-22,S05,P066,3,352.59,0
2025-12-22,S05,P074,3,168.63,0
2025-12-22,S05,P076,0,153.3,0
2025-12-22,S05,P082,7,209.51,0
2025-12-22,S05,P088,4,235.06,0
2025-12-22,S05,P099,0,35.77,0
2025-12-22,S05,P100,2,178.85,0
2025-12-22,S05,P112,6,127.75,0
2025-12-22,S05,P116,0,373.03,0
2025-12-22,S06,P024,0,475.23,0
2025-12-22,S06,P025,0,419.02,0
2025-12-22,S06,P037,2,61.32,0
2025-12-22,S06,P041,3,178.85,0
2025-12-22,S06,P054,3,173.74,0
2025-12-22,S06,P057,2,122.64,0
2025-12-22,S06,P066,1,352.59,20
2025-12-22,S06,P074,2,168.63,0
2025-12-22,S06,P076,8,153.3,0
2025-12-22,S06,P082,0,209.51,0
2025-12-22,S06,P088,2,235.06,0
2025-12-22,S06,P099,2,35.77,0
2025-12-22,S06,P100,1,178.85,0
2025-12-22,S06,P112,2,127.75,0
2025-12-22,S06,P116,3,373.03,5
2025-12-22,S08,P024,5,475.23,0
2025-12-22,S08,P025,2,419.02,0
2025-12-22,S08,P037,7,61.32,0
2025-12-22,S08,P041,2,178.85,0
2025-12-22,S08,P054,4,173.74,0
2025-12-22,S08,P057,8,122.64,0
2025-12-22,S08,P066,3,352.59,0
2025-12-22,S08,P074,3,168.63,0
2025-12-22,S08,P076,25,153.3,15
2025-12-22,S08,P082,3,209.51,0
2025-12-22,S08,P088,4,235.06,0
2025-12-22,S08,P099,3,35.77,0
2025-12-22,S08,P100,2,178.85,0
2025-12-22,S08,P112,8,127.75,10
2025-12-22,S08,P116,8,373.03,0
2025-12-23,S01,P024,7,475.23,0
2025-12-23,S01,P025,2,419.02,0
2025-12-23,S01,P037,10,61.32,0
2025-12-23,S01,P041,2,178.85,0
2025-12-23,S01,P054,5,173.74,0
2025-12-23,S01,P057,6,122.64,0
2025-12-23,S01,P066,1,352.59,0
2025-12-23,S01,P074,2,168.63,0
2025-12-23,S01,P076,13,153.3,0
2025-12-23,S01,P082,0,209.51,0
2025-12-23,S01,P088,3,235.06,0
2025-12-23,S01,P099,3,35.77,0
2025-12-23,S01,P100,1,178.85,0
2025-12-23,S01,P112,4,127.75,0
2025-12-23,S01,P116,12,373.03,0
2025-12-23,S02,P024,5,475.23,0
2025-12-23,S02,P025,2,419.02,0
2025-12-23,S02,P037,1,61.32,0
2025-12-23,S02,P041,1,178.85,0
2025-12-23,S02,P054,3,173.74,0
2025-12-23,S02,P057,5,122.64,
2025-12-23,S02,P066,1,352.59,0
2025-12-23,S02,P074,3,168.63,0
2025-12-23,S02,P076,0,153.3,0
2025-12-23,S02,P082,5,209.51,0
2025-12-23,S02,P088,3,235.06,0
2025-12-23,S02,P099,3,35.77,0
2025-12-23,S02,P100,2,178.85,0
2025-12-23,S02,P112,3,127.75,0
2025-12-23,S02,P116,3,373.03,0
2025-12-23,S05,P024,9,475.23,0
2025-12-23,S05,P025,1,419.02,0
2025-12-23,S05,P037,2,61.32,0
2025-12-23,S05,P041,3,178.85,0
2025-12-23,S05,P054,2,173.74,0
2025-12-23,S05,P057,4,122.64,0
2025-12-23,S05,P066,0,352.59,0
2025-12-23,S05,P074,2,168.63,0
2025-12-23,S05,P076,0,153.3,0
2025-12-23,S05,P082,3,209.51,0
2025-12-23,S05,P088,6,235.06,0
2025-12-23,S05,P099,0,35.77,0
2025-12-23,S05,P100,2,178.85,0
2025-12-23,S05,P112,1,127.75,0
2025-12-23,S05,P116,0,373.03,0
2025-12-23,S06,P024,3,475.23,0
2025-12-23,S06,P025,2,419.02,20
2025-12-23,S06,P037,4,61.32,0
2025-12-23,S06,P041,9,178.85,25
2025-12-23,S06,P054,5,173.74,10
2025-12-23,S06,P057,7,122.64,0
2025-12-23,S06,P066,3,352.59,0
2025-12-23,S06,P074,1,168.63,0
2025-12-23,S06,P076,12,153.3,5
2025-12-23,S06,P082,0,209.51,0
2025-12-23,S06,P088,0,235.06,0
2025-12-23,S06,P099,0,35.77,0
2025-12-23,S06,P100,2,178.85,0
2025-12-23,S06,P112,2,127.75,0
2025-12-23,S06,P116,2,373.03,0
2025-12-23,S08,P024,11,475.23,0
2025-12-23,S08,P025,2,419.02,0
2025-12-23,S08,P037,3,61.32,0
2025-12-23,S08,P041,2,178.85,0
2025-12-23,S08,P054,4,173.74,0
2025-12-23,S08,P057,1,122.64,0
2025-12-23,S08,P066,3,352.59,0
2025-12-23,S08,P074,5,168.63,0
2025-12-23,S08,P076,18,153.3,0
2025-12-23,S08,P082,3,209.51,0
2025-12-23,S08,P088,6,235.06,0
2025-12-23,S08,P099,7,35.77,0
2025-12-23,S08,P100,3,178.85,0
2025-12-23,S08,P112,5,127.75,0
2025-12-23,S08,P116,3,373.03,0
2025-12-24,S01,P024,7,475.23,10
2025-12-24,S01,P025,4,419.02,0
2025-12-24,S01,P037,6,61.32,0
2025-12-24,S01,P041,4,178.85,0
2025-12-24,S01,P054,4,173.74,0
2025-12-24,S01,P057,3,122.64,0
2025-12-24,S01,P066,1,352.59,0
2025-12-24,S01,P074,2,168.63,0
2025-12-24,S01,P076,18,153.3,0
2025-12-24,S01,P082,0,209.51,0
2025-12-24,S01,P088,3,235.06,0
2025-12-24,S01,P099,6,35.77,0
2025-12-24,S01,P100,2,178.85,0
2025-12-24,S01,P112,3,127.75,0
2025-12-24,S01,P116,8,373.03,0
2025-12-24,S02,P024,6,475.23,0
2025-12-24,S02,P025,0,419.02,0
2025-12-24,S02,P037,2,61.32,0
2025-12-24,S02,P041,3,178.85,0
2025-12-24,S02,P054,0,173.74,0
2025-12-24,S02,P057,5,122.64,0
2025-12-24,S02,P066,4,352.59,0
2025-12-24,S02,P074,2,168.63,0
2025-12-24,S02,P076,0,153.3,0
2025-12-24,S02,P082,1,209.51,0
2025-12-24,S02,P088,3,235.06,0
2025-12-24,S02,P099,0,35.77,0
2025-12-24,S02,P100,0,178.85,0
2025-12-24,S02,P112,5,127.75,0
2025-12-24,S02,P116,5,373.03,0
2025-12-24,S05,P024,8,475.23,0
2025-12-24,S05,P025,2,419.02,0
2025-12-24,S05,P037,4,61.32,0
2025-12-24,S05,P041,6,178.85,0
2025-12-24,S05,P054,4,173.74,0
2025-12-24,S05,P057,8,122.64,0
2025-12-24,S05,P066,0,352.59,0
2025-12-24,S05,P074,9,168.63,0
2025-12-24,S05,P076,0,153.3,0
2025-12-24,S05,P082,4,209.51,0
2025-12-24,S05,P088,1,235.06,0
2025-12-24,S05,P099,0,35.77,0
2025-12-24,S05,P100,3,178.85,0
2025-12-24,S05,P112,3,127.75,0
2025-12-24,S05,P116,8,373.03,0
2025-12-24,S06,P024,7,475.23,0
2025-12-24,S06,P025,1,419.02,0
2025-12-24,S06,P037,3,61.32,0
2025-12-24,S06,P041,3,178.85,0
2025-12-24,S06,P054,1,173.74,0
2025-12-24,S06,P057,1,122.64,0
2025-12-24,S06,P066,3,352.59,0
2025-12-24,S06,P074,4,168.63,0
2025-12-24,S06,P076,6,153.3,0
2025-12-24,S06,P082,0,209.51,0
2025-12-24,S06,P088,3,235.06,20
2025-12-24,S06,P099,4,35.77,0
2025-12-24,S06,P100,1,178.85,0
2025-12-24,S06,P112,3,127.75,0
2025-12-24,S06,P116,1,373.03,0
2025-12-24,S08,P024,4,475.23,0
2025-12-24,S08,P025,0,419.02,0
2025-12-24,S08,P037,5,61.32,0
2025-12-24,S08,P041,3,178.85,0
2025-12-24,S08,P054,1,173.74,0
2025-12-24,S08,P057,2,122.64,0
2025-12-24,S08,P066,2,352.59,0
2025-12-24,S08,P074,2,168.63,0
2025-12-24,S08,P076,16,153.3,0
2025-12-24,S08,P082,5,209.51,0
2025-12-24,S08,P088,4,235.06,0
2025-12-24,S08,P099,6,35.77,0
2025-12-24,S08,P100,0,178.85,0
2025-12-24,S08,P112,3,127.75,0
2025-12-24,S08,P116,9,373.03,0
2025-12-25,S01,P024,3,475.23,0
2025-12-25,S01,P025,5,419.02,0
2025-12-25,S01,P037,8,61.32,0
2025-12-25,S01,P041,2,178.85,0
2025-12-25,S01,P054,5,173.74,0
2025-12-25,S01,P057,3,122.64,0
2025-12-25,S01,P066,5,352.59,0
2025-12-25,S01,P074,2,168.63,0
2025-12-25,S01,P076,20,153.3,0
2025-12-25,S01,P082,0,209.51,0
2025-12-25,S01,P088,3,235.06,0
2025-12-25,S01,P099,2,35.77,0
2025-12-25,S01,P100,2,178.85,0
2025-12-25,S01,P112,12,127.75,0
2025-12-25,S01,P116,5,373.03,0
2025-12-25,S02,P024,4,475.23,0
2025-12-25,S02,P025,1,419.02,0
2025-12-25,S02,P037,2,61.32,0
2025-12-25,S02,P041,2,178.85,0
2025-12-25,S02,P054,3,173.74,0
2025-12-25,S02,P057,1,122.64,0
2025-12-25,S02,P066,1,352.59,0
2025-12-25,S02,P074,5,168.63,0
2025-12-25,S02,P076,9,153.3,0
2025-12-25,S02,P082,3,209.51,0
2025-12-25,S02,P088,2,235.06,0
2025-12-25,S02,P099,1,35.77,0
2025-12-25,S02,P100,2,178.85,0
2025-12-25,S02,P112,3,127.75,0
2025-12-25,S02,P116,1,373.03,0
2025-12-25,S05,P024,8,475.23,0
2025-12-25,S05,P025,3,419.02,0
2025-12-25,S05,P037,4,61.32,0
2025-12-25,S05,P041,2,178.85,0
2025-12-25,S05,P054,1,173.74,0
2025-12-25,S05,P057,7,122.64,0
2025-12-25,S05,P066,0,352.59,0
2025-12-25,S05,P074,3,168.63,0
2025-12-25,S05,P076,0,153.3,0
2025-12-25,S05,P082,1,209.51,0
2025-12-25,S05,P088,2,235.06,20
2025-12-25,S05,P099,6,35.77,0
2025-12-25,S05,P100,2,178.85,0
2025-12-25,S05,P112,5,127.75,0
2025-12-25,S05,P116,5,373.03,0
2025-12-25,S06,P024,5,475.23,0
2025-12-25,S06,P025,2,419.02,0
2025-12-25,S06,P037,5,61.32,0
2025-12-25,S06,P041,6,178.85,0
2025-12-25,S06,P054,1,173.74,0
2025-12-25,S06,P057,4,122.64,0
2025-12-25,S06,P066,2,352.59,0
2025-12-25,S06,P074,1,168.63,0
2025-12-25,S06,P076,7,153.3,0
2025-12-25,S06,P082,2,209.51,0
2025-12-25,S06,P088,4,235.06,0
2025-12-25,S06,P099,2,35.77,0
2025-12-25,S06,P100,2,178.85,0
2025-12-25,S06,P112,2,127.75,0
2025-12-25,S06,P116,7,373.03,0
2025-12-25,S08,P024,7,475.23,0
2025-12-25,S08,P025,1,419.02,0
2025-12-25,S08,P037,6,61.32,0
2025-12-25,S08,P041,1,178.85,0
2025-12-25,S08,P054,7,173.74,0
2025-12-25,S08,P057,5,122.64,0
2025-12-25,S08,P066,1,352.59,0
2025-12-25,S08,P074,2,168.63,0
2025-12-25,S08,P076,16,153.3,0
2025-12-25,S08,P082,4,209.51,0
2025-12-25,S08,P088,2,235.06,0
2025-12-25,S08,P099,4,35.77,0
2025-12-25,S08,P100,5,178.85,0
2025-12-25,S08,P112,5,127.75,0
2025-12-25,S08,P116,5,373.03,0
2025-12-26,S01,P024,7,475.23,0
2025-12-26,S01,P025,1,419.02,0
2025-12-26,S01,P037,6,61.32,0
2025-12-26,S01,P041,9,178.85,0
2025-12-26,S01,P054,2,173.74,0
2025-12-26,S01,P057,7,122.64,0
2025-12-26,S01,P066,6,352.59,0
2025-12-26,S01,P074,5,168.63,0
2025-12-26,S01,P076,17,153.3,0
2025-12-26,S01,P082,0,209.51,0
2025-12-26,S01,P088,1,235.06,0
2025-12-26,S01,P099,2,35.77,0
2025-12-26,S01,P100,2,178.85,0
2025-12-26,S01,P112,6,127.75,0
2025-12-26,S01,P116,3,373.03,0
2025-12-26,S02,P024,3,475.23,0
2025-12-26,S02,P025,2,419.02,0
2025-12-26,S02,P037,4,61.32,0
2025-12-26,S02,P041,5,178.85,0
2025-12-26,S02,P054,5,173.74,0
2025-12-26,S02,P057,3,122.64,0
2025-12-26,S02,P066,4,352.59,20
2025-12-26,S02,P074,3,168.63,0
2025-12-26,S02,P076,9,153.3,0
2025-12-26,S02,P082,1,209.51,0
2025-12-26,S02,P088,4,235.06,0
2025-12-26,S02,P099,4,35.77,0
2025-12-26,S02,P100,2,178.85,0
2025-12-26,S02,P112,6,127.75,0
2025-12-26,S02,P116,6,373.03,0
2025-12-26,S05,P024,13,475.23,0
2025-12-26,S05,P025,3,419.02,0
2025-12-26,S05,P037,8,61.32,0
2025-12-26,S05,P041,0,178.85,0
2025-12-26,S05,P054,1,173.74,0
2025-12-26,S05,P057,10,122.64,0
2025-12-26,S05,P066,0,352.59,0
2025-12-26,S05,P074,2,168.63,0
2025-12-26,S05,P076,0,153.3,0
2025-12-26,S05,P082,1,209.51,0
2025-12-26,S05,P088,8,235.06,0
2025-12-26,S05,P099,4,35.77,0
2025-12-26,S05,P100,1,178.85,0
2025-12-26,S05,P112,5,127.75,0
2025-12-26,S05,P116,9,373.03,0
2025-12-26,S06,P024,6,475.23,0
2025-12-26,S06,P025,0,419.02,0
2025-12-26,S06,P037,1,61.32,0
2025-12-26,S06,P041,1,178.85,0
2025-12-26,S06,P054,2,173.74,0
2025-12-26,S06,P057,2,122.64,0
2025-12-26,S06,P066,1,352.59,0
2025-12-26,S06,P074,2,168.63,0
2025-12-26,S06,P076,8,153.3,0
2025-12-26,S06,P082,3,209.51,0
2025-12-26,S06,P088,3,235.06,0
2025-12-26,S06,P099,4,35.77,0
2025-12-26,S06,P100,0,178.85,0
2025-12-26,S06,P112,2,127.75,0
2025-12-26,S06,P116,2,373.03,0
2025-12-26,S08,P024,6,475.23,0
2025-12-26,S08,P025,5,419.02,0
2025-12-26,S08,P037,7,61.32,0
2025-12-26,S08,P041,5,178.85,0
2025-12-26,S08,P054,1,173.74,0
2025-12-26,S08,P057,3,122.64,0
2025-12-26,S08,P066,1,352.59,0
2025-12-26,S08,P074,4,168.63,0
2025-12-26,S08,P076,17,153.3,0
2025-12-26,S08,P082,4,209.51,0
2025-12-26,S08,P088,8,235.06,0
2025-12-26,S08,P099,4,35.77,0
2025-12-26,S08,P100,4,178.85,0
2025-12-26,S08,P112,12,127.75,0
2025-12-26,S08,P116,10,373.03,0
2025-12-27,S01,P024,10,475.23,0
2025-12-27,S01,P025,3,419.02,0
2025-12-27,S01,P037,7,61.32,0
2025-12-27,S01,P041,4,178.85,0
2025-12-27,S01,P054,4,173.74,0
2025-12-27,S01,P057,7,122.64,0
2025-12-27,S01,P066,8,352.59,0
2025-12-27,S01,P074,5,168.63,0
2025-12-27,S01,P076,28,153.3,0
2025-12-27,S01,P082,0,209.51,0
2025-12-27,S01,P088,3,235.06,0
2025-12-27,S01,P099,0,35.77,0
2025-12-27,S01,P100,2,178.85,0
2025-12-27,S01,P112,10,127.75,0
2025-12-27,S01,P116,12,373.03,0
2025-12-27,S02,P024,9,475.23,0
2025-12-27,S02,P025,5,419.02,0
2025-12-27,S02,P037,5,61.32,0
2025-12-27,S02,P041,3,178.85,0
2025-12-27,S02,P054,2,173.74,0
2025-12-27,S02,P057,3,122.64,0
2025-12-27,S02,P066,5,352.59,0
2025-12-27,S02,P074,1,168.63,0
2025-12-27,S02,P076,15,153.3,0
2025-12-27,S02,P082,4,209.51,0
2025-12-27,S02,P088,4,235.06,0
2025-12-27,S02,P099,6,35.77,0
2025-12-27,S02,P100,7,178.85,0
2025-12-27,S02,P112,6,127.75,0
2025-12-27,S02,P116,10,373.03,0
2025-12-27,S05,P024,12,475.23,0
2025-12-27,S05,P025,5,419.02,0
2025-12-27,S05,P037,6,61.32,0
2025-12-27,S05,P041,7,178.85,0
2025-12-27,S05,P054,3,173.74,0
2025-12-27,S05,P057,6,122.64,0
2025-12-27,S05,P066,0,352.59,0
2025-12-27,S05,P074,7,168.63,0
2025-12-27,S05,P076,0,153.3,5
2025-12-27,S05,P082,0,209.51,0
2025-12-27,S05,P088,5,235.06,0
2025-12-27,S05,P099,7,35.77,0
2025-12-27,S05,P100,6,178.85,0
2025-12-27,S05,P112,8,127.75,0
2025-12-27,S05,P116,10,373.03,0
2025-12-27,S06,P024,8,475.23,0
2025-12-27,S06,P025,0,419.02,0
2025-12-27,S06,P037,5,61.32,0
2025-12-27,S06,P041,4,178.85,0
2025-12-27,S06,P054,4,173.74,0
2025-12-27,S06,P057,2,122.64,0
2025-12-27,S06,P066,3,352.59,0
2025-12-27,S06,P074,3,168.63,0
2025-12-27,S06,P076,15,153.3,0
2025-12-27,S06,P082,2,209.51,0
2025-12-27,S06,P088,5,235.06,0
2025-12-27,S06,P099,3,35.77,0
2025-12-27,S06,P100,4,178.85,0
2025-12-27,S06,P112,14,127.75,25
2025-12-27,S06,P116,4,373.03,0
2025-12-27,S08,P024,0,475.23,0
2025-12-27,S08,P025,4,419.02,0
2025-12-27,S08,P037,9,61.32,20
2025-12-27,S08,P041,6,178.85,0
2025-12-27,S08,P054,4,173.74,0
2025-12-27,S08,P057,10,122.64,0
2025-12-27,S08,P066,0,352.59,0
2025-12-27,S08,P074,6,168.63,0
2025-12-27,S08,P076,0,153.3,0
2025-12-27,S08,P082,12,209.51,0
2025-12-27,S08,P088,9,235.06,0
2025-12-27,S08,P099,1,35.77,0
2025-12-27,S08,P100,10,178.85,0
2025-12-27,S08,P112,14,127.75,0
2025-12-27,S08,P116,14,373.03,0
2025-12-28,S01,P024,13,475.23,0
2025-12-28,S01,P025,3,419.02,0
2025-12-28,S01,P037,7,61.32,0
2025-12-28,S01,P041,8,178.85,0
2025-12-28,S01,P054,6,173.74,0
2025-12-28,S01,P057,14,122.64,0
2025-12-28,S01,P066,4,352.59,0
2025-12-28,S01,P074,3,168.63,0
2025-12-28,S01,P076,24,153.3,0
2025-12-28,S01,P082,0,209.51,0
2025-12-28,S01,P088,4,235.06,0
2025-12-28,S01,P099,9,35.77,0
2025-12-28,S01,P100,4,178.85,0
2025-12-28,S01,P112,15,127.75,0
2025-12-28,S01,P116,6,373.03,0
2025-12-28,S02,P024,5,475.23,0
2025-12-28,S02,P025,1,419.02,0
2025-12-28,S02,P037,2,61.32,0
2025-12-28,S02,P041,2,178.85,0
2025-12-28,S02,P054,1,173.74,0
2025-12-28,S02,P057,4,122.64,0
2025-12-28,S02,P066,2,352.59,0
2025-12-28,S02,P074,2,168.63,0
2025-12-28,S02,P076,16,153.3,0
2025-12-28,S02,P082,3,209.51,0
2025-12-28,S02,P088,5,235.06,0
2025-12-28,S02,P099,5,35.77,15
2025-12-28,S02,P100,3,178.85,0
2025-12-28,S02,P112,2,127.75,0
2025-12-28,S02,P116,5,373.03,0
2025-12-28,S05,P024,10,475.23,0
2025-12-28,S05,P025,2,419.02,0
2025-12-28,S05,P037,2,61.32,0
2025-12-28,S05,P041,7,178.85,0
2025-12-28,S05,P054,7,173.74,25
2025-12-28,S05,P057,6,122.64,0
2025-12-28,S05,P066,0,352.59,0
2025-12-28,S05,P074,5,168.63,0
2025-12-28,S05,P076,0,153.3,0
2025-12-28,S05,P082,2,209.51,0
2025-12-28,S05,P088,7,235.06,0
2025-12-28,S05,P099,8,35.77,0
2025-12-28,S05,P100,4,178.85,0
2025-12-28,S05,P112,5,127.75,0
2025-12-28,S05,P116,9,373.03,0
2025-12-28,S06,P024,10,475.23,0
2025-12-28,S06,P025,2,419.02,0
2025-12-28,S06,P037,4,61.32,0
2025-12-28,S06,P041,1,178.85,0
2025-12-28,S06,P054,4,173.74,0
2025-12-28,S06,P057,1,122.64,0
2025-12-28,S06,P066,0,352.59,0
2025-12-28,S06,P074,7,168.63,5
2025-12-28,S06,P076,11,153.3,0
2025-12-28,S06,P082,1,209.51,0
2025-12-28,S06,P088,3,235.06,0
2025-12-28,S06,P099,4,35.77,0
2025-12-28,S06,P100,1,178.85,0
2025-12-28,S06,P112,9,127.75,0
2025-12-28,S06,P116,3,373.03,0
2025-12-28,S08,P024,10,475.23,0
2025-12-28,S08,P025,3,419.02,0
2025-12-28,S08,P037,8,61.32,0
2025-12-28,S08,P041,3,178.85,0
2025-12-28,S08,P054,7,173.74,0
2025-12-28,S08,P057,5,122.64,15
2025-12-28,S08,P066,0,352.59,0
2025-12-28,S08,P074,4,168.63,0
2025-12-28,S08,P076,0,153.3,0
2025-12-28,S08,P082,3,209.51,0
2025-12-28,S08,P088,2,235.06,0
2025-12-28,S08,P099,3,35.77,0
2025-12-28,S08,P100,4,178.85,0
2025-12-28,S08,P112,8,127.75,0
2025-12-28,S08,P116,15,373.03,0
2025-12-29,S01,P024,5,475.23,0
2025-12-29,S01,P025,6,419.02,0
2025-12-29,S01,P037,1,61.32,0
2025-12-29,S01,P041,1,178.85,0
2025-12-29,S01,P054,2,173.74,0
2025-12-29,S01,P057,4,122.64,0
2025-12-29,S01,P066,4,352.59,0
2025-12-29,S01,P074,4,168.63,0
2025-12-29,S01,P076,23,153.3,0
2025-12-29,S01,P082,0,209.51,5
2025-12-29,S01,P088,5,235.06,0
2025-12-29,S01,P099,5,35.77,0
2025-12-29,S01,P100,0,178.85,0
2025-12-29,S01,P112,7,127.75,0
2025-12-29,S01,P116,8,373.03,0
2025-12-29,S02,P024,8,475.23,0
2025-12-29,S02,P025,1,419.02,0
2025-12-29,S02,P037,3,61.32,0
2025-12-29,S02,P041,1,178.85,0
2025-12-29,S02,P054,3,173.74,0
2025-12-29,S02,P057,1,122.64,0
2025-12-29,S02,P066,0,352.59,0
2025-12-29,S02,P074,0,168.63,0
2025-12-29,S02,P076,7,153.3,0
2025-12-29,S02,P082,2,209.51,0
2025-12-29,S02,P088,4,235.06,0
2025-12-29,S02,P099,4,35.77,0
2025-12-29,S02,P100,0,178.85,0
2025-12-29,S02,P112,3,127.75,0
2025-12-29,S02,P116,7,373.03,0
2025-12-29,S05,P024,7,475.23,0
2025-12-29,S05,P025,2,419.02,0
2025-12-29,S05,P037,4,61.32,0
2025-12-29,S05,P041,6,178.85,0
2025-12-29,S05,P054,7,173.74,0
2025-12-29,S05,P057,7,122.64,0
2025-12-29,S05,P066,1,352.59,0
2025-12-29,S05,P074,3,168.63,0
2025-12-29,S05,P076,0,153.3,0
2025-12-29,S05,P082,2,209.51,0
2025-12-29,S05,P088,5,235.06,0
2025-12-29,S05,P099,8,35.77,0
2025-12-29,S05,P100,5,178.85,0
2025-12-29,S05,P112,6,127.75,0
2025-12-29,S05,P116,4,373.03,0
2025-12-29,S06,P024,7,475.23,0
2025-12-29,S06,P025,1,419.02,0
2025-12-29,S06,P037,3,61.32,0
2025-12-29,S06,P041,1,178.85,0
2025-12-29,S06,P054,2,173.74,0
2025-12-29,S06,P057,0,122.64,0
2025-12-29,S06,P066,0,352.59,0
2025-12-29,S06,P074,3,168.63,0
2025-12-29,S06,P076,6,153.3,0
2025-12-29,S06,P082,4,209.51,0
2025-12-29,S06,P088,4,235.06,0
2025-12-29,S06,P099,1,35.77,0
2025-12-29,S06,P100,1,178.85,0
2025-12-29,S06,P112,4,127.75,0
2025-12-29,S06,P116,2,373.03,0
2025-12-29,S08,P024,9,475.23,0
2025-12-29,S08,P025,1,419.02,0
2025-12-29,S08,P037,7,61.32,0
2025-12-29,S08,P041,5,178.85,0
2025-12-29,S08,P054,7,173.74,15
2025-12-29,S08,P057,10,122.64,0
2025-12-29,S08,P066,0,352.59,0
2025-12-29,S08,P074,6,168.63,0
2025-12-29,S08,P076,0,153.3,0
2025-12-29,S08,P082,4,209.51,0
2025-12-29,S08,P088,4,235.06,0
2025-12-29,S08,P099,0,35.77,0
2025-12-29,S08,P100,3,178.85,0
2025-12-29,S08,P112,6,127.75,0
2025-12-29,S08,P116,4,373.03,0
